wallets,n_wallets,bet_size,peak_concurrent,peak_capital,fits_bankroll,total_trades,active_weeks,timespan_weeks,weekly_mean,weekly_time_avg,weekly_median,weekly_p25,weekly_p75,weekly_min,weekly_max,pct_profitable_weeks,total_pnl
"('0x1cc16713196d456f86fa9c7387dd326a7f73b8df',)",1,50,37,1850,True,733,54,103.0,522.19,273.77,86.29,-91.65,429.64,-470.07,9060.65,55.6,28198.31
"('0x23c8a4c266d10ba5846837eac391fea89ed6f293',)",1,100,12,1200,True,276,28,29.3,135.38,129.44,45.47,-236.26,495.32,-1066.26,1289.31,50.0,3790.68
"('0x39d3c773be30fcc73161fc6768f46d563a779ef0',)",1,65,30,1950,True,195,21,22.4,255.68,239.4,31.1,-32.22,319.09,-471.06,2364.49,57.1,5369.35
"('0x3dfb153c197d4c19d3b31c1ecd2c7b6860eeabaf',)",1,25,74,1850,True,703,14,71.4,-31.22,-6.12,4.05,-151.35,186.23,-1205.43,724.06,50.0,-437.01
"('0x412fe1a101554f0b382181c3af932e4b2d8030fa',)",1,100,8,800,True,466,31,30.0,399.32,412.63,286.71,-14.52,614.03,-845.32,4123.41,74.2,12378.88
"('0x87da2f16cf98af9b3e2f6ba6d9c4c470815b53d1',)",1,85,23,1955,True,1609,22,22.1,161.86,160.82,-332.99,-713.61,1072.55,-3513.0,4450.5,45.5,3560.97
"('0xc8ec6d4cef5c5fe8409ef69303c37f05b678e8f1',)",1,90,22,1980,True,187,32,70.7,348.3,157.61,187.39,72.67,640.58,-593.56,2383.73,81.2,11145.54
"('0xfbf3d501e88815464642d0e913f15379c3eeb218',)",1,70,28,1960,True,810,34,94.0,542.64,196.28,228.22,-102.61,684.36,-2021.79,6319.05,67.6,18449.88
"('0x567464a8b6b5794c43282c4a9274e12b48ba8b14',)",1,40,49,1960,True,606,17,97.3,701.54,122.59,597.19,-10.39,1039.11,-700.68,2744.23,64.7,11926.1
"('0x9d9346b36bfacf6858ae06c7401a72ad09162cf1',)",1,100,7,700,True,548,26,26.1,115.91,115.27,22.39,-344.03,329.27,-1462.38,3233.96,50.0,3013.6
"('0x5c6940cefe1dc0cbcc859b62997cc749baa751ca',)",1,100,13,1300,True,214,36,58.3,201.55,124.49,-9.65,-242.05,349.39,-854.41,2325.19,47.2,7255.82
"('0x1cc16713196d456f86fa9c7387dd326a7f73b8df', '0x23c8a4c266d10ba5846837eac391fea89ed6f293')",2,50,37,1850,True,1009,69,104.0,436.14,289.36,98.56,-127.71,408.26,-533.13,8944.27,58.0,30093.65
"('0x1cc16713196d456f86fa9c7387dd326a7f73b8df', '0x39d3c773be30fcc73161fc6768f46d563a779ef0')",2,35,55,1925,True,928,63,103.0,359.21,219.71,48.02,-48.56,316.83,-329.05,6326.94,57.1,22630.01
"('0x1cc16713196d456f86fa9c7387dd326a7f73b8df', '0x3dfb153c197d4c19d3b31c1ecd2c7b6860eeabaf')",2,25,77,1925,True,1436,61,103.7,223.97,131.73,44.8,-47.84,231.17,-1205.43,4530.33,55.7,13662.15
"('0x1cc16713196d456f86fa9c7387dd326a7f73b8df', '0x412fe1a101554f0b382181c3af932e4b2d8030fa')",2,50,37,1850,True,1199,70,103.7,491.25,331.56,152.78,-68.87,453.39,-470.07,9316.06,62.9,34387.75
"('0x1cc16713196d456f86fa9c7387dd326a7f73b8df', '0x87da2f16cf98af9b3e2f6ba6d9c4c470815b53d1')",2,50,39,1950,True,2342,62,104.6,488.6,289.69,111.01,-196.2,708.41,-2162.14,9060.65,54.8,30293.0
"('0x1cc16713196d456f86fa9c7387dd326a7f73b8df', '0xc8ec6d4cef5c5fe8409ef69303c37f05b678e8f1')",2,40,49,1960,True,920,70,103.6,393.03,265.64,109.22,-44.95,388.37,-376.06,7248.52,64.3,27512.22
"('0x1cc16713196d456f86fa9c7387dd326a7f73b8df', '0xfbf3d501e88815464642d0e913f15379c3eeb218')",2,50,37,1850,True,1543,68,103.3,608.48,400.61,205.57,-88.95,727.51,-1444.14,9736.34,63.2,41376.8
"('0x1cc16713196d456f86fa9c7387dd326a7f73b8df', '0x567464a8b6b5794c43282c4a9274e12b48ba8b14')",2,40,49,1960,True,1339,60,104.6,574.75,329.77,183.29,-60.7,797.82,-702.0,9992.76,61.7,34484.75
"('0x1cc16713196d456f86fa9c7387dd326a7f73b8df', '0x9d9346b36bfacf6858ae06c7401a72ad09162cf1')",2,50,37,1850,True,1281,65,104.7,457.0,283.68,68.6,-102.55,412.2,-732.84,10677.63,55.4,29705.11
"('0x1cc16713196d456f86fa9c7387dd326a7f73b8df', '0x5c6940cefe1dc0cbcc859b62997cc749baa751ca')",2,50,37,1850,True,947,75,104.4,424.35,304.77,61.39,-92.67,388.15,-506.77,9880.3,54.7,31826.22
"('0x23c8a4c266d10ba5846837eac391fea89ed6f293', '0x39d3c773be30fcc73161fc6768f46d563a779ef0')",2,65,30,1950,True,471,29,29.3,270.11,267.48,71.87,-180.12,610.39,-693.07,2299.97,51.7,7833.29
"('0x23c8a4c266d10ba5846837eac391fea89ed6f293', '0x3dfb153c197d4c19d3b31c1ecd2c7b6860eeabaf')",2,25,74,1850,True,979,32,71.7,15.96,7.12,-23.88,-72.85,125.1,-1084.65,901.64,43.8,510.66
"('0x23c8a4c266d10ba5846837eac391fea89ed6f293', '0x412fe1a101554f0b382181c3af932e4b2d8030fa')",2,100,12,1200,True,742,32,30.3,505.3,533.9,410.21,-107.12,1005.48,-1293.33,4123.41,71.9,16169.56
"('0x23c8a4c266d10ba5846837eac391fea89ed6f293', '0x87da2f16cf98af9b3e2f6ba6d9c4c470815b53d1')",2,80,24,1920,True,1885,31,29.9,205.94,213.82,-105.47,-460.29,847.67,-3395.64,4058.08,48.4,6384.05
"('0x23c8a4c266d10ba5846837eac391fea89ed6f293', '0xc8ec6d4cef5c5fe8409ef69303c37f05b678e8f1')",2,80,24,1920,True,463,39,71.3,331.79,181.52,168.89,-60.74,716.28,-672.75,2118.87,69.2,12939.69
"('0x23c8a4c266d10ba5846837eac391fea89ed6f293', '0xfbf3d501e88815464642d0e913f15379c3eeb218')",2,70,28,1960,True,1086,36,94.7,586.2,222.81,146.06,-146.85,887.35,-2768.18,6890.61,58.3,21103.36
"('0x23c8a4c266d10ba5846837eac391fea89ed6f293', '0x567464a8b6b5794c43282c4a9274e12b48ba8b14')",2,40,50,2000,True,882,31,97.3,433.62,138.17,193.24,-46.22,786.04,-591.19,2651.13,61.3,13442.37
"('0x23c8a4c266d10ba5846837eac391fea89ed6f293', '0x9d9346b36bfacf6858ae06c7401a72ad09162cf1')",2,100,12,1200,True,824,31,30.0,219.49,226.81,19.19,-409.1,620.03,-1188.63,3001.2,54.8,6804.29
"('0x23c8a4c266d10ba5846837eac391fea89ed6f293', '0x5c6940cefe1dc0cbcc859b62997cc749baa751ca')",2,100,13,1300,True,490,40,58.3,276.16,189.52,-9.65,-255.75,721.03,-1017.69,2624.77,47.5,11046.5
"('0x39d3c773be30fcc73161fc6768f46d563a779ef0', '0x3dfb153c197d4c19d3b31c1ecd2c7b6860eeabaf')",2,25,74,1850,True,898,26,71.4,62.62,22.79,9.83,-64.38,181.14,-1082.7,711.66,53.8,1628.12
"('0x39d3c773be30fcc73161fc6768f46d563a779ef0', '0x412fe1a101554f0b382181c3af932e4b2d8030fa')",2,65,30,1950,True,661,31,30.0,432.76,447.19,244.37,-6.65,757.12,-844.35,2752.08,71.0,13415.62
"('0x39d3c773be30fcc73161fc6768f46d563a779ef0', '0x87da2f16cf98af9b3e2f6ba6d9c4c470815b53d1')",2,60,31,1860,True,1804,26,24.9,287.31,300.52,-223.56,-490.49,855.61,-2451.06,4156.78,42.3,7469.95
"('0x39d3c773be30fcc73161fc6768f46d563a779ef0', '0xc8ec6d4cef5c5fe8409ef69303c37f05b678e8f1')",2,35,52,1820,True,382,38,70.7,190.15,102.18,71.09,-3.87,332.36,-251.68,1326.18,71.1,7225.56
"('0x39d3c773be30fcc73161fc6768f46d563a779ef0', '0xfbf3d501e88815464642d0e913f15379c3eeb218')",2,65,30,1950,True,1005,36,94.0,625.04,239.38,195.22,-38.02,933.88,-1877.38,5939.81,69.4,22501.39
"('0x39d3c773be30fcc73161fc6768f46d563a779ef0', '0x567464a8b6b5794c43282c4a9274e12b48ba8b14')",2,35,53,1855,True,801,26,97.3,512.56,136.98,328.41,-8.65,819.74,-866.75,2385.68,69.2,13326.52
"('0x39d3c773be30fcc73161fc6768f46d563a779ef0', '0x9d9346b36bfacf6858ae06c7401a72ad09162cf1')",2,65,30,1950,True,743,27,26.1,271.41,280.31,164.77,-203.64,710.35,-1421.61,2490.6,59.3,7328.19
"('0x39d3c773be30fcc73161fc6768f46d563a779ef0', '0x5c6940cefe1dc0cbcc859b62997cc749baa751ca')",2,60,33,1980,True,409,39,58.3,238.71,159.73,-5.36,-124.36,477.24,-431.45,2072.56,48.7,9309.81
"('0x3dfb153c197d4c19d3b31c1ecd2c7b6860eeabaf', '0x412fe1a101554f0b382181c3af932e4b2d8030fa')",2,25,74,1850,True,1169,32,71.4,83.05,37.21,87.55,-107.51,239.2,-1133.75,976.01,59.4,2657.71
"('0x3dfb153c197d4c19d3b31c1ecd2c7b6860eeabaf', '0x87da2f16cf98af9b3e2f6ba6d9c4c470815b53d1')",2,25,74,1850,True,2312,23,72.3,26.54,8.44,-11.57,-299.64,410.68,-1514.37,1308.97,47.8,610.33
"('0x3dfb153c197d4c19d3b31c1ecd2c7b6860eeabaf', '0xc8ec6d4cef5c5fe8409ef69303c37f05b678e8f1')",2,25,78,1950,True,890,34,71.4,78.21,37.23,67.14,11.7,237.4,-1370.3,662.15,76.5,2658.97
"('0x3dfb153c197d4c19d3b31c1ecd2c7b6860eeabaf', '0xfbf3d501e88815464642d0e913f15379c3eeb218')",2,25,74,1850,True,1513,37,94.4,166.28,65.15,41.7,-67.99,337.84,-999.35,2094.88,59.5,6152.23
"('0x3dfb153c197d4c19d3b31c1ecd2c7b6860eeabaf', '0x567464a8b6b5794c43282c4a9274e12b48ba8b14')",2,25,74,1850,True,1309,31,97.3,226.35,72.13,113.59,-87.24,492.89,-1205.43,1715.15,58.1,7016.8
"('0x3dfb153c197d4c19d3b31c1ecd2c7b6860eeabaf', '0x9d9346b36bfacf6858ae06c7401a72ad09162cf1')",2,25,74,1850,True,1251,28,72.4,11.3,4.37,-20.6,-125.26,184.01,-999.32,811.94,46.4,316.39
"('0x3dfb153c197d4c19d3b31c1ecd2c7b6860eeabaf', '0x5c6940cefe1dc0cbcc859b62997cc749baa751ca')",2,25,79,1975,True,917,39,72.1,35.31,19.09,32.38,-78.21,185.12,-1272.58,878.31,51.3,1376.94
"('0x412fe1a101554f0b382181c3af932e4b2d8030fa', '0x87da2f16cf98af9b3e2f6ba6d9c4c470815b53d1')",2,70,28,1960,True,2075,32,30.9,362.43,375.85,207.9,-330.81,838.62,-2579.95,4467.88,53.1,11597.78
"('0x412fe1a101554f0b382181c3af932e4b2d8030fa', '0xc8ec6d4cef5c5fe8409ef69303c37f05b678e8f1')",2,80,24,1920,True,653,40,71.0,495.26,279.02,292.33,111.28,771.81,-573.11,3224.5,90.0,19810.25
"('0x412fe1a101554f0b382181c3af932e4b2d8030fa', '0xfbf3d501e88815464642d0e913f15379c3eeb218')",2,70,28,1960,True,1276,37,94.4,732.84,287.15,431.45,-43.46,990.79,-2128.25,6284.14,73.0,27115.1
"('0x412fe1a101554f0b382181c3af932e4b2d8030fa', '0x567464a8b6b5794c43282c4a9274e12b48ba8b14')",2,35,51,1785,True,1072,35,97.3,421.94,151.8,177.31,-8.2,666.12,-808.79,2579.99,71.4,14767.94
"('0x412fe1a101554f0b382181c3af932e4b2d8030fa', '0x9d9346b36bfacf6858ae06c7401a72ad09162cf1')",2,100,8,800,True,1014,32,30.9,481.02,498.83,321.41,-213.12,770.09,-2021.5,4372.64,59.4,15392.48
"('0x412fe1a101554f0b382181c3af932e4b2d8030fa', '0x5c6940cefe1dc0cbcc859b62997cc749baa751ca')",2,100,17,1700,True,680,40,58.3,490.87,336.87,135.41,-127.55,813.13,-845.32,3613.53,60.0,19634.7
"('0x87da2f16cf98af9b3e2f6ba6d9c4c470815b53d1', '0xc8ec6d4cef5c5fe8409ef69303c37f05b678e8f1')",2,70,28,1960,True,1796,37,71.7,313.55,161.77,207.32,-145.57,777.02,-2893.06,3738.07,67.6,11601.32
"('0x87da2f16cf98af9b3e2f6ba6d9c4c470815b53d1', '0xfbf3d501e88815464642d0e913f15379c3eeb218')",2,65,29,1885,True,2419,37,95.3,536.63,208.37,201.69,-206.09,929.01,-2674.83,5549.23,62.2,19855.13
"('0x567464a8b6b5794c43282c4a9274e12b48ba8b14', '0x87da2f16cf98af9b3e2f6ba6d9c4c470815b53d1')",2,40,49,1960,True,2215,30,97.3,453.39,139.81,208.34,-301.21,1115.69,-1071.59,2814.22,53.3,13601.85
"('0x87da2f16cf98af9b3e2f6ba6d9c4c470815b53d1', '0x9d9346b36bfacf6858ae06c7401a72ad09162cf1')",2,85,23,1955,True,2157,27,26.1,226.76,234.2,48.68,-828.03,1043.65,-3908.97,4439.87,55.6,6122.53
"('0x5c6940cefe1dc0cbcc859b62997cc749baa751ca', '0x87da2f16cf98af9b3e2f6ba6d9c4c470815b53d1')",2,80,25,2000,True,1823,38,58.6,240.95,156.32,-26.77,-312.27,498.32,-2289.38,4193.53,39.5,9156.16
"('0xc8ec6d4cef5c5fe8409ef69303c37f05b678e8f1', '0xfbf3d501e88815464642d0e913f15379c3eeb218')",2,65,30,1950,True,997,46,94.3,547.43,267.08,152.53,-49.19,903.62,-1730.92,6041.81,71.7,25181.59
"('0x567464a8b6b5794c43282c4a9274e12b48ba8b14', '0xc8ec6d4cef5c5fe8409ef69303c37f05b678e8f1')",2,40,49,1960,True,793,41,97.3,411.7,173.51,111.3,-9.72,581.58,-427.81,2744.23,73.2,16879.67
"('0x9d9346b36bfacf6858ae06c7401a72ad09162cf1', '0xc8ec6d4cef5c5fe8409ef69303c37f05b678e8f1')",2,85,23,1955,True,735,41,71.9,319.22,182.14,191.52,-85.48,568.36,-663.16,2748.86,70.7,13087.9
"('0x5c6940cefe1dc0cbcc859b62997cc749baa751ca', '0xc8ec6d4cef5c5fe8409ef69303c37f05b678e8f1')",2,75,26,1950,True,401,46,71.6,320.21,205.81,187.3,-26.32,574.14,-696.11,2467.95,63.0,14729.81
"('0x567464a8b6b5794c43282c4a9274e12b48ba8b14', '0xfbf3d501e88815464642d0e913f15379c3eeb218')",2,30,59,1770,True,1416,37,97.3,455.45,173.22,108.37,-36.32,608.15,-866.48,3677.38,62.2,16851.67
"('0x9d9346b36bfacf6858ae06c7401a72ad09162cf1', '0xfbf3d501e88815464642d0e913f15379c3eeb218')",2,70,28,1960,True,1358,36,95.3,571.09,215.77,252.65,-190.15,1047.11,-2021.79,5751.55,66.7,20559.41
"('0x5c6940cefe1dc0cbcc859b62997cc749baa751ca', '0xfbf3d501e88815464642d0e913f15379c3eeb218')",2,65,29,1885,True,1024,45,95.0,485.52,229.98,61.4,-100.81,789.61,-1783.99,5916.46,55.6,21848.32
"('0x567464a8b6b5794c43282c4a9274e12b48ba8b14', '0x9d9346b36bfacf6858ae06c7401a72ad09162cf1')",2,35,52,1820,True,1154,29,97.4,396.21,117.93,123.04,-48.46,646.54,-1124.93,3533.09,65.5,11490.1
"('0x567464a8b6b5794c43282c4a9274e12b48ba8b14', '0x5c6940cefe1dc0cbcc859b62997cc749baa751ca')",2,35,51,1785,True,820,40,97.3,324.37,133.37,-3.38,-84.72,431.88,-531.15,2974.96,47.5,12974.87
"('0x5c6940cefe1dc0cbcc859b62997cc749baa751ca', '0x9d9346b36bfacf6858ae06c7401a72ad09162cf1')",2,100,13,1300,True,762,39,58.6,263.32,175.33,-10.35,-243.04,377.91,-1228.24,4873.26,46.2,10269.42
"('0x1cc16713196d456f86fa9c7387dd326a7f73b8df', '0x39d3c773be30fcc73161fc6768f46d563a779ef0', '0x412fe1a101554f0b382181c3af932e4b2d8030fa')",3,35,55,1925,True,1394,70,103.7,385.18,259.97,118.96,-48.21,385.58,-454.65,6505.72,62.9,26962.61
"('0x1cc16713196d456f86fa9c7387dd326a7f73b8df', '0x412fe1a101554f0b382181c3af932e4b2d8030fa', '0xfbf3d501e88815464642d0e913f15379c3eeb218')",3,50,37,1850,True,2009,70,103.7,679.52,458.63,258.02,-64.36,682.85,-1520.18,9991.74,67.1,47566.24
"('0x1cc16713196d456f86fa9c7387dd326a7f73b8df', '0x412fe1a101554f0b382181c3af932e4b2d8030fa', '0x87da2f16cf98af9b3e2f6ba6d9c4c470815b53d1')",3,50,40,2000,True,2808,71,104.6,513.84,348.88,123.46,-155.44,634.51,-1938.5,9316.06,54.9,36482.44
"('0x1cc16713196d456f86fa9c7387dd326a7f73b8df', '0x412fe1a101554f0b382181c3af932e4b2d8030fa', '0xc8ec6d4cef5c5fe8409ef69303c37f05b678e8f1')",3,40,49,1960,True,1386,74,103.7,438.7,313.01,172.08,-37.84,418.95,-376.06,7452.85,71.6,32463.77
"('0x1cc16713196d456f86fa9c7387dd326a7f73b8df', '0x23c8a4c266d10ba5846837eac391fea89ed6f293', '0x412fe1a101554f0b382181c3af932e4b2d8030fa')",3,50,37,1850,True,1475,71,104.0,511.03,348.88,230.52,-86.03,438.76,-646.67,9199.68,63.4,36283.09
"('0x1cc16713196d456f86fa9c7387dd326a7f73b8df', '0x412fe1a101554f0b382181c3af932e4b2d8030fa', '0x5c6940cefe1dc0cbcc859b62997cc749baa751ca')",3,50,37,1850,True,1413,79,104.4,481.21,364.04,98.56,-112.53,459.62,-470.07,10135.71,58.2,38015.66
"('0x1cc16713196d456f86fa9c7387dd326a7f73b8df', '0x412fe1a101554f0b382181c3af932e4b2d8030fa', '0x567464a8b6b5794c43282c4a9274e12b48ba8b14')",3,35,51,1785,True,1805,72,104.6,479.26,329.98,160.38,-43.16,602.19,-809.95,8922.45,63.9,34506.76
"('0x1cc16713196d456f86fa9c7387dd326a7f73b8df', '0x412fe1a101554f0b382181c3af932e4b2d8030fa', '0x9d9346b36bfacf6858ae06c7401a72ad09162cf1')",3,50,37,1850,True,1747,71,104.7,505.56,342.79,149.99,-121.37,499.52,-1012.4,10933.04,59.2,35894.55
"('0x1cc16713196d456f86fa9c7387dd326a7f73b8df', '0x3dfb153c197d4c19d3b31c1ecd2c7b6860eeabaf', '0x412fe1a101554f0b382181c3af932e4b2d8030fa')",3,25,77,1925,True,1902,70,103.7,239.38,161.57,72.55,-70.34,242.98,-1133.75,4658.03,60.0,16756.86
"('0x39d3c773be30fcc73161fc6768f46d563a779ef0', '0x412fe1a101554f0b382181c3af932e4b2d8030fa', '0xfbf3d501e88815464642d0e913f15379c3eeb218')",3,65,30,1950,True,1471,37,94.4,825.61,323.5,584.3,-62.28,1258.87,-1976.23,5907.4,70.3,30547.66
"('0x39d3c773be30fcc73161fc6768f46d563a779ef0', '0x412fe1a101554f0b382181c3af932e4b2d8030fa', '0x87da2f16cf98af9b3e2f6ba6d9c4c470815b53d1')",3,60,31,1860,True,2270,32,30.9,465.54,482.78,171.2,-278.34,1094.86,-2182.68,4844.86,53.1,14897.28
"('0x39d3c773be30fcc73161fc6768f46d563a779ef0', '0x412fe1a101554f0b382181c3af932e4b2d8030fa', '0xc8ec6d4cef5c5fe8409ef69303c37f05b678e8f1')",3,35,52,1820,True,848,40,71.0,288.95,162.79,124.9,40.7,499.53,-454.65,1449.41,90.0,11558.17
"('0x23c8a4c266d10ba5846837eac391fea89ed6f293', '0x39d3c773be30fcc73161fc6768f46d563a779ef0', '0x412fe1a101554f0b382181c3af932e4b2d8030fa')",3,65,30,1950,True,937,32,30.3,496.24,524.33,267.22,-69.63,1009.19,-840.66,2752.08,68.8,15879.57
"('0x39d3c773be30fcc73161fc6768f46d563a779ef0', '0x412fe1a101554f0b382181c3af932e4b2d8030fa', '0x5c6940cefe1dc0cbcc859b62997cc749baa751ca')",3,60,33,1980,True,875,40,58.3,418.43,287.16,173.79,-76.53,1089.16,-629.82,2234.46,57.5,16737.14
"('0x39d3c773be30fcc73161fc6768f46d563a779ef0', '0x412fe1a101554f0b382181c3af932e4b2d8030fa', '0x567464a8b6b5794c43282c4a9274e12b48ba8b14')",3,35,57,1995,True,1267,35,97.3,504.55,181.52,311.44,-4.74,786.45,-1062.44,2564.47,71.4,17659.13
"('0x39d3c773be30fcc73161fc6768f46d563a779ef0', '0x412fe1a101554f0b382181c3af932e4b2d8030fa', '0x9d9346b36bfacf6858ae06c7401a72ad09162cf1')",3,65,30,1950,True,1209,32,30.9,480.45,498.25,249.04,-156.5,1117.65,-1785.04,2914.08,65.6,15374.46
"('0x39d3c773be30fcc73161fc6768f46d563a779ef0', '0x3dfb153c197d4c19d3b31c1ecd2c7b6860eeabaf', '0x412fe1a101554f0b382181c3af932e4b2d8030fa')",3,25,74,1850,True,1364,32,71.4,147.59,66.12,115.04,-61.59,323.81,-1011.02,1003.65,62.5,4722.84
"('0x412fe1a101554f0b382181c3af932e4b2d8030fa', '0x87da2f16cf98af9b3e2f6ba6d9c4c470815b53d1', '0xfbf3d501e88815464642d0e913f15379c3eeb218')",3,65,29,1885,True,2885,38,95.3,734.25,292.82,451.92,-185.09,1276.08,-2384.09,5516.81,60.5,27901.4
"('0x412fe1a101554f0b382181c3af932e4b2d8030fa', '0xc8ec6d4cef5c5fe8409ef69303c37f05b678e8f1', '0xfbf3d501e88815464642d0e913f15379c3eeb218')",3,65,30,1950,True,1463,46,94.4,722.34,351.88,326.11,109.5,1166.6,-1829.78,6009.39,82.6,33227.86
"('0x23c8a4c266d10ba5846837eac391fea89ed6f293', '0x412fe1a101554f0b382181c3af932e4b2d8030fa', '0xfbf3d501e88815464642d0e913f15379c3eeb218')",3,70,28,1960,True,1552,38,94.7,783.38,314.3,374.75,-89.75,1312.69,-2874.63,6855.7,71.1,29768.58
"('0x412fe1a101554f0b382181c3af932e4b2d8030fa', '0x5c6940cefe1dc0cbcc859b62997cc749baa751ca', '0xfbf3d501e88815464642d0e913f15379c3eeb218')",3,65,29,1885,True,1490,46,95.0,649.88,314.68,291.66,-131.62,1240.42,-1882.84,5884.05,58.7,29894.59
"('0x412fe1a101554f0b382181c3af932e4b2d8030fa', '0x567464a8b6b5794c43282c4a9274e12b48ba8b14', '0xfbf3d501e88815464642d0e913f15379c3eeb218')",3,30,59,1770,True,1882,40,97.3,514.13,211.39,290.71,-21.16,610.02,-912.11,3830.91,67.5,20565.33
"('0x412fe1a101554f0b382181c3af932e4b2d8030fa', '0x9d9346b36bfacf6858ae06c7401a72ad09162cf1', '0xfbf3d501e88815464642d0e913f15379c3eeb218')",3,70,28,1960,True,1824,38,95.3,769.07,306.71,480.23,-118.78,1313.51,-2128.25,5716.64,63.2,29224.62
"('0x3dfb153c197d4c19d3b31c1ecd2c7b6860eeabaf', '0x412fe1a101554f0b382181c3af932e4b2d8030fa', '0xfbf3d501e88815464642d0e913f15379c3eeb218')",3,25,74,1850,True,1979,38,94.4,243.34,97.93,145.81,-59.68,468.19,-927.68,2082.41,63.2,9246.95
"('0x412fe1a101554f0b382181c3af932e4b2d8030fa', '0x87da2f16cf98af9b3e2f6ba6d9c4c470815b53d1', '0xc8ec6d4cef5c5fe8409ef69303c37f05b678e8f1')",3,70,28,1960,True,2262,41,71.7,494.31,282.6,227.1,-124.93,1000.47,-2579.95,4540.84,70.7,20266.53
"('0x23c8a4c266d10ba5846837eac391fea89ed6f293', '0x412fe1a101554f0b382181c3af932e4b2d8030fa', '0x87da2f16cf98af9b3e2f6ba6d9c4c470815b53d1')",3,65,29,1885,True,2351,32,30.9,413.54,428.86,180.3,-340.9,1128.59,-2468.22,4042.61,59.4,13233.31
"('0x412fe1a101554f0b382181c3af932e4b2d8030fa', '0x5c6940cefe1dc0cbcc859b62997cc749baa751ca', '0x87da2f16cf98af9b3e2f6ba6d9c4c470815b53d1')",3,70,28,1960,True,2289,40,58.6,416.92,284.73,-6.07,-279.39,733.32,-1690.1,3869.8,47.5,16676.85
"('0x412fe1a101554f0b382181c3af932e4b2d8030fa', '0x567464a8b6b5794c43282c4a9274e12b48ba8b14', '0x87da2f16cf98af9b3e2f6ba6d9c4c470815b53d1')",3,35,51,1785,True,2681,35,97.3,463.83,166.87,217.96,-152.86,979.26,-1063.01,2641.57,57.1,16234.22
"('0x412fe1a101554f0b382181c3af932e4b2d8030fa', '0x87da2f16cf98af9b3e2f6ba6d9c4c470815b53d1', '0x9d9346b36bfacf6858ae06c7401a72ad09162cf1')",3,70,28,1960,True,2623,32,30.9,428.35,444.22,87.95,-301.03,1119.51,-2906.04,4459.13,50.0,13707.3
"('0x3dfb153c197d4c19d3b31c1ecd2c7b6860eeabaf', '0x412fe1a101554f0b382181c3af932e4b2d8030fa', '0x87da2f16cf98af9b3e2f6ba6d9c4c470815b53d1')",3,25,74,1850,True,2778,33,72.3,112.27,51.26,93.99,-179.1,357.31,-1442.69,1595.67,54.5,3705.05
"('0x23c8a4c266d10ba5846837eac391fea89ed6f293', '0x412fe1a101554f0b382181c3af932e4b2d8030fa', '0xc8ec6d4cef5c5fe8409ef69303c37f05b678e8f1')",3,80,24,1920,True,929,41,71.3,557.14,320.44,282.97,115.55,879.89,-794.42,3224.5,85.4,22842.79
"('0x412fe1a101554f0b382181c3af932e4b2d8030fa', '0x5c6940cefe1dc0cbcc859b62997cc749baa751ca', '0xc8ec6d4cef5c5fe8409ef69303c37f05b678e8f1')",3,70,28,1960,True,867,47,71.6,476.87,313.16,247.6,9.09,726.93,-449.0,2464.52,74.5,22413.04
"('0x412fe1a101554f0b382181c3af932e4b2d8030fa', '0x567464a8b6b5794c43282c4a9274e12b48ba8b14', '0xc8ec6d4cef5c5fe8409ef69303c37f05b678e8f1')",3,35,51,1785,True,1259,43,97.3,444.24,196.35,142.11,44.67,704.97,-570.03,2579.99,86.0,19102.32
"('0x412fe1a101554f0b382181c3af932e4b2d8030fa', '0x9d9346b36bfacf6858ae06c7401a72ad09162cf1', '0xc8ec6d4cef5c5fe8409ef69303c37f05b678e8f1')",3,80,24,1920,True,1201,41,71.9,541.98,309.24,287.61,58.59,930.52,-1071.45,3423.88,78.0,22221.13
"('0x3dfb153c197d4c19d3b31c1ecd2c7b6860eeabaf', '0x412fe1a101554f0b382181c3af932e4b2d8030fa', '0xc8ec6d4cef5c5fe8409ef69303c37f05b678e8f1')",3,25,78,1950,True,1356,40,71.4,143.84,80.55,91.35,27.65,289.33,-1298.63,952.81,80.0,5753.69
"('0x23c8a4c266d10ba5846837eac391fea89ed6f293', '0x412fe1a101554f0b382181c3af932e4b2d8030fa', '0x5c6940cefe1dc0cbcc859b62997cc749baa751ca')",3,100,17,1700,True,956,40,58.3,585.63,401.91,438.1,-108.72,1092.98,-1293.33,3613.53,57.5,23425.38
"('0x23c8a4c266d10ba5846837eac391fea89ed6f293', '0x412fe1a101554f0b382181c3af932e4b2d8030fa', '0x567464a8b6b5794c43282c4a9274e12b48ba8b14')",3,35,52,1820,True,1348,35,97.3,459.85,165.44,311.29,-8.2,765.33,-712.98,2498.52,71.4,16094.68
"('0x23c8a4c266d10ba5846837eac391fea89ed6f293', '0x412fe1a101554f0b382181c3af932e4b2d8030fa', '0x9d9346b36bfacf6858ae06c7401a72ad09162cf1')",3,100,12,1200,True,1290,32,30.9,599.47,621.68,309.28,-262.2,1230.92,-1747.76,4372.64,59.4,19183.16
"('0x23c8a4c266d10ba5846837eac391fea89ed6f293', '0x3dfb153c197d4c19d3b31c1ecd2c7b6860eeabaf', '0x412fe1a101554f0b382181c3af932e4b2d8030fa')",3,25,74,1850,True,1445,33,71.7,109.25,50.27,69.51,-103.15,267.84,-1012.98,1136.49,60.6,3605.38
"('0x412fe1a101554f0b382181c3af932e4b2d8030fa', '0x567464a8b6b5794c43282c4a9274e12b48ba8b14', '0x5c6940cefe1dc0cbcc859b62997cc749baa751ca')",3,35,51,1785,True,1286,42,97.3,412.08,177.9,159.75,-23.29,599.91,-726.84,3153.74,61.9,17307.48
"('0x412fe1a101554f0b382181c3af932e4b2d8030fa', '0x5c6940cefe1dc0cbcc859b62997cc749baa751ca', '0x9d9346b36bfacf6858ae06c7401a72ad09162cf1')",3,100,17,1700,True,1228,40,58.6,566.21,386.68,199.53,-268.32,874.64,-1787.37,5384.07,55.0,22648.3
"('0x3dfb153c197d4c19d3b31c1ecd2c7b6860eeabaf', '0x412fe1a101554f0b382181c3af932e4b2d8030fa', '0x5c6940cefe1dc0cbcc859b62997cc749baa751ca')",3,25,79,1975,True,1383,41,72.1,109.06,61.98,7.88,-95.2,228.45,-1200.91,958.91,51.2,4471.66
"('0x412fe1a101554f0b382181c3af932e4b2d8030fa', '0x567464a8b6b5794c43282c4a9274e12b48ba8b14', '0x9d9346b36bfacf6858ae06c7401a72ad09162cf1')",3,35,54,1890,True,1620,35,97.4,452.08,162.4,202.24,-50.94,620.88,-1320.63,3711.87,65.7,15822.7
"('0x3dfb153c197d4c19d3b31c1ecd2c7b6860eeabaf', '0x412fe1a101554f0b382181c3af932e4b2d8030fa', '0x567464a8b6b5794c43282c4a9274e12b48ba8b14')",3,25,74,1850,True,1775,36,97.3,280.88,103.94,204.43,-103.82,511.45,-1133.75,1842.85,58.3,10111.52
"('0x3dfb153c197d4c19d3b31c1ecd2c7b6860eeabaf', '0x412fe1a101554f0b382181c3af932e4b2d8030fa', '0x9d9346b36bfacf6858ae06c7401a72ad09162cf1')",3,25,74,1850,True,1717,33,72.4,103.37,47.1,24.83,-123.28,283.58,-927.65,1046.79,51.5,3411.11
"('0x1cc16713196d456f86fa9c7387dd326a7f73b8df', '0x39d3c773be30fcc73161fc6768f46d563a779ef0', '0xfbf3d501e88815464642d0e913f15379c3eeb218')",3,35,55,1925,True,1738,69,103.3,461.67,308.42,126.44,-46.88,580.62,-1010.9,6799.92,63.8,31854.95
"('0x1cc16713196d456f86fa9c7387dd326a7f73b8df', '0x39d3c773be30fcc73161fc6768f46d563a779ef0', '0x87da2f16cf98af9b3e2f6ba6d9c4c470815b53d1')",3,35,56,1960,True,2537,65,104.6,370.71,230.43,68.99,-141.15,495.71,-1496.75,6326.94,53.8,24096.29
"('0x1cc16713196d456f86fa9c7387dd326a7f73b8df', '0x39d3c773be30fcc73161fc6768f46d563a779ef0', '0xc8ec6d4cef5c5fe8409ef69303c37f05b678e8f1')",3,25,77,1925,True,1115,73,103.6,263.84,185.96,64.08,-33.49,289.63,-235.04,4519.24,63.0,19260.27
"('0x1cc16713196d456f86fa9c7387dd326a7f73b8df', '0x23c8a4c266d10ba5846837eac391fea89ed6f293', '0x39d3c773be30fcc73161fc6768f46d563a779ef0')",3,35,55,1925,True,1204,69,104.0,347.2,230.35,86.42,-94.67,340.9,-373.19,6245.47,56.5,23956.75
"('0x1cc16713196d456f86fa9c7387dd326a7f73b8df', '0x39d3c773be30fcc73161fc6768f46d563a779ef0', '0x5c6940cefe1dc0cbcc859b62997cc749baa751ca')",3,30,58,1740,True,1142,78,104.4,276.59,206.59,39.0,-60.44,273.91,-282.04,5914.88,52.6,21573.89
"('0x1cc16713196d456f86fa9c7387dd326a7f73b8df', '0x39d3c773be30fcc73161fc6768f46d563a779ef0', '0x567464a8b6b5794c43282c4a9274e12b48ba8b14')",3,35,55,1925,True,1534,66,104.6,500.99,316.2,160.38,-39.33,706.02,-867.9,8728.14,62.1,33065.34
"('0x1cc16713196d456f86fa9c7387dd326a7f73b8df', '0x39d3c773be30fcc73161fc6768f46d563a779ef0', '0x9d9346b36bfacf6858ae06c7401a72ad09162cf1')",3,35,55,1925,True,1476,66,104.7,358.86,226.18,75.87,-74.51,355.75,-766.63,7458.82,57.6,23684.77
"('0x1cc16713196d456f86fa9c7387dd326a7f73b8df', '0x39d3c773be30fcc73161fc6768f46d563a779ef0', '0x3dfb153c197d4c19d3b31c1ecd2c7b6860eeabaf')",3,25,77,1925,True,1631,64,103.7,245.74,151.64,58.92,-57.21,345.15,-1082.7,4519.24,59.4,15727.28
"('0x1cc16713196d456f86fa9c7387dd326a7f73b8df', '0x87da2f16cf98af9b3e2f6ba6d9c4c470815b53d1', '0xfbf3d501e88815464642d0e913f15379c3eeb218')",3,45,41,1845,True,3152,70,104.6,558.92,374.14,212.05,-116.08,733.61,-1937.91,8762.7,62.9,39124.34
"('0x1cc16713196d456f86fa9c7387dd326a7f73b8df', '0xc8ec6d4cef5c5fe8409ef69303c37f05b678e8f1', '0xfbf3d501e88815464642d0e913f15379c3eeb218')",3,35,53,1855,True,1730,74,103.6,449.97,321.5,127.62,-52.43,580.24,-932.03,6815.44,64.9,33298.14
"('0x1cc16713196d456f86fa9c7387dd326a7f73b8df', '0x23c8a4c266d10ba5846837eac391fea89ed6f293', '0xfbf3d501e88815464642d0e913f15379c3eeb218')",3,50,37,1850,True,1819,70,104.0,618.17,416.08,227.04,-118.17,683.57,-1977.27,9619.96,60.0,43272.14
"('0x1cc16713196d456f86fa9c7387dd326a7f73b8df', '0x5c6940cefe1dc0cbcc859b62997cc749baa751ca', '0xfbf3d501e88815464642d0e913f15379c3eeb218')",3,50,37,1850,True,1757,78,104.4,576.98,430.96,118.87,-74.9,599.13,-1372.3,10555.99,59.0,45004.71
"('0x1cc16713196d456f86fa9c7387dd326a7f73b8df', '0x567464a8b6b5794c43282c4a9274e12b48ba8b14', '0xfbf3d501e88815464642d0e913f15379c3eeb218')",3,30,59,1770,True,2149,70,104.6,482.44,322.94,147.98,-53.34,592.04,-866.48,7899.98,64.3,33770.65
"('0x1cc16713196d456f86fa9c7387dd326a7f73b8df', '0x9d9346b36bfacf6858ae06c7401a72ad09162cf1', '0xfbf3d501e88815464642d0e913f15379c3eeb218')",3,50,37,1850,True,2091,69,104.7,621.5,409.53,223.33,-102.55,760.5,-1444.14,11353.32,63.8,42883.6
"('0x1cc16713196d456f86fa9c7387dd326a7f73b8df', '0x3dfb153c197d4c19d3b31c1ecd2c7b6860eeabaf', '0xfbf3d501e88815464642d0e913f15379c3eeb218')",3,25,77,1925,True,2246,69,103.7,293.5,195.26,115.26,-47.75,414.73,-999.35,4868.17,62.3,20251.39
"('0x1cc16713196d456f86fa9c7387dd326a7f73b8df', '0x87da2f16cf98af9b3e2f6ba6d9c4c470815b53d1', '0xc8ec6d4cef5c5fe8409ef69303c37f05b678e8f1')",3,35,54,1890,True,2529,72,104.6,354.71,244.23,108.63,-73.27,441.18,-1513.5,6342.46,62.5,25539.48
"('0x1cc16713196d456f86fa9c7387dd326a7f73b8df', '0x23c8a4c266d10ba5846837eac391fea89ed6f293', '0x87da2f16cf98af9b3e2f6ba6d9c4c470815b53d1')",3,50,39,1950,True,2618,70,104.6,459.83,307.81,114.09,-195.41,665.13,-2217.95,8944.27,57.1,32188.34
"('0x1cc16713196d456f86fa9c7387dd326a7f73b8df', '0x5c6940cefe1dc0cbcc859b62997cc749baa751ca', '0x87da2f16cf98af9b3e2f6ba6d9c4c470815b53d1')",3,45,44,1980,True,2556,77,104.6,396.48,291.94,55.25,-134.04,398.6,-1373.89,8892.27,50.6,30528.82
"('0x1cc16713196d456f86fa9c7387dd326a7f73b8df', '0x567464a8b6b5794c43282c4a9274e12b48ba8b14', '0x87da2f16cf98af9b3e2f6ba6d9c4c470815b53d1')",3,40,49,1960,True,2948,67,104.6,539.71,345.8,182.17,-126.32,865.2,-1148.13,9992.76,58.2,36160.5
"('0x1cc16713196d456f86fa9c7387dd326a7f73b8df', '0x87da2f16cf98af9b3e2f6ba6d9c4c470815b53d1', '0x9d9346b36bfacf6858ae06c7401a72ad09162cf1')",3,50,39,1950,True,2890,66,104.7,481.82,303.68,111.01,-156.46,623.75,-2395.07,10677.63,57.6,31799.8
"('0x1cc16713196d456f86fa9c7387dd326a7f73b8df', '0x3dfb153c197d4c19d3b31c1ecd2c7b6860eeabaf', '0x87da2f16cf98af9b3e2f6ba6d9c4c470815b53d1')",3,25,77,1925,True,3045,62,104.6,237.25,140.66,114.64,-78.23,469.7,-1514.37,4530.33,58.1,14709.49
"('0x1cc16713196d456f86fa9c7387dd326a7f73b8df', '0x23c8a4c266d10ba5846837eac391fea89ed6f293', '0xc8ec6d4cef5c5fe8409ef69303c37f05b678e8f1')",3,40,49,1960,True,1196,74,104.0,392.28,279.12,108.61,-66.32,425.98,-376.06,7155.42,63.5,29028.49
"('0x1cc16713196d456f86fa9c7387dd326a7f73b8df', '0x5c6940cefe1dc0cbcc859b62997cc749baa751ca', '0xc8ec6d4cef5c5fe8409ef69303c37f05b678e8f1')",3,35,51,1785,True,1134,80,104.4,332.66,254.84,91.9,-41.4,323.48,-329.05,6916.21,60.0,26612.73
"('0x1cc16713196d456f86fa9c7387dd326a7f73b8df', '0x567464a8b6b5794c43282c4a9274e12b48ba8b14', '0xc8ec6d4cef5c5fe8409ef69303c37f05b678e8f1')",3,40,49,1960,True,1526,74,104.6,532.95,377.14,170.97,-44.95,684.26,-429.13,9992.76,67.6,39438.32
"('0x1cc16713196d456f86fa9c7387dd326a7f73b8df', '0x9d9346b36bfacf6858ae06c7401a72ad09162cf1', '0xc8ec6d4cef5c5fe8409ef69303c37f05b678e8f1')",3,40,49,1960,True,1468,75,104.7,382.9,274.25,90.13,-61.81,350.0,-376.06,8542.11,61.3,28717.66
"('0x1cc16713196d456f86fa9c7387dd326a7f73b8df', '0x3dfb153c197d4c19d3b31c1ecd2c7b6860eeabaf', '0xc8ec6d4cef5c5fe8409ef69303c37f05b678e8f1')",3,20,81,1620,True,1623,71,103.7,188.82,129.26,65.61,-24.7,237.94,-1096.24,3624.26,63.4,13406.5
"('0x1cc16713196d456f86fa9c7387dd326a7f73b8df', '0x23c8a4c266d10ba5846837eac391fea89ed6f293', '0x5c6940cefe1dc0cbcc859b62997cc749baa751ca')",3,50,37,1850,True,1223,79,104.4,426.86,322.92,98.56,-112.53,444.34,-588.42,9763.92,53.2,33721.56
"('0x1cc16713196d456f86fa9c7387dd326a7f73b8df', '0x23c8a4c266d10ba5846837eac391fea89ed6f293', '0x567464a8b6b5794c43282c4a9274e12b48ba8b14')",3,40,50,2000,True,1615,70,104.6,514.3,344.27,183.29,-53.37,672.08,-592.5,9899.65,62.9,36001.02
"('0x1cc16713196d456f86fa9c7387dd326a7f73b8df', '0x23c8a4c266d10ba5846837eac391fea89ed6f293', '0x9d9346b36bfacf6858ae06c7401a72ad09162cf1')",3,50,37,1850,True,1557,70,104.7,451.44,301.78,83.58,-158.06,491.37,-595.96,10561.25,55.7,31600.45
"('0x1cc16713196d456f86fa9c7387dd326a7f73b8df', '0x23c8a4c266d10ba5846837eac391fea89ed6f293', '0x3dfb153c197d4c19d3b31c1ecd2c7b6860eeabaf')",3,25,77,1925,True,1712,70,104.0,208.71,140.48,51.03,-75.64,219.2,-1084.65,4472.14,55.7,14609.82
"('0x1cc16713196d456f86fa9c7387dd326a7f73b8df', '0x567464a8b6b5794c43282c4a9274e12b48ba8b14', '0x5c6940cefe1dc0cbcc859b62997cc749baa751ca')",3,35,51,1785,True,1553,77,104.6,424.85,312.84,50.29,-66.69,482.83,-532.3,9317.42,55.8,32713.69
"('0x1cc16713196d456f86fa9c7387dd326a7f73b8df', '0x5c6940cefe1dc0cbcc859b62997cc749baa751ca', '0x9d9346b36bfacf6858ae06c7401a72ad09162cf1')",3,50,37,1850,True,1495,78,104.7,427.35,318.32,70.22,-93.66,383.96,-615.77,11497.28,53.8,33333.02
"('0x1cc16713196d456f86fa9c7387dd326a7f73b8df', '0x3dfb153c197d4c19d3b31c1ecd2c7b6860eeabaf', '0x5c6940cefe1dc0cbcc859b62997cc749baa751ca')",3,20,82,1640,True,1650,77,104.4,160.79,118.56,39.43,-29.73,177.16,-1018.07,3952.12,57.1,12380.88
"('0x1cc16713196d456f86fa9c7387dd326a7f73b8df', '0x567464a8b6b5794c43282c4a9274e12b48ba8b14', '0x9d9346b36bfacf6858ae06c7401a72ad09162cf1')",3,35,52,1820,True,1887,66,104.7,473.17,298.23,136.59,-65.56,609.26,-1126.09,9875.55,63.6,31228.91
"('0x1cc16713196d456f86fa9c7387dd326a7f73b8df', '0x3dfb153c197d4c19d3b31c1ecd2c7b6860eeabaf', '0x567464a8b6b5794c43282c4a9274e12b48ba8b14')",3,25,77,1925,True,2042,67,104.6,315.16,201.93,114.02,-48.74,488.92,-1205.43,6245.47,61.2,21115.96
"('0x1cc16713196d456f86fa9c7387dd326a7f73b8df', '0x3dfb153c197d4c19d3b31c1ecd2c7b6860eeabaf', '0x9d9346b36bfacf6858ae06c7401a72ad09162cf1')",3,25,77,1925,True,1984,66,104.7,218.42,137.67,41.79,-70.34,228.74,-999.32,5338.82,54.5,14415.55
"('0x39d3c773be30fcc73161fc6768f46d563a779ef0', '0x87da2f16cf98af9b3e2f6ba6d9c4c470815b53d1', '0xfbf3d501e88815464642d0e913f15379c3eeb218')",3,60,31,1860,True,2614,37,95.3,629.3,244.36,117.0,-448.58,1179.41,-2440.37,5188.94,62.2,23284.14
"('0x39d3c773be30fcc73161fc6768f46d563a779ef0', '0xc8ec6d4cef5c5fe8409ef69303c37f05b678e8f1', '0xfbf3d501e88815464642d0e913f15379c3eeb218')",3,35,52,1820,True,1192,46,94.3,357.62,174.48,106.83,13.63,548.69,-932.03,3292.12,78.3,16450.51
"('0x23c8a4c266d10ba5846837eac391fea89ed6f293', '0x39d3c773be30fcc73161fc6768f46d563a779ef0', '0xfbf3d501e88815464642d0e913f15379c3eeb218')",3,65,30,1950,True,1281,37,94.7,674.74,263.59,206.91,-62.28,1168.89,-2570.45,6470.55,64.9,24965.33
"('0x39d3c773be30fcc73161fc6768f46d563a779ef0', '0x5c6940cefe1dc0cbcc859b62997cc749baa751ca', '0xfbf3d501e88815464642d0e913f15379c3eeb218')",3,60,33,1980,True,1219,46,95.0,546.17,264.46,59.65,-129.46,903.12,-1646.76,5527.93,52.2,25124.0
"('0x39d3c773be30fcc73161fc6768f46d563a779ef0', '0x567464a8b6b5794c43282c4a9274e12b48ba8b14', '0xfbf3d501e88815464642d0e913f15379c3eeb218')",3,30,60,1800,True,1611,39,97.3,495.64,198.69,122.61,-21.28,700.69,-866.48,3686.62,64.1,19329.83
"('0x39d3c773be30fcc73161fc6768f46d563a779ef0', '0x9d9346b36bfacf6858ae06c7401a72ad09162cf1', '0xfbf3d501e88815464642d0e913f15379c3eeb218')",3,65,30,1950,True,1553,37,95.3,661.09,256.7,290.33,-116.94,1040.46,-1877.38,5412.86,67.6,24460.23
"('0x39d3c773be30fcc73161fc6768f46d563a779ef0', '0x3dfb153c197d4c19d3b31c1ecd2c7b6860eeabaf', '0xfbf3d501e88815464642d0e913f15379c3eeb218')",3,25,74,1850,True,1708,37,94.4,222.09,87.02,142.35,-27.21,410.7,-876.63,2122.62,70.3,8217.37
"('0x39d3c773be30fcc73161fc6768f46d563a779ef0', '0x87da2f16cf98af9b3e2f6ba6d9c4c470815b53d1', '0xc8ec6d4cef5c5fe8409ef69303c37f05b678e8f1')",3,35,53,1855,True,1991,41,71.7,212.0,121.2,97.38,-203.91,388.51,-1429.78,2461.27,63.4,8691.85
"('0x23c8a4c266d10ba5846837eac391fea89ed6f293', '0x39d3c773be30fcc73161fc6768f46d563a779ef0', '0x87da2f16cf98af9b3e2f6ba6d9c4c470815b53d1')",3,60,31,1860,True,2080,31,29.9,314.33,326.37,-157.07,-400.8,1090.86,-2518.02,4058.81,45.2,9744.36
"('0x39d3c773be30fcc73161fc6768f46d563a779ef0', '0x5c6940cefe1dc0cbcc859b62997cc749baa751ca', '0x87da2f16cf98af9b3e2f6ba6d9c4c470815b53d1')",3,55,34,1870,True,2018,39,58.6,277.9,185.04,-19.88,-238.3,471.88,-1547.63,3469.02,41.0,10838.15
"('0x39d3c773be30fcc73161fc6768f46d563a779ef0', '0x567464a8b6b5794c43282c4a9274e12b48ba8b14', '0x87da2f16cf98af9b3e2f6ba6d9c4c470815b53d1')",3,35,53,1855,True,2410,30,97.3,493.09,152.06,205.43,-239.57,992.95,-1120.97,2583.81,53.3,14792.81
"('0x39d3c773be30fcc73161fc6768f46d563a779ef0', '0x87da2f16cf98af9b3e2f6ba6d9c4c470815b53d1', '0x9d9346b36bfacf6858ae06c7401a72ad09162cf1')",3,60,31,1860,True,2352,27,26.1,343.63,354.9,211.32,-514.49,929.66,-2730.56,4149.28,55.6,9278.11
"('0x39d3c773be30fcc73161fc6768f46d563a779ef0', '0x3dfb153c197d4c19d3b31c1ecd2c7b6860eeabaf', '0x87da2f16cf98af9b3e2f6ba6d9c4c470815b53d1')",3,25,74,1850,True,2507,27,72.3,99.09,37.01,-11.09,-247.85,426.49,-1391.64,1731.99,48.1,2675.47
"('0x23c8a4c266d10ba5846837eac391fea89ed6f293', '0x39d3c773be30fcc73161fc6768f46d563a779ef0', '0xc8ec6d4cef5c5fe8409ef69303c37f05b678e8f1')",3,35,52,1820,True,658,39,71.3,219.29,119.97,103.66,-1.14,374.73,-338.05,1291.45,74.4,8552.3
"('0x39d3c773be30fcc73161fc6768f46d563a779ef0', '0x5c6940cefe1dc0cbcc859b62997cc749baa751ca', '0xc8ec6d4cef5c5fe8409ef69303c37f05b678e8f1')",3,35,55,1925,True,596,47,71.6,207.77,136.44,97.38,-21.79,368.38,-251.68,1348.57,63.8,9765.1
"('0x39d3c773be30fcc73161fc6768f46d563a779ef0', '0x567464a8b6b5794c43282c4a9274e12b48ba8b14', '0xc8ec6d4cef5c5fe8409ef69303c37f05b678e8f1')",3,35,53,1855,True,988,41,97.3,430.75,181.54,123.8,6.22,787.73,-627.98,2385.68,75.6,17660.9
"('0x39d3c773be30fcc73161fc6768f46d563a779ef0', '0x9d9346b36bfacf6858ae06c7401a72ad09162cf1', '0xc8ec6d4cef5c5fe8409ef69303c37f05b678e8f1')",3,35,52,1820,True,930,41,71.9,201.96,115.23,99.74,-42.51,349.76,-526.71,1394.09,70.7,8280.32
"('0x39d3c773be30fcc73161fc6768f46d563a779ef0', '0x3dfb153c197d4c19d3b31c1ecd2c7b6860eeabaf', '0xc8ec6d4cef5c5fe8409ef69303c37f05b678e8f1')",3,25,78,1950,True,1085,40,71.4,118.1,66.14,71.8,-3.62,280.83,-1247.58,698.05,72.5,4724.11
"('0x23c8a4c266d10ba5846837eac391fea89ed6f293', '0x39d3c773be30fcc73161fc6768f46d563a779ef0', '0x5c6940cefe1dc0cbcc859b62997cc749baa751ca')",3,60,33,1980,True,685,40,58.3,289.61,198.75,-5.79,-134.32,642.35,-579.52,2013.01,47.5,11584.22
"('0x23c8a4c266d10ba5846837eac391fea89ed6f293', '0x39d3c773be30fcc73161fc6768f46d563a779ef0', '0x567464a8b6b5794c43282c4a9274e12b48ba8b14')",3,35,53,1855,True,1077,32,97.3,457.91,150.62,332.76,-12.76,753.37,-770.94,2304.22,65.6,14653.26
"('0x23c8a4c266d10ba5846837eac391fea89ed6f293', '0x39d3c773be30fcc73161fc6768f46d563a779ef0', '0x9d9346b36bfacf6858ae06c7401a72ad09162cf1')",3,65,30,1950,True,1019,31,30.0,315.88,326.4,170.61,-273.9,863.39,-1243.67,2426.08,54.8,9792.14
"('0x23c8a4c266d10ba5846837eac391fea89ed6f293', '0x39d3c773be30fcc73161fc6768f46d563a779ef0', '0x3dfb153c197d4c19d3b31c1ecd2c7b6860eeabaf')",3,25,74,1850,True,1174,32,71.7,80.49,35.92,27.0,-95.66,210.36,-961.93,889.25,50.0,2575.79
"('0x39d3c773be30fcc73161fc6768f46d563a779ef0', '0x567464a8b6b5794c43282c4a9274e12b48ba8b14', '0x5c6940cefe1dc0cbcc859b62997cc749baa751ca')",3,35,53,1855,True,1015,42,97.3,377.76,163.09,63.4,-29.92,546.58,-784.8,2959.44,54.8,15866.06
"('0x39d3c773be30fcc73161fc6768f46d563a779ef0', '0x5c6940cefe1dc0cbcc859b62997cc749baa751ca', '0x9d9346b36bfacf6858ae06c7401a72ad09162cf1')",3,60,33,1980,True,957,40,58.6,277.95,189.82,26.42,-88.4,499.31,-1171.77,2897.35,52.5,11117.98
"('0x39d3c773be30fcc73161fc6768f46d563a779ef0', '0x3dfb153c197d4c19d3b31c1ecd2c7b6860eeabaf', '0x5c6940cefe1dc0cbcc859b62997cc749baa751ca')",3,25,79,1975,True,1112,40,72.1,86.05,47.71,10.22,-73.09,231.4,-1149.86,878.31,50.0,3442.08
"('0x39d3c773be30fcc73161fc6768f46d563a779ef0', '0x567464a8b6b5794c43282c4a9274e12b48ba8b14', '0x9d9346b36bfacf6858ae06c7401a72ad09162cf1')",3,35,54,1890,True,1349,30,97.4,479.38,147.61,254.75,-14.36,743.75,-1378.58,3517.57,66.7,14381.28
"('0x39d3c773be30fcc73161fc6768f46d563a779ef0', '0x3dfb153c197d4c19d3b31c1ecd2c7b6860eeabaf', '0x567464a8b6b5794c43282c4a9274e12b48ba8b14')",3,25,74,1850,True,1504,31,97.3,292.97,93.35,182.91,-29.82,569.22,-1082.7,1704.06,64.5,9081.93
"('0x39d3c773be30fcc73161fc6768f46d563a779ef0', '0x3dfb153c197d4c19d3b31c1ecd2c7b6860eeabaf', '0x9d9346b36bfacf6858ae06c7401a72ad09162cf1')",3,25,74,1850,True,1446,28,72.4,85.05,32.88,43.18,-103.2,327.32,-876.6,799.55,60.7,2381.52
"('0x87da2f16cf98af9b3e2f6ba6d9c4c470815b53d1', '0xc8ec6d4cef5c5fe8409ef69303c37f05b678e8f1', '0xfbf3d501e88815464642d0e913f15379c3eeb218')",3,60,31,1860,True,2606,47,95.3,548.05,270.33,212.23,-75.27,987.53,-2469.07,5283.09,70.2,25758.17
"('0x23c8a4c266d10ba5846837eac391fea89ed6f293', '0x87da2f16cf98af9b3e2f6ba6d9c4c470815b53d1', '0xfbf3d501e88815464642d0e913f15379c3eeb218')",3,65,29,1885,True,2695,37,95.3,603.22,234.23,261.8,-229.8,1330.47,-2747.38,6079.97,62.2,22319.07
"('0x5c6940cefe1dc0cbcc859b62997cc749baa751ca', '0x87da2f16cf98af9b3e2f6ba6d9c4c470815b53d1', '0xfbf3d501e88815464642d0e913f15379c3eeb218')",3,65,30,1950,True,2633,46,95.3,534.16,257.87,64.62,-172.39,840.68,-1848.54,5598.0,54.3,24571.41
"('0x567464a8b6b5794c43282c4a9274e12b48ba8b14', '0x87da2f16cf98af9b3e2f6ba6d9c4c470815b53d1', '0xfbf3d501e88815464642d0e913f15379c3eeb218')",3,30,59,1770,True,3025,39,97.3,464.32,186.14,108.37,-173.87,923.72,-866.48,3841.33,56.4,18108.48
"('0x87da2f16cf98af9b3e2f6ba6d9c4c470815b53d1', '0x9d9346b36bfacf6858ae06c7401a72ad09162cf1', '0xfbf3d501e88815464642d0e913f15379c3eeb218')",3,65,29,1885,True,2967,37,95.3,589.57,228.93,290.33,-319.91,1049.75,-2977.63,5022.27,64.9,21813.97
"('0x3dfb153c197d4c19d3b31c1ecd2c7b6860eeabaf', '0x87da2f16cf98af9b3e2f6ba6d9c4c470815b53d1', '0xfbf3d501e88815464642d0e913f15379c3eeb218')",3,25,74,1850,True,3122,38,95.3,189.46,75.56,76.94,-76.45,470.72,-1308.3,1972.39,63.2,7199.58
"('0x23c8a4c266d10ba5846837eac391fea89ed6f293', '0xc8ec6d4cef5c5fe8409ef69303c37f05b678e8f1', '0xfbf3d501e88815464642d0e913f15379c3eeb218')",3,65,30,1950,True,1273,47,94.7,588.2,291.88,180.86,-60.64,848.98,-2423.99,6572.55,68.1,27645.53
"('0x5c6940cefe1dc0cbcc859b62997cc749baa751ca', '0xc8ec6d4cef5c5fe8409ef69303c37f05b678e8f1', '0xfbf3d501e88815464642d0e913f15379c3eeb218')",3,60,32,1920,True,1211,53,95.0,520.72,290.51,86.66,-60.34,784.68,-1511.57,5622.08,58.5,27598.03
"('0x567464a8b6b5794c43282c4a9274e12b48ba8b14', '0xc8ec6d4cef5c5fe8409ef69303c37f05b678e8f1', '0xfbf3d501e88815464642d0e913f15379c3eeb218')",3,30,59,1770,True,1603,48,97.3,428.48,211.41,84.17,-12.51,594.32,-798.89,3677.38,70.8,20566.84
"('0x9d9346b36bfacf6858ae06c7401a72ad09162cf1', '0xc8ec6d4cef5c5fe8409ef69303c37f05b678e8f1', '0xfbf3d501e88815464642d0e913f15379c3eeb218')",3,65,30,1950,True,1545,47,95.3,577.46,284.83,192.51,-39.04,883.57,-1730.92,5514.85,72.3,27140.43
"('0x3dfb153c197d4c19d3b31c1ecd2c7b6860eeabaf', '0xc8ec6d4cef5c5fe8409ef69303c37f05b678e8f1', '0xfbf3d501e88815464642d0e913f15379c3eeb218')",3,25,78,1950,True,1700,46,94.4,201.05,97.94,71.8,-35.33,400.98,-1164.23,2161.85,67.4,9248.22
"('0x23c8a4c266d10ba5846837eac391fea89ed6f293', '0x5c6940cefe1dc0cbcc859b62997cc749baa751ca', '0xfbf3d501e88815464642d0e913f15379c3eeb218')",3,65,29,1885,True,1300,46,95.0,528.53,255.92,50.52,-140.25,916.99,-2477.06,6447.2,52.2,24312.26
"('0x23c8a4c266d10ba5846837eac391fea89ed6f293', '0x567464a8b6b5794c43282c4a9274e12b48ba8b14', '0xfbf3d501e88815464642d0e913f15379c3eeb218')",3,30,59,1770,True,1692,38,97.3,473.39,184.91,155.66,-61.05,608.28,-1186.36,3602.43,60.5,17988.87
"('0x23c8a4c266d10ba5846837eac391fea89ed6f293', '0x9d9346b36bfacf6858ae06c7401a72ad09162cf1', '0xfbf3d501e88815464642d0e913f15379c3eeb218')",3,70,28,1960,True,1634,37,95.3,627.38,243.61,174.46,-190.07,1138.46,-2768.18,6323.12,59.5,23212.88
"('0x23c8a4c266d10ba5846837eac391fea89ed6f293', '0x3dfb153c197d4c19d3b31c1ecd2c7b6860eeabaf', '0xfbf3d501e88815464642d0e913f15379c3eeb218')",3,25,74,1850,True,1789,38,94.7,186.84,74.96,6.19,-83.29,450.33,-988.63,2299.01,50.0,7099.9
"('0x567464a8b6b5794c43282c4a9274e12b48ba8b14', '0x5c6940cefe1dc0cbcc859b62997cc749baa751ca', '0xfbf3d501e88815464642d0e913f15379c3eeb218')",3,30,61,1830,True,1630,46,97.3,413.66,195.59,23.91,-79.56,672.5,-823.38,3716.23,52.2,19028.41
"('0x5c6940cefe1dc0cbcc859b62997cc749baa751ca', '0x9d9346b36bfacf6858ae06c7401a72ad09162cf1', '0xfbf3d501e88815464642d0e913f15379c3eeb218')",3,65,29,1885,True,1572,45,95.3,529.05,249.85,85.02,-159.27,897.04,-1783.99,5389.5,53.3,23807.16
"('0x3dfb153c197d4c19d3b31c1ecd2c7b6860eeabaf', '0x5c6940cefe1dc0cbcc859b62997cc749baa751ca', '0xfbf3d501e88815464642d0e913f15379c3eeb218')",3,25,79,1975,True,1727,47,95.0,169.49,83.85,23.62,-87.54,312.98,-1066.51,2113.64,53.2,7966.19
"('0x567464a8b6b5794c43282c4a9274e12b48ba8b14', '0x9d9346b36bfacf6858ae06c7401a72ad09162cf1', '0xfbf3d501e88815464642d0e913f15379c3eeb218')",3,30,59,1770,True,1964,38,97.4,467.26,182.24,143.93,-28.21,580.82,-866.48,3631.7,65.8,17755.75
"('0x3dfb153c197d4c19d3b31c1ecd2c7b6860eeabaf', '0x567464a8b6b5794c43282c4a9274e12b48ba8b14', '0xfbf3d501e88815464642d0e913f15379c3eeb218')",3,25,74,1850,True,2119,40,97.3,340.15,139.86,123.39,-93.38,572.66,-999.35,3064.48,55.0,13606.04
"('0x3dfb153c197d4c19d3b31c1ecd2c7b6860eeabaf', '0x9d9346b36bfacf6858ae06c7401a72ad09162cf1', '0xfbf3d501e88815464642d0e913f15379c3eeb218')",3,25,74,1850,True,2061,38,95.3,181.73,72.47,66.01,-119.65,380.47,-793.25,1892.2,60.5,6905.63
"('0x23c8a4c266d10ba5846837eac391fea89ed6f293', '0x87da2f16cf98af9b3e2f6ba6d9c4c470815b53d1', '0xc8ec6d4cef5c5fe8409ef69303c37f05b678e8f1')",3,70,28,1960,True,2072,41,71.7,347.68,198.77,207.32,-52.03,814.2,-2971.19,3623.77,68.3,14254.79
"('0x5c6940cefe1dc0cbcc859b62997cc749baa751ca', '0x87da2f16cf98af9b3e2f6ba6d9c4c470815b53d1', '0xc8ec6d4cef5c5fe8409ef69303c37f05b678e8f1')",3,60,32,1920,True,2010,46,71.7,310.81,199.37,172.32,-45.2,521.23,-1717.04,3145.15,63.0,14297.48
"('0x567464a8b6b5794c43282c4a9274e12b48ba8b14', '0x87da2f16cf98af9b3e2f6ba6d9c4c470815b53d1', '0xc8ec6d4cef5c5fe8409ef69303c37f05b678e8f1')",3,40,49,1960,True,2402,43,97.3,431.52,190.73,141.67,-49.6,901.66,-1071.59,2814.22,69.8,18555.42
"('0x87da2f16cf98af9b3e2f6ba6d9c4c470815b53d1', '0x9d9346b36bfacf6858ae06c7401a72ad09162cf1', '0xc8ec6d4cef5c5fe8409ef69303c37f05b678e8f1')",3,70,28,1960,True,2344,41,71.9,334.41,190.81,194.77,-188.77,814.2,-3219.15,3729.32,65.9,13710.84
"('0x3dfb153c197d4c19d3b31c1ecd2c7b6860eeabaf', '0x87da2f16cf98af9b3e2f6ba6d9c4c470815b53d1', '0xc8ec6d4cef5c5fe8409ef69303c37f05b678e8f1')",3,25,78,1950,True,2499,37,72.3,100.17,51.27,79.11,-36.71,290.79,-1679.25,1335.03,67.6,3706.32
"('0x23c8a4c266d10ba5846837eac391fea89ed6f293', '0x5c6940cefe1dc0cbcc859b62997cc749baa751ca', '0x87da2f16cf98af9b3e2f6ba6d9c4c470815b53d1')",3,80,25,2000,True,2099,40,58.6,304.72,208.1,-36.77,-357.74,549.96,-2378.67,4193.53,42.5,12188.7
"('0x23c8a4c266d10ba5846837eac391fea89ed6f293', '0x567464a8b6b5794c43282c4a9274e12b48ba8b14', '0x87da2f16cf98af9b3e2f6ba6d9c4c470815b53d1')",3,40,50,2000,True,2491,34,97.3,444.65,155.4,144.05,-253.82,1013.72,-1116.24,2714.29,52.9,15118.12
"('0x23c8a4c266d10ba5846837eac391fea89ed6f293', '0x87da2f16cf98af9b3e2f6ba6d9c4c470815b53d1', '0x9d9346b36bfacf6858ae06c7401a72ad09162cf1')",3,80,24,1920,True,2433,31,30.0,283.71,293.16,57.37,-510.01,1134.1,-3768.32,4048.08,54.8,8794.93
"('0x23c8a4c266d10ba5846837eac391fea89ed6f293', '0x3dfb153c197d4c19d3b31c1ecd2c7b6860eeabaf', '0x87da2f16cf98af9b3e2f6ba6d9c4c470815b53d1')",3,25,74,1850,True,2588,32,72.3,48.69,21.55,-37.77,-114.39,331.53,-1393.6,1268.15,43.8,1558.0
"('0x567464a8b6b5794c43282c4a9274e12b48ba8b14', '0x5c6940cefe1dc0cbcc859b62997cc749baa751ca', '0x87da2f16cf98af9b3e2f6ba6d9c4c470815b53d1')",3,35,51,1785,True,2429,42,97.3,343.84,148.44,-8.95,-109.19,717.6,-785.37,2974.96,42.9,14441.15
"('0x5c6940cefe1dc0cbcc859b62997cc749baa751ca', '0x87da2f16cf98af9b3e2f6ba6d9c4c470815b53d1', '0x9d9346b36bfacf6858ae06c7401a72ad09162cf1')",3,80,25,2000,True,2371,40,58.6,289.18,197.49,-16.46,-247.08,580.84,-2662.06,4403.5,45.0,11567.04
"('0x3dfb153c197d4c19d3b31c1ecd2c7b6860eeabaf', '0x5c6940cefe1dc0cbcc859b62997cc749baa751ca', '0x87da2f16cf98af9b3e2f6ba6d9c4c470815b53d1')",3,25,79,1975,True,2526,39,72.3,62.16,33.54,-7.68,-96.85,219.25,-1581.53,1607.49,43.6,2424.29
"('0x567464a8b6b5794c43282c4a9274e12b48ba8b14', '0x87da2f16cf98af9b3e2f6ba6d9c4c470815b53d1', '0x9d9346b36bfacf6858ae06c7401a72ad09162cf1')",3,35,52,1820,True,2763,30,97.4,431.88,132.98,106.14,-278.06,1057.98,-1379.15,3533.09,56.7,12956.38
"('0x3dfb153c197d4c19d3b31c1ecd2c7b6860eeabaf', '0x567464a8b6b5794c43282c4a9274e12b48ba8b14', '0x87da2f16cf98af9b3e2f6ba6d9c4c470815b53d1')",3,25,74,1850,True,2918,31,97.3,260.13,82.89,182.91,-220.35,647.17,-1514.37,1758.89,54.8,8064.14
"('0x3dfb153c197d4c19d3b31c1ecd2c7b6860eeabaf', '0x87da2f16cf98af9b3e2f6ba6d9c4c470815b53d1', '0x9d9346b36bfacf6858ae06c7401a72ad09162cf1')",3,25,74,1850,True,2860,28,72.4,48.7,18.83,51.18,-302.73,388.4,-1308.27,1305.84,53.6,1363.73
"('0x23c8a4c266d10ba5846837eac391fea89ed6f293', '0x5c6940cefe1dc0cbcc859b62997cc749baa751ca', '0xc8ec6d4cef5c5fe8409ef69303c37f05b678e8f1')",3,70,28,1960,True,677,47,71.6,348.96,229.16,207.32,-84.97,788.34,-639.43,2567.05,61.7,16401.3
"('0x23c8a4c266d10ba5846837eac391fea89ed6f293', '0x567464a8b6b5794c43282c4a9274e12b48ba8b14', '0xc8ec6d4cef5c5fe8409ef69303c37f05b678e8f1')",3,40,50,2000,True,1069,41,97.3,448.68,189.09,153.74,13.97,628.22,-336.38,2651.13,75.6,18395.94
"('0x23c8a4c266d10ba5846837eac391fea89ed6f293', '0x9d9346b36bfacf6858ae06c7401a72ad09162cf1', '0xc8ec6d4cef5c5fe8409ef69303c37f05b678e8f1')",3,80,24,1920,True,1011,41,71.9,374.4,213.63,222.59,27.94,651.45,-672.75,2400.96,75.6,15350.57
"('0x23c8a4c266d10ba5846837eac391fea89ed6f293', '0x3dfb153c197d4c19d3b31c1ecd2c7b6860eeabaf', '0xc8ec6d4cef5c5fe8409ef69303c37f05b678e8f1')",3,25,78,1950,True,1166,41,71.7,87.97,50.29,69.56,-32.89,231.87,-1249.53,785.48,65.9,3606.64
"('0x567464a8b6b5794c43282c4a9274e12b48ba8b14', '0x5c6940cefe1dc0cbcc859b62997cc749baa751ca', '0xc8ec6d4cef5c5fe8409ef69303c37f05b678e8f1')",3,35,51,1785,True,1007,49,97.3,353.25,177.92,103.66,-12.65,491.03,-324.85,2974.96,61.2,17309.25
"('0x5c6940cefe1dc0cbcc859b62997cc749baa751ca', '0x9d9346b36bfacf6858ae06c7401a72ad09162cf1', '0xc8ec6d4cef5c5fe8409ef69303c37f05b678e8f1')",3,70,27,1890,True,949,47,71.9,337.39,220.68,113.43,-66.14,532.97,-680.54,3411.28,61.7,15857.35
"('0x3dfb153c197d4c19d3b31c1ecd2c7b6860eeabaf', '0x5c6940cefe1dc0cbcc859b62997cc749baa751ca', '0xc8ec6d4cef5c5fe8409ef69303c37f05b678e8f1')",3,20,83,1660,True,1104,46,72.1,77.79,49.6,60.69,-15.07,180.9,-1149.97,702.65,65.2,3578.34
"('0x567464a8b6b5794c43282c4a9274e12b48ba8b14', '0x9d9346b36bfacf6858ae06c7401a72ad09162cf1', '0xc8ec6d4cef5c5fe8409ef69303c37f05b678e8f1')",3,35,52,1820,True,1341,43,97.4,368.01,162.42,120.91,31.39,397.8,-886.17,3533.09,76.7,15824.47
"('0x3dfb153c197d4c19d3b31c1ecd2c7b6860eeabaf', '0x567464a8b6b5794c43282c4a9274e12b48ba8b14', '0xc8ec6d4cef5c5fe8409ef69303c37f05b678e8f1')",3,25,78,1950,True,1496,43,97.3,235.18,103.95,139.64,-13.25,395.25,-1370.3,1715.15,69.8,10112.78
"('0x3dfb153c197d4c19d3b31c1ecd2c7b6860eeabaf', '0x9d9346b36bfacf6858ae06c7401a72ad09162cf1', '0xc8ec6d4cef5c5fe8409ef69303c37f05b678e8f1')",3,25,78,1950,True,1438,41,72.4,83.23,47.11,69.56,-43.78,202.28,-1164.2,808.49,65.9,3412.37
"('0x23c8a4c266d10ba5846837eac391fea89ed6f293', '0x567464a8b6b5794c43282c4a9274e12b48ba8b14', '0x5c6940cefe1dc0cbcc859b62997cc749baa751ca')",3,35,51,1785,True,1096,42,97.3,340.51,147.01,16.31,-75.52,456.88,-435.34,2893.49,50.0,14301.61
"('0x23c8a4c266d10ba5846837eac391fea89ed6f293', '0x5c6940cefe1dc0cbcc859b62997cc749baa751ca', '0x9d9346b36bfacf6858ae06c7401a72ad09162cf1')",3,100,13,1300,True,1038,40,58.6,351.5,240.05,-16.11,-248.93,795.51,-1030.19,4640.5,42.5,14060.1
"('0x23c8a4c266d10ba5846837eac391fea89ed6f293', '0x3dfb153c197d4c19d3b31c1ecd2c7b6860eeabaf', '0x5c6940cefe1dc0cbcc859b62997cc749baa751ca')",3,25,79,1975,True,1193,41,72.1,56.7,32.22,-2.59,-111.72,188.28,-1151.81,901.64,46.3,2324.61
"('0x23c8a4c266d10ba5846837eac391fea89ed6f293', '0x567464a8b6b5794c43282c4a9274e12b48ba8b14', '0x9d9346b36bfacf6858ae06c7401a72ad09162cf1')",3,35,52,1820,True,1430,34,97.4,376.97,131.55,94.68,-94.62,555.13,-1029.12,3451.62,61.8,12816.84
"('0x23c8a4c266d10ba5846837eac391fea89ed6f293', '0x3dfb153c197d4c19d3b31c1ecd2c7b6860eeabaf', '0x567464a8b6b5794c43282c4a9274e12b48ba8b14')",3,25,74,1850,True,1585,35,97.3,227.56,81.87,72.76,-103.77,540.16,-1084.65,1656.96,54.3,7964.47
"('0x23c8a4c266d10ba5846837eac391fea89ed6f293', '0x3dfb153c197d4c19d3b31c1ecd2c7b6860eeabaf', '0x9d9346b36bfacf6858ae06c7401a72ad09162cf1')",3,25,74,1850,True,1527,32,72.4,39.5,17.45,-28.45,-130.09,183.33,-878.55,989.52,46.9,1264.06
"('0x567464a8b6b5794c43282c4a9274e12b48ba8b14', '0x5c6940cefe1dc0cbcc859b62997cc749baa751ca', '0x9d9346b36bfacf6858ae06c7401a72ad09162cf1')",3,35,52,1820,True,1368,41,97.4,342.19,144.0,-3.13,-84.37,496.61,-1042.98,4106.84,48.8,14029.63
"('0x3dfb153c197d4c19d3b31c1ecd2c7b6860eeabaf', '0x567464a8b6b5794c43282c4a9274e12b48ba8b14', '0x5c6940cefe1dc0cbcc859b62997cc749baa751ca')",3,25,79,1975,True,1523,43,97.3,205.37,90.77,35.92,-66.82,353.28,-1272.58,2124.97,51.2,8830.75
"('0x3dfb153c197d4c19d3b31c1ecd2c7b6860eeabaf', '0x5c6940cefe1dc0cbcc859b62997cc749baa751ca', '0x9d9346b36bfacf6858ae06c7401a72ad09162cf1')",3,25,79,1975,True,1465,41,72.4,51.96,29.41,-2.59,-120.01,187.34,-1066.48,1218.31,46.3,2130.34
"('0x3dfb153c197d4c19d3b31c1ecd2c7b6860eeabaf', '0x567464a8b6b5794c43282c4a9274e12b48ba8b14', '0x9d9346b36bfacf6858ae06c7401a72ad09162cf1')",3,25,74,1850,True,1857,31,97.4,250.65,79.75,159.24,-138.75,477.56,-999.32,2523.63,61.3,7770.2
"('0x1cc16713196d456f86fa9c7387dd326a7f73b8df', '0x39d3c773be30fcc73161fc6768f46d563a779ef0', '0x412fe1a101554f0b382181c3af932e4b2d8030fa', '0xfbf3d501e88815464642d0e913f15379c3eeb218')",4,35,55,1925,True,2204,70,103.7,516.97,348.92,176.2,-48.21,599.06,-1064.13,6978.7,65.7,36187.56
"('0x1cc16713196d456f86fa9c7387dd326a7f73b8df', '0x39d3c773be30fcc73161fc6768f46d563a779ef0', '0x412fe1a101554f0b382181c3af932e4b2d8030fa', '0x87da2f16cf98af9b3e2f6ba6d9c4c470815b53d1')",4,35,56,1960,True,3003,71,104.6,400.41,271.86,68.99,-113.79,491.53,-1340.2,6505.72,54.9,28428.9
"('0x1cc16713196d456f86fa9c7387dd326a7f73b8df', '0x39d3c773be30fcc73161fc6768f46d563a779ef0', '0x412fe1a101554f0b382181c3af932e4b2d8030fa', '0xc8ec6d4cef5c5fe8409ef69303c37f05b678e8f1')",4,25,77,1925,True,1581,74,103.7,302.09,215.54,98.46,-23.65,341.74,-324.75,4646.94,71.6,22354.99
"('0x1cc16713196d456f86fa9c7387dd326a7f73b8df', '0x23c8a4c266d10ba5846837eac391fea89ed6f293', '0x39d3c773be30fcc73161fc6768f46d563a779ef0', '0x412fe1a101554f0b382181c3af932e4b2d8030fa')",4,35,55,1925,True,1670,71,104.0,398.44,272.01,153.54,-60.22,455.6,-452.67,6424.26,62.0,28289.35
"('0x1cc16713196d456f86fa9c7387dd326a7f73b8df', '0x39d3c773be30fcc73161fc6768f46d563a779ef0', '0x412fe1a101554f0b382181c3af932e4b2d8030fa', '0x5c6940cefe1dc0cbcc859b62997cc749baa751ca')",4,30,58,1740,True,1608,79,104.4,320.1,242.15,59.14,-67.52,361.17,-315.9,6068.12,58.2,25287.56
"('0x1cc16713196d456f86fa9c7387dd326a7f73b8df', '0x412fe1a101554f0b382181c3af932e4b2d8030fa', '0x87da2f16cf98af9b3e2f6ba6d9c4c470815b53d1', '0xfbf3d501e88815464642d0e913f15379c3eeb218')",4,45,42,1890,True,3618,71,104.6,629.5,427.41,236.45,-108.15,842.81,-1736.63,8992.57,60.6,44694.84
"('0x1cc16713196d456f86fa9c7387dd326a7f73b8df', '0x412fe1a101554f0b382181c3af932e4b2d8030fa', '0xc8ec6d4cef5c5fe8409ef69303c37f05b678e8f1', '0xfbf3d501e88815464642d0e913f15379c3eeb218')",4,35,53,1855,True,2196,74,103.7,508.52,362.83,176.63,-27.4,599.06,-985.26,6994.22,73.0,37630.74
"('0x1cc16713196d456f86fa9c7387dd326a7f73b8df', '0x23c8a4c266d10ba5846837eac391fea89ed6f293', '0x412fe1a101554f0b382181c3af932e4b2d8030fa', '0xfbf3d501e88815464642d0e913f15379c3eeb218')",4,50,37,1850,True,2285,71,104.0,696.64,475.59,262.73,-82.51,829.43,-2053.31,9875.36,66.2,49461.58
"('0x1cc16713196d456f86fa9c7387dd326a7f73b8df', '0x412fe1a101554f0b382181c3af932e4b2d8030fa', '0x5c6940cefe1dc0cbcc859b62997cc749baa751ca', '0xfbf3d501e88815464642d0e913f15379c3eeb218')",4,50,37,1850,True,2223,79,104.4,648.03,490.23,240.69,-99.03,744.96,-1448.34,10811.39,59.5,51194.15
"('0x1cc16713196d456f86fa9c7387dd326a7f73b8df', '0x412fe1a101554f0b382181c3af932e4b2d8030fa', '0x87da2f16cf98af9b3e2f6ba6d9c4c470815b53d1', '0xc8ec6d4cef5c5fe8409ef69303c37f05b678e8f1')",4,35,54,1890,True,2995,75,104.6,398.29,285.66,113.55,-78.0,491.53,-1356.95,6521.24,62.7,29872.08
"('0x1cc16713196d456f86fa9c7387dd326a7f73b8df', '0x23c8a4c266d10ba5846837eac391fea89ed6f293', '0x412fe1a101554f0b382181c3af932e4b2d8030fa', '0x87da2f16cf98af9b3e2f6ba6d9c4c470815b53d1')",4,50,40,2000,True,3084,71,104.6,540.53,367.0,198.61,-156.47,678.15,-1994.3,9199.68,57.7,38377.78
"('0x1cc16713196d456f86fa9c7387dd326a7f73b8df', '0x412fe1a101554f0b382181c3af932e4b2d8030fa', '0x5c6940cefe1dc0cbcc859b62997cc749baa751ca', '0x87da2f16cf98af9b3e2f6ba6d9c4c470815b53d1')",4,40,45,1800,True,3022,79,104.6,406.18,306.86,49.11,-119.16,385.11,-1042.31,8108.57,50.6,32088.28
"('0x1cc16713196d456f86fa9c7387dd326a7f73b8df', '0x23c8a4c266d10ba5846837eac391fea89ed6f293', '0x412fe1a101554f0b382181c3af932e4b2d8030fa', '0xc8ec6d4cef5c5fe8409ef69303c37f05b678e8f1')",4,40,49,1960,True,1662,75,104.0,453.07,326.73,190.6,-37.61,456.3,-397.21,7359.74,70.7,33980.05
"('0x1cc16713196d456f86fa9c7387dd326a7f73b8df', '0x412fe1a101554f0b382181c3af932e4b2d8030fa', '0x5c6940cefe1dc0cbcc859b62997cc749baa751ca', '0xc8ec6d4cef5c5fe8409ef69303c37f05b678e8f1')",4,35,51,1785,True,1600,81,104.4,382.04,296.33,125.85,-38.61,405.49,-329.05,7095.0,64.2,30945.34
"('0x1cc16713196d456f86fa9c7387dd326a7f73b8df', '0x23c8a4c266d10ba5846837eac391fea89ed6f293', '0x412fe1a101554f0b382181c3af932e4b2d8030fa', '0x5c6940cefe1dc0cbcc859b62997cc749baa751ca')",4,50,37,1850,True,1689,79,104.4,505.2,382.18,153.56,-93.7,523.46,-646.67,10019.33,57.0,39911.0
"('0x39d3c773be30fcc73161fc6768f46d563a779ef0', '0x412fe1a101554f0b382181c3af932e4b2d8030fa', '0x87da2f16cf98af9b3e2f6ba6d9c4c470815b53d1', '0xfbf3d501e88815464642d0e913f15379c3eeb218')",4,60,31,1860,True,3080,38,95.3,808.2,322.31,284.52,-191.58,1434.62,-2171.99,5159.02,63.2,30711.46
"('0x39d3c773be30fcc73161fc6768f46d563a779ef0', '0x412fe1a101554f0b382181c3af932e4b2d8030fa', '0xc8ec6d4cef5c5fe8409ef69303c37f05b678e8f1', '0xfbf3d501e88815464642d0e913f15379c3eeb218')",4,35,52,1820,True,1658,46,94.4,451.81,220.09,180.69,52.51,713.57,-985.26,3274.66,82.6,20783.11
"('0x23c8a4c266d10ba5846837eac391fea89ed6f293', '0x39d3c773be30fcc73161fc6768f46d563a779ef0', '0x412fe1a101554f0b382181c3af932e4b2d8030fa', '0xfbf3d501e88815464642d0e913f15379c3eeb218')",4,65,30,1950,True,1747,38,94.7,868.73,348.54,503.21,-123.59,1384.57,-2669.3,6438.14,65.8,33011.6
"('0x39d3c773be30fcc73161fc6768f46d563a779ef0', '0x412fe1a101554f0b382181c3af932e4b2d8030fa', '0x5c6940cefe1dc0cbcc859b62997cc749baa751ca', '0xfbf3d501e88815464642d0e913f15379c3eeb218')",4,60,33,1980,True,1685,46,95.0,707.64,342.65,188.21,-55.06,1201.64,-1738.01,5498.01,60.9,32551.33
"('0x39d3c773be30fcc73161fc6768f46d563a779ef0', '0x412fe1a101554f0b382181c3af932e4b2d8030fa', '0x87da2f16cf98af9b3e2f6ba6d9c4c470815b53d1', '0xc8ec6d4cef5c5fe8409ef69303c37f05b678e8f1')",4,35,53,1855,True,2457,41,71.7,317.67,181.62,103.66,-56.34,609.26,-1273.23,2862.65,70.7,13024.45
"('0x23c8a4c266d10ba5846837eac391fea89ed6f293', '0x39d3c773be30fcc73161fc6768f46d563a779ef0', '0x412fe1a101554f0b382181c3af932e4b2d8030fa', '0x87da2f16cf98af9b3e2f6ba6d9c4c470815b53d1')",4,60,31,1860,True,2546,32,30.9,536.62,556.49,126.35,-351.71,1365.6,-2249.65,4746.89,59.4,17171.69
"('0x39d3c773be30fcc73161fc6768f46d563a779ef0', '0x412fe1a101554f0b382181c3af932e4b2d8030fa', '0x5c6940cefe1dc0cbcc859b62997cc749baa751ca', '0x87da2f16cf98af9b3e2f6ba6d9c4c470815b53d1')",4,55,34,1870,True,2484,40,58.6,441.16,301.28,-4.77,-208.38,764.38,-1301.62,3971.2,47.5,17646.54
"('0x23c8a4c266d10ba5846837eac391fea89ed6f293', '0x39d3c773be30fcc73161fc6768f46d563a779ef0', '0x412fe1a101554f0b382181c3af932e4b2d8030fa', '0xc8ec6d4cef5c5fe8409ef69303c37f05b678e8f1')",4,35,52,1820,True,1124,41,71.3,314.27,180.75,123.8,23.07,407.1,-380.76,1449.41,80.5,12884.91
"('0x39d3c773be30fcc73161fc6768f46d563a779ef0', '0x412fe1a101554f0b382181c3af932e4b2d8030fa', '0x5c6940cefe1dc0cbcc859b62997cc749baa751ca', '0xc8ec6d4cef5c5fe8409ef69303c37f05b678e8f1')",4,35,55,1925,True,1062,47,71.6,299.95,196.97,123.8,-3.38,620.42,-337.19,1414.87,72.3,14097.71
"('0x23c8a4c266d10ba5846837eac391fea89ed6f293', '0x39d3c773be30fcc73161fc6768f46d563a779ef0', '0x412fe1a101554f0b382181c3af932e4b2d8030fa', '0x5c6940cefe1dc0cbcc859b62997cc749baa751ca')",4,60,33,1980,True,1151,40,58.3,475.29,326.18,278.6,-150.31,1100.49,-776.0,2234.46,57.5,19011.55
"('0x412fe1a101554f0b382181c3af932e4b2d8030fa', '0x87da2f16cf98af9b3e2f6ba6d9c4c470815b53d1', '0xc8ec6d4cef5c5fe8409ef69303c37f05b678e8f1', '0xfbf3d501e88815464642d0e913f15379c3eeb218')",4,60,31,1860,True,3072,47,95.3,706.07,348.27,226.42,-36.04,1247.5,-2200.7,5253.17,72.3,33185.5
"('0x23c8a4c266d10ba5846837eac391fea89ed6f293', '0x412fe1a101554f0b382181c3af932e4b2d8030fa', '0x87da2f16cf98af9b3e2f6ba6d9c4c470815b53d1', '0xfbf3d501e88815464642d0e913f15379c3eeb218')",4,65,29,1885,True,3161,38,95.3,799.09,318.68,352.17,-195.75,1562.4,-2669.3,6047.55,63.2,30365.35
"('0x412fe1a101554f0b382181c3af932e4b2d8030fa', '0x5c6940cefe1dc0cbcc859b62997cc749baa751ca', '0x87da2f16cf98af9b3e2f6ba6d9c4c470815b53d1', '0xfbf3d501e88815464642d0e913f15379c3eeb218')",4,60,31,1860,True,3099,46,95.3,654.54,315.98,81.35,-156.9,1043.24,-1738.01,5137.47,52.2,30108.63
"('0x23c8a4c266d10ba5846837eac391fea89ed6f293', '0x412fe1a101554f0b382181c3af932e4b2d8030fa', '0xc8ec6d4cef5c5fe8409ef69303c37f05b678e8f1', '0xfbf3d501e88815464642d0e913f15379c3eeb218')",4,65,30,1950,True,1739,47,94.7,759.4,376.84,332.75,101.15,1168.41,-2522.85,6540.13,80.9,35691.8
"('0x412fe1a101554f0b382181c3af932e4b2d8030fa', '0x5c6940cefe1dc0cbcc859b62997cc749baa751ca', '0xc8ec6d4cef5c5fe8409ef69303c37f05b678e8f1', '0xfbf3d501e88815464642d0e913f15379c3eeb218')",4,60,32,1920,True,1677,53,95.0,660.86,368.69,243.62,-14.58,1214.45,-1602.82,5592.15,69.8,35025.36
"('0x23c8a4c266d10ba5846837eac391fea89ed6f293', '0x412fe1a101554f0b382181c3af932e4b2d8030fa', '0x5c6940cefe1dc0cbcc859b62997cc749baa751ca', '0xfbf3d501e88815464642d0e913f15379c3eeb218')",4,65,29,1885,True,1766,46,95.0,703.45,340.62,252.3,-168.48,1321.31,-2575.91,6414.79,58.7,32358.53
"('0x23c8a4c266d10ba5846837eac391fea89ed6f293', '0x412fe1a101554f0b382181c3af932e4b2d8030fa', '0x87da2f16cf98af9b3e2f6ba6d9c4c470815b53d1', '0xc8ec6d4cef5c5fe8409ef69303c37f05b678e8f1')",4,65,29,1885,True,2538,41,71.7,519.09,296.77,318.58,-15.8,1019.69,-2468.22,4110.36,73.2,21282.87
"('0x412fe1a101554f0b382181c3af932e4b2d8030fa', '0x5c6940cefe1dc0cbcc859b62997cc749baa751ca', '0x87da2f16cf98af9b3e2f6ba6d9c4c470815b53d1', '0xc8ec6d4cef5c5fe8409ef69303c37f05b678e8f1')",4,60,32,1920,True,2476,47,71.7,462.23,302.94,166.94,-37.36,875.23,-1448.66,3379.5,66.0,21724.8
"('0x23c8a4c266d10ba5846837eac391fea89ed6f293', '0x412fe1a101554f0b382181c3af932e4b2d8030fa', '0x5c6940cefe1dc0cbcc859b62997cc749baa751ca', '0x87da2f16cf98af9b3e2f6ba6d9c4c470815b53d1')",4,65,29,1885,True,2565,40,58.6,448.74,306.46,133.2,-180.68,812.88,-1641.93,3487.25,52.5,17949.59
"('0x23c8a4c266d10ba5846837eac391fea89ed6f293', '0x412fe1a101554f0b382181c3af932e4b2d8030fa', '0x5c6940cefe1dc0cbcc859b62997cc749baa751ca', '0xc8ec6d4cef5c5fe8409ef69303c37f05b678e8f1')",4,70,28,1960,True,1143,47,71.6,533.33,350.23,268.92,-12.13,861.44,-683.81,2699.65,70.2,25066.52
"('0x1cc16713196d456f86fa9c7387dd326a7f73b8df', '0x39d3c773be30fcc73161fc6768f46d563a779ef0', '0x87da2f16cf98af9b3e2f6ba6d9c4c470815b53d1', '0xfbf3d501e88815464642d0e913f15379c3eeb218')",4,35,56,1960,True,3347,70,104.6,476.02,318.65,164.93,-106.79,566.75,-1490.52,6799.92,62.9,33321.23
"('0x1cc16713196d456f86fa9c7387dd326a7f73b8df', '0x39d3c773be30fcc73161fc6768f46d563a779ef0', '0xc8ec6d4cef5c5fe8409ef69303c37f05b678e8f1', '0xfbf3d501e88815464642d0e913f15379c3eeb218')",4,25,77,1925,True,1925,74,103.6,349.32,249.58,117.19,-30.63,423.99,-665.74,4857.08,67.6,25849.52
"('0x1cc16713196d456f86fa9c7387dd326a7f73b8df', '0x23c8a4c266d10ba5846837eac391fea89ed6f293', '0x39d3c773be30fcc73161fc6768f46d563a779ef0', '0xfbf3d501e88815464642d0e913f15379c3eeb218')",4,35,55,1925,True,2014,70,104.0,474.02,319.05,176.2,-70.55,593.59,-1384.09,6718.45,62.9,33181.69
"('0x1cc16713196d456f86fa9c7387dd326a7f73b8df', '0x39d3c773be30fcc73161fc6768f46d563a779ef0', '0x5c6940cefe1dc0cbcc859b62997cc749baa751ca', '0xfbf3d501e88815464642d0e913f15379c3eeb218')",4,30,58,1740,True,1952,79,104.4,373.18,282.31,68.57,-48.75,389.29,-823.38,6320.29,57.0,29480.99
"('0x1cc16713196d456f86fa9c7387dd326a7f73b8df', '0x39d3c773be30fcc73161fc6768f46d563a779ef0', '0x87da2f16cf98af9b3e2f6ba6d9c4c470815b53d1', '0xc8ec6d4cef5c5fe8409ef69303c37f05b678e8f1')",4,25,78,1950,True,2724,75,104.6,270.77,194.2,76.08,-68.43,325.05,-1069.11,4519.24,61.3,20307.62
"('0x1cc16713196d456f86fa9c7387dd326a7f73b8df', '0x23c8a4c266d10ba5846837eac391fea89ed6f293', '0x39d3c773be30fcc73161fc6768f46d563a779ef0', '0x87da2f16cf98af9b3e2f6ba6d9c4c470815b53d1')",4,35,56,1960,True,2813,70,104.6,363.19,243.12,77.71,-125.08,493.23,-1535.82,6245.47,54.3,25423.03
"('0x1cc16713196d456f86fa9c7387dd326a7f73b8df', '0x39d3c773be30fcc73161fc6768f46d563a779ef0', '0x5c6940cefe1dc0cbcc859b62997cc749baa751ca', '0x87da2f16cf98af9b3e2f6ba6d9c4c470815b53d1')",4,30,59,1770,True,2751,78,104.6,292.7,218.33,15.23,-89.05,274.49,-901.57,5914.88,50.0,22830.71
"('0x1cc16713196d456f86fa9c7387dd326a7f73b8df', '0x23c8a4c266d10ba5846837eac391fea89ed6f293', '0x39d3c773be30fcc73161fc6768f46d563a779ef0', '0xc8ec6d4cef5c5fe8409ef69303c37f05b678e8f1')",4,25,77,1925,True,1391,74,104.0,273.08,194.31,87.35,-33.34,303.62,-241.47,4461.05,66.2,20207.94
"('0x1cc16713196d456f86fa9c7387dd326a7f73b8df', '0x39d3c773be30fcc73161fc6768f46d563a779ef0', '0x5c6940cefe1dc0cbcc859b62997cc749baa751ca', '0xc8ec6d4cef5c5fe8409ef69303c37f05b678e8f1')",4,25,80,2000,True,1329,81,104.4,260.18,201.81,69.56,-39.96,289.63,-235.04,4929.07,59.3,21074.23
"('0x1cc16713196d456f86fa9c7387dd326a7f73b8df', '0x23c8a4c266d10ba5846837eac391fea89ed6f293', '0x39d3c773be30fcc73161fc6768f46d563a779ef0', '0x5c6940cefe1dc0cbcc859b62997cc749baa751ca')",4,30,58,1740,True,1418,79,104.4,287.48,217.48,59.14,-63.78,302.79,-289.76,5845.05,53.2,22711.1
"('0x1cc16713196d456f86fa9c7387dd326a7f73b8df', '0x87da2f16cf98af9b3e2f6ba6d9c4c470815b53d1', '0xc8ec6d4cef5c5fe8409ef69303c37f05b678e8f1', '0xfbf3d501e88815464642d0e913f15379c3eeb218')",4,35,55,1925,True,3339,75,104.6,463.53,332.45,168.48,-60.57,605.86,-1507.27,6815.44,66.7,34764.42
"('0x1cc16713196d456f86fa9c7387dd326a7f73b8df', '0x23c8a4c266d10ba5846837eac391fea89ed6f293', '0x87da2f16cf98af9b3e2f6ba6d9c4c470815b53d1', '0xfbf3d501e88815464642d0e913f15379c3eeb218')",4,45,41,1845,True,3428,70,104.6,583.29,390.45,212.05,-90.71,922.96,-1988.14,8657.96,62.9,40830.15
"('0x1cc16713196d456f86fa9c7387dd326a7f73b8df', '0x5c6940cefe1dc0cbcc859b62997cc749baa751ca', '0x87da2f16cf98af9b3e2f6ba6d9c4c470815b53d1', '0xfbf3d501e88815464642d0e913f15379c3eeb218')",4,40,46,1840,True,3366,79,104.6,476.96,360.32,130.16,-79.22,509.12,-1214.11,8444.79,58.2,37679.52
"('0x1cc16713196d456f86fa9c7387dd326a7f73b8df', '0x23c8a4c266d10ba5846837eac391fea89ed6f293', '0xc8ec6d4cef5c5fe8409ef69303c37f05b678e8f1', '0xfbf3d501e88815464642d0e913f15379c3eeb218')",4,35,53,1855,True,2006,75,104.0,461.66,332.93,166.77,-44.87,589.26,-1305.23,6733.97,65.3,34624.87
"('0x1cc16713196d456f86fa9c7387dd326a7f73b8df', '0x5c6940cefe1dc0cbcc859b62997cc749baa751ca', '0xc8ec6d4cef5c5fe8409ef69303c37f05b678e8f1', '0xfbf3d501e88815464642d0e913f15379c3eeb218')",4,35,55,1925,True,1944,81,104.4,442.44,343.18,97.38,-46.88,580.62,-881.75,7389.19,59.3,35837.67
"('0x1cc16713196d456f86fa9c7387dd326a7f73b8df', '0x23c8a4c266d10ba5846837eac391fea89ed6f293', '0x5c6940cefe1dc0cbcc859b62997cc749baa751ca', '0xfbf3d501e88815464642d0e913f15379c3eeb218')",4,50,37,1850,True,2033,79,104.4,593.67,449.11,131.84,-81.24,651.16,-1905.43,10439.61,57.0,46900.05
"('0x1cc16713196d456f86fa9c7387dd326a7f73b8df', '0x23c8a4c266d10ba5846837eac391fea89ed6f293', '0x87da2f16cf98af9b3e2f6ba6d9c4c470815b53d1', '0xc8ec6d4cef5c5fe8409ef69303c37f05b678e8f1')",4,35,54,1890,True,2805,75,104.6,358.22,256.92,134.52,-46.46,439.98,-1552.57,6260.99,65.3,26866.21
"('0x1cc16713196d456f86fa9c7387dd326a7f73b8df', '0x5c6940cefe1dc0cbcc859b62997cc749baa751ca', '0x87da2f16cf98af9b3e2f6ba6d9c4c470815b53d1', '0xc8ec6d4cef5c5fe8409ef69303c37f05b678e8f1')",4,35,56,1960,True,2743,80,104.6,350.99,268.52,104.07,-56.54,364.1,-1068.58,6916.21,61.3,28079.01
"('0x1cc16713196d456f86fa9c7387dd326a7f73b8df', '0x23c8a4c266d10ba5846837eac391fea89ed6f293', '0x5c6940cefe1dc0cbcc859b62997cc749baa751ca', '0x87da2f16cf98af9b3e2f6ba6d9c4c470815b53d1')",4,45,44,1980,True,2832,79,104.6,408.03,308.25,55.25,-131.03,407.36,-1424.11,8787.53,50.6,32234.63
"('0x1cc16713196d456f86fa9c7387dd326a7f73b8df', '0x23c8a4c266d10ba5846837eac391fea89ed6f293', '0x5c6940cefe1dc0cbcc859b62997cc749baa751ca', '0xc8ec6d4cef5c5fe8409ef69303c37f05b678e8f1')",4,35,52,1820,True,1410,81,104.4,344.93,267.55,123.74,-46.88,405.49,-375.41,6834.75,60.5,27939.47
"('0x39d3c773be30fcc73161fc6768f46d563a779ef0', '0x87da2f16cf98af9b3e2f6ba6d9c4c470815b53d1', '0xc8ec6d4cef5c5fe8409ef69303c37f05b678e8f1', '0xfbf3d501e88815464642d0e913f15379c3eeb218')",4,35,53,1855,True,2801,47,95.3,381.21,188.03,103.66,-64.36,568.4,-1423.55,3120.64,70.2,17916.79
"('0x23c8a4c266d10ba5846837eac391fea89ed6f293', '0x39d3c773be30fcc73161fc6768f46d563a779ef0', '0x87da2f16cf98af9b3e2f6ba6d9c4c470815b53d1', '0xfbf3d501e88815464642d0e913f15379c3eeb218')",4,60,31,1860,True,2890,37,95.3,690.77,268.23,180.22,-413.14,1310.55,-2507.33,5678.86,59.5,25558.55
"('0x39d3c773be30fcc73161fc6768f46d563a779ef0', '0x5c6940cefe1dc0cbcc859b62997cc749baa751ca', '0x87da2f16cf98af9b3e2f6ba6d9c4c470815b53d1', '0xfbf3d501e88815464642d0e913f15379c3eeb218')",4,55,34,1870,True,2828,46,95.3,550.75,265.88,23.52,-184.71,815.07,-1537.84,4797.8,50.0,25334.49
"('0x23c8a4c266d10ba5846837eac391fea89ed6f293', '0x39d3c773be30fcc73161fc6768f46d563a779ef0', '0xc8ec6d4cef5c5fe8409ef69303c37f05b678e8f1', '0xfbf3d501e88815464642d0e913f15379c3eeb218')",4,35,52,1820,True,1468,47,94.7,378.24,187.69,104.95,-1.14,457.14,-1305.23,3577.9,74.5,17777.24
"('0x39d3c773be30fcc73161fc6768f46d563a779ef0', '0x5c6940cefe1dc0cbcc859b62997cc749baa751ca', '0xc8ec6d4cef5c5fe8409ef69303c37f05b678e8f1', '0xfbf3d501e88815464642d0e913f15379c3eeb218')",4,35,55,1925,True,1406,53,95.0,358.3,199.9,97.38,-30.94,566.96,-881.75,3318.38,62.3,18990.04
"('0x23c8a4c266d10ba5846837eac391fea89ed6f293', '0x39d3c773be30fcc73161fc6768f46d563a779ef0', '0x5c6940cefe1dc0cbcc859b62997cc749baa751ca', '0xfbf3d501e88815464642d0e913f15379c3eeb218')",4,60,33,1980,True,1495,46,95.0,595.62,288.4,74.49,-129.46,1120.66,-2286.52,6017.84,52.2,27398.41
"('0x23c8a4c266d10ba5846837eac391fea89ed6f293', '0x39d3c773be30fcc73161fc6768f46d563a779ef0', '0x87da2f16cf98af9b3e2f6ba6d9c4c470815b53d1', '0xc8ec6d4cef5c5fe8409ef69303c37f05b678e8f1')",4,35,53,1855,True,2267,41,71.7,244.36,139.7,103.66,-96.99,413.88,-1468.85,2404.12,63.4,10018.59
"('0x39d3c773be30fcc73161fc6768f46d563a779ef0', '0x5c6940cefe1dc0cbcc859b62997cc749baa751ca', '0x87da2f16cf98af9b3e2f6ba6d9c4c470815b53d1', '0xc8ec6d4cef5c5fe8409ef69303c37f05b678e8f1')",4,35,56,1960,True,2205,47,71.7,238.97,156.61,97.38,-86.11,378.7,-984.86,2260.56,57.4,11231.38
"('0x23c8a4c266d10ba5846837eac391fea89ed6f293', '0x39d3c773be30fcc73161fc6768f46d563a779ef0', '0x5c6940cefe1dc0cbcc859b62997cc749baa751ca', '0x87da2f16cf98af9b3e2f6ba6d9c4c470815b53d1')",4,55,34,1870,True,2294,40,58.6,323.08,220.64,-19.81,-277.56,498.38,-1609.02,3414.43,42.5,12923.03
"('0x23c8a4c266d10ba5846837eac391fea89ed6f293', '0x39d3c773be30fcc73161fc6768f46d563a779ef0', '0x5c6940cefe1dc0cbcc859b62997cc749baa751ca', '0xc8ec6d4cef5c5fe8409ef69303c37f05b678e8f1')",4,35,55,1925,True,872,47,71.6,236.0,154.98,103.66,-12.61,414.85,-338.05,1480.38,66.0,11091.84
"('0x23c8a4c266d10ba5846837eac391fea89ed6f293', '0x87da2f16cf98af9b3e2f6ba6d9c4c470815b53d1', '0xc8ec6d4cef5c5fe8409ef69303c37f05b678e8f1', '0xfbf3d501e88815464642d0e913f15379c3eeb218')",4,60,31,1860,True,2882,47,95.3,596.44,294.19,177.71,-47.3,1210.73,-2536.04,5773.0,68.1,28032.58
"('0x5c6940cefe1dc0cbcc859b62997cc749baa751ca', '0x87da2f16cf98af9b3e2f6ba6d9c4c470815b53d1', '0xc8ec6d4cef5c5fe8409ef69303c37f05b678e8f1', '0xfbf3d501e88815464642d0e913f15379c3eeb218')",4,60,33,1980,True,2820,53,95.3,568.14,316.01,166.94,-57.49,1027.49,-1706.35,5328.11,62.3,30111.66
"('0x23c8a4c266d10ba5846837eac391fea89ed6f293', '0x5c6940cefe1dc0cbcc859b62997cc749baa751ca', '0x87da2f16cf98af9b3e2f6ba6d9c4c470815b53d1', '0xfbf3d501e88815464642d0e913f15379c3eeb218')",4,65,30,1950,True,2909,46,95.3,587.73,283.73,88.13,-172.39,1223.43,-2477.06,6128.74,52.2,27035.36
"('0x23c8a4c266d10ba5846837eac391fea89ed6f293', '0x5c6940cefe1dc0cbcc859b62997cc749baa751ca', '0xc8ec6d4cef5c5fe8409ef69303c37f05b678e8f1', '0xfbf3d501e88815464642d0e913f15379c3eeb218')",4,60,32,1920,True,1487,53,95.0,563.63,314.45,137.78,-53.04,951.46,-2151.32,6111.99,62.3,29872.44
"('0x23c8a4c266d10ba5846837eac391fea89ed6f293', '0x5c6940cefe1dc0cbcc859b62997cc749baa751ca', '0x87da2f16cf98af9b3e2f6ba6d9c4c470815b53d1', '0xc8ec6d4cef5c5fe8409ef69303c37f05b678e8f1')",4,60,32,1920,True,2286,47,71.7,352.59,231.08,212.13,-65.98,579.54,-1784.01,3145.15,61.7,16571.89
