event,n_points,fills,spread_pnl_gross,final_position,outcome_value,total_pnl_at_resolution
Qarabağ Ağdam FK vs. PFK CSKA Sofia - More M,145,25,-2.77,9.0,0.0,-2.78
San Diego Padres vs. Atlanta Braves,150,26,-2.58,6.0,0.0,-2.58
LoL: JD Gaming vs Anyone's Legend (BO3) - LP,155,36,-2.39,-6.0,1.0,-2.4
Valorant: Evil Geniuses vs Leviatán Esports ,130,30,-2.4,6.0,0.0,-2.4
Zug: Norbert Gombos vs Dominic Stephan Stric,45,12,-2.36,6.0,0.0,-2.36
Miami Marlins vs. Houston Astros,146,18,-2.27,4.0,0.0,-2.27
FC St. Gallen vs. Sport Lisboa e Benfica - M,146,32,-2.25,6.0,0.0,-2.25
Counter-Strike: K27 vs Infinite (BO3) - Star,24,7,-2.11,5.0,0.0,-2.11
Hamburg European Open: Oleksandra Oliynykova,40,8,-2.02,-4.0,1.0,-2.02
FK Dynamo Kyiv vs. PAOK,147,16,-1.97,8.0,0.0,-1.98
Beşiktaş JK vs. FC Midtjylland - More Market,146,31,-1.79,5.0,0.0,-1.8
Counter-Strike: Gentle Mates vs paiN (BO3) -,141,15,-1.78,5.0,0.0,-1.79
LoL: Myth Esports vs Dynasty (BO3) - Road Of,93,24,-1.72,4.0,0.0,-1.73
Los Angeles Galaxy vs. St. Louis City SC,147,4,-1.7,4.0,0.0,-1.72
Palermo: Mina Hodzic vs Noemi Basiletti,44,10,-1.68,-2.0,1.0,-1.68
San Jose Earthquakes vs. Orlando City SC - M,147,5,-1.58,5.0,0.0,-1.66
Austin FC vs. Seattle Sounders FC,147,6,-1.59,-2.0,1.0,-1.59
Livesport Prague Open: Mai Hontama vs Lilli ,46,6,-1.25,4.0,0.0,-1.58
Valorant: Eternal Fire vs Team Heretics (BO3,103,18,-1.45,4.0,0.0,-1.45
Zug: Harold Mayot vs Mika Brunold,48,16,-1.13,-2.0,1.0,-1.44
Counter-Strike: NIP vs ECHO (BO3) - StarLadd,22,8,-1.41,-4.0,1.0,-1.41
Tampa Bay Rays vs. Toronto Blue Jays,152,25,-1.0,3.0,0.0,-1.41
Segovia: Alejandro Moro Canas vs Ivan Marrer,39,5,-1.37,-5.0,1.0,-1.37
Palermo: Francesca Jones vs Miriam Bulgaru,39,8,-1.32,-6.0,1.0,-1.33
Bitcoin Up or Down on July 23?,48,21,-1.33,5.0,0.0,-1.33
Palermo: Dalila Spiteri vs Lucia Bronzetti,47,7,-0.96,3.0,0.0,-1.2
Estoril Open: Jaime Faria vs Gonzalo Bueno,41,8,-1.15,-6.0,1.0,-1.15
Winnipeg: Hayato Matsuoka vs Clement Chidekh,45,8,-0.92,4.0,0.0,-1.11
The Hundred: London Spirit vs Manchester Sup,49,9,-1.11,3.0,0.0,-1.11
Valorant: T1 vs VARREL (BO3) - VCT Pacific G,104,46,-1.1,2.0,0.0,-1.1
Bloomfield Hills: Jacob Fearnley vs Tristan ,37,11,-1.08,-3.0,1.0,-1.08
T20 Lanka Premier League: Galle Gallants vs ,27,8,-1.08,-4.0,1.0,-1.08
Generali Open: Tomas Etcheverry vs Ignacio B,22,4,-0.56,-2.0,1.0,-1.03
Counter-Strike: 100 Thieves vs Nuclear TigeR,20,9,-1.0,3.0,0.0,-1.0
Austin FC vs. Seattle Sounders FC - More Mar,146,7,-0.04,-1.0,1.0,-0.98
Estoril Open: Pedro Martinez vs Luciano Dard,69,6,-0.9,4.0,0.0,-0.91
San Jose Earthquakes vs. Orlando City SC,147,6,-0.88,2.0,0.0,-0.91
CA Belgrano vs. CA Rosario Central,168,6,-0.86,-2.0,1.0,-0.86
Tromsø IL vs. FC Hradec Králové - More Marke,145,19,-0.8,3.0,0.0,-0.81
FCSB vs. FK Auda,122,15,-0.79,3.0,0.0,-0.79
Counter-Strike: Spirit vs OG (BO3) - BLAST B,144,15,-0.76,-5.0,1.0,-0.76
San Diego Padres vs. Atlanta Braves,145,20,-0.65,2.0,0.0,-0.73
Valorant: FunPlus Phoenix vs EDward Gaming (,45,6,-0.73,-2.0,1.0,-0.73
Los Angeles FC vs. Real Salt Lake,147,2,-0.57,-2.0,1.0,-0.7
Valorant: Gentle Mates vs Natus Vincere (BO3,105,24,-0.62,-2.0,1.0,-0.63
Colorado Rapids SC vs. San Diego FC,147,5,-0.57,-1.0,1.0,-0.6
SC Internacional vs. Cruzeiro EC,148,5,-0.58,5.0,0.0,-0.58
FC Twente '65 vs. Ferencvárosi TC,147,12,-0.57,2.0,0.0,-0.57
Hammarby Fotboll vs. RSC Anderlecht - More M,149,18,-0.48,2.0,0.0,-0.48
Generali Open: Yannick Hanfmann vs Sebastian,20,3,-0.39,-1.0,1.0,-0.45
RKS Raków Częstochowa vs. Valletta FC,121,10,-0.43,-2.0,1.0,-0.43
Winnipeg: Shintaro Mochizuki vs Duncan Chan,40,13,-0.49,1.0,1.0,-0.43
Livesport Prague Open: Lucie Havlickova vs B,44,4,-0.41,4.0,0.0,-0.41
Dallas Wings vs. PortlandFire,147,15,-0.32,-1.0,1.0,-0.36
Portland Timbers vs. FC Dallas,147,3,-0.23,1.0,0.0,-0.36
Shelbourne FC vs. Nõmme Kalju FC,123,14,-0.34,-4.0,1.0,-0.35
FC St. Gallen vs. Sport Lisboa e Benfica,147,17,-0.34,-1.0,1.0,-0.34
LoL: ⁠Movistar KOI Fénix vs LUA Gaming (BO3),147,20,-0.32,-2.0,1.0,-0.32
Livesport Prague Open: Maria Timofeeva vs Sa,48,10,-0.21,0.0,0.0,-0.21
Counter-Strike: Lavked vs ex-RUSTEC (BO3) - ,34,8,-0.12,2.0,0.0,-0.12
Bloomfield Hills: Roger Pascual vs Andres Ma,45,11,-0.16,-1.0,0.0,-0.06
Bitcoin above ___ on July 23?,159,64,-0.03,-64.0,1.0,-0.06
Ethereum above ___ on July 23?,159,41,-0.02,-41.0,1.0,-0.04
Bitcoin price on July 23?,159,34,-0.02,34.0,0.0,-0.03
Arizona Diamondbacks vs. St. Louis Cardinals,168,25,-0.03,-1.0,1.0,-0.03
"Bitcoin Up or Down - July 23, 4:00AM-4:05AM ",24,0,0.0,0.0,0.0,0.0
"Bitcoin Up or Down - July 23, 9:25PM-9:30PM ",20,0,0.0,0.0,0.0,0.0
Counter-Strike: Aurora Gaming vs FOKUS (BO3),136,28,0.11,2.0,0.0,0.11
Los Angeles FC vs. Real Salt Lake - More Mar,147,4,0.15,0.0,1.0,0.15
Will Trump be in the WC Champions Photo?,167,54,0.31,-24.0,1.0,0.3
"ODI Series Sri Lanka vs Pakistan, Women: Sri",129,38,0.34,2.0,0.0,0.34
Beşiktaş JK vs. FC Midtjylland,148,14,0.37,-2.0,1.0,0.37
FC Malisheva vs. Hibernian FC,119,11,0.45,-1.0,1.0,0.45
Bloomfield Hills: Borna Gojo vs Dhakshineswa,39,9,0.16,-1.0,0.0,0.47
Counter-Strike: Walczaki vs 3DMAX (BO3) - St,42,9,0.47,-1.0,1.0,0.47
LoL: Eintracht Frankfurt vs BIG (BO3) - Prim,52,4,0.5,0.0,1.0,0.5
Winnipeg: Johannus Monday vs Yuta Shimizu,42,12,0.15,2.0,1.0,0.54
LoL: Galions vs Vitality.Bee (BO1) - LFL Reg,31,9,0.59,1.0,0.0,0.59
Hamburg European Open: Paula Badosa vs Panna,23,4,0.48,2.0,1.0,0.6
Hamburg European Open: Elina Avanesyan vs Yu,50,10,0.74,2.0,1.0,0.74
Estoril Open: Luca Van Assche vs Pablo Carre,45,4,-0.14,2.0,1.0,1.04
Counter-Strike: Heroic vs FOKUS (BO3) - Star,46,6,1.11,2.0,1.0,1.11
Bloomfield Hills: J.J. Wolf vs Coleman Wong,47,14,1.44,2.0,1.0,1.45
Counter-Strike: Sinners vs FUT Esports (BO3),138,20,1.54,2.0,1.0,1.54
Tromsø IL vs. FC Hradec Králové,146,14,1.62,-2.0,0.0,1.62
Qarabağ Ağdam FK vs. PFK CSKA Sofia,146,33,1.64,-1.0,0.0,1.64
Valorant: Global Esports vs FULL SENSE (BO3),66,13,2.03,3.0,1.0,2.03
Hammarby Fotboll vs. RSC Anderlecht,150,21,2.08,1.0,0.0,2.08
Minnesota Twins vs. Cleveland Guardians,151,23,-0.93,5.0,1.0,2.24
Livesport Prague Open: Nikola Bartunkova vs ,44,10,-1.04,-4.0,0.0,2.44
