cat,p_t,y,vol,end,question
?,0.0015,0,235065166.637259,2026-01-28T00:00:00Z,Fed decreases interest rates by 50+ bps after January 2026 m
?,0.0005,0,216455743.153891,2026-01-28T00:00:00Z,Fed increases interest rates by 25+ bps after January 2026 m
?,0.085,1,177370818.43892464,2026-06-15T00:00:00Z,"US x Iran permanent peace deal by June 15, 2026?"
?,0.1825,0,174315688.25573426,2026-07-20T00:00:00Z,Will Argentina win the 2026 FIFA World Cup?
?,0.075,1,173696184.17746878,2026-04-07T00:00:00Z,US x Iran ceasefire by April 7?
?,0.0025,0,172972056.63332495,2026-03-18T00:00:00Z,Will the Fed increase interest rates by 25+ bps after the Ma
?,0.0075,0,161574382.129451,2025-12-10T00:00:00Z,Fed decreases interest rates by 50+ bps after December 2025 
?,0.0005,0,158580818.67117897,2026-07-20T00:00:00Z,Will Egypt win the 2026 FIFA World Cup?
?,0.085,1,157296576.448084,2026-01-31T00:00:00Z,US government shutdown Saturday?
?,0.0005,0,152254451.3257818,2026-07-20T00:00:00Z,Will Morocco win the 2026 FIFA World Cup?
?,0.2055,1,152168021.58979887,2026-07-20T00:00:00Z,Will Spain win the 2026 FIFA World Cup?
?,0.8745,1,143254859.334333,2025-11-04T12:00:00Z,Will Zohran Mamdani win the 2025 NYC mayoral election?
?,0.0005,0,142460221.86557126,2026-07-20T00:00:00Z,Will USA win the 2026 FIFA World Cup?
?,0.0005,0,137807960.8917842,2026-07-20T00:00:00Z,Will Mexico win the 2026 FIFA World Cup?
?,0.0365,0,137345387.0652803,2026-07-20T00:00:00Z,Will Norway win the 2026 FIFA World Cup?
?,0.0025,0,133173605.453166,2025-12-10T00:00:00Z,Fed increases interest rates by 25+ bps after December 2025 
?,0.3885,0,132448346.86106883,2026-07-20T00:00:00Z,Will France win the 2026 FIFA World Cup?
?,0.04,1,131114970.827221,2026-02-28T00:00:00Z,Khamenei out as Supreme Leader of Iran by February 28?
?,0.0005,0,129278677.369467,2026-07-20T00:00:00Z,Will Belgium win the 2026 FIFA World Cup?
?,0.0005,0,119207233.3327582,2026-07-20T00:00:00Z,Will Cape Verde win the 2026 FIFA World Cup?
?,0.2145,0,110162254.18757918,2026-07-20T00:00:00Z,Will England win the 2026 FIFA World Cup?
?,0.0005,0,109483286.88874409,2026-07-20T00:00:00Z,Will Croatia win the 2026 FIFA World Cup?
?,0.0005,0,109092961.84747173,2026-07-20T00:00:00Z,Will Portugal win the 2026 FIFA World Cup?
?,0.972,1,106767096.072298,2026-01-28T00:00:00Z,No change in Fed interest rates after January 2026 meeting?
?,0.0125,0,104205875.48971872,2026-03-31T00:00:00Z,Netanyahu out by March 31?
?,0.0015,0,102216689.131463,2025-10-29T12:00:00Z,Fed increases interest rates by 25+ bps after October 2025 m
?,0.0255,0,101211542.667667,2026-01-28T00:00:00Z,Fed decreases interest rates by 25 bps after January 2026 me
?,0.0005,0,96888032.22035679,2026-07-20T00:00:00Z,Will Ecuador win the 2026 FIFA World Cup?
?,0.0005,0,96120346.28892957,2026-07-20T00:00:00Z,Will Congo DR win the 2026 FIFA World Cup?
?,0.535,1,89652867.363489,2026-01-31T00:00:00Z,"US strikes Iran by February 28, 2026?"
?,0.0005,0,89137687.48381385,2026-07-20T00:00:00Z,Will Ghana win the 2026 FIFA World Cup?
?,0.0005,0,88367393.01311678,2026-07-20T00:00:00Z,Will Australia win the 2026 FIFA World Cup?
?,0.635,0,87888981.28583376,2026-05-31T00:00:00Z,"US x Iran permanent peace deal by May 31, 2026?"
?,0.0065,0,87103283.7263213,2026-03-18T00:00:00Z,Will the Fed decrease interest rates by 25 bps after the Mar
?,0.0005,0,85671553.448979,2026-07-20T00:00:00Z,Will Austria win the 2026 FIFA World Cup?
?,0.0005,0,81936874.65550427,2026-07-20T00:00:00Z,Will Brazil win the 2026 FIFA World Cup?
?,0.0005,0,80873590.38103242,2026-07-20T00:00:00Z,Will Germany win the 2026 FIFA World Cup?
?,0.49,0,80824835.00196,2025-12-31T00:00:00Z,"Will Eleven die in ""Stranger Things: Season 5""?"
?,0.0005,0,80692765.78550497,2026-07-20T00:00:00Z,Will Senegal win the 2026 FIFA World Cup?
?,0.0035,0,78655911.742866,2025-12-31T23:55:00Z,Xi Jinping out in 2025?
?,0.0005,0,78019361.83129518,2026-07-20T00:00:00Z,Will Uruguay win the 2026 FIFA World Cup?
?,0.0005,0,77727053.21317497,2026-07-20T00:00:00Z,Will Netherlands win the 2026 FIFA World Cup?
?,0.0005,0,77544086.61694826,2026-07-20T00:00:00Z,Will Sweden win the 2026 FIFA World Cup?
?,0.9935,1,76909226.49304736,2026-04-29T00:00:00Z,Will there be no change in Fed interest rates after the Apri
?,0.0025,0,75978206.16104123,2026-04-29T00:00:00Z,Will the Fed increase interest rates by 25+ bps after the Ap
?,0.185,0,73927762.4785615,2026-03-31T00:00:00Z,US forces enter Iran by March 31?
?,0.0095,0,73752993.267722,2025-12-31T12:00:00Z,Russia x Ukraine ceasefire in 2025?
?,0.0005,0,67943136.59193021,2026-07-20T00:00:00Z,Will Scotland win the 2026 FIFA World Cup?
?,0.035,0,67368762.49652,2025-09-17T12:00:00Z,No change in Fed interest rates after September 2025 meeting
?,0.0015,0,67002488.50419,2025-09-17T12:00:00Z,Fed increases interest rates by 25+ bps after September 2025
?,0.0015,0,66025383.9220003,2026-04-29T00:00:00Z,Will the Fed decrease interest rates by 50+ bps after the Ap
?,0.0025,0,65931940.58445303,2026-06-30T00:00:00Z,Will the Iranian regime fall by June 30?
?,0.0025,0,65311948.7161929,2026-04-29T00:00:00Z,Will the Fed decrease interest rates by 25 bps after the Apr
?,0.017,0,63229537.94105003,2026-03-31T00:00:00Z,Will the Iranian regime fall by March 31?
?,0.0005,0,61524249.26841759,2026-07-20T00:00:00Z,Will Uzbekistan win the 2026 FIFA World Cup?
?,0.0025,0,60402049.764981,2025-11-04T12:00:00Z,Will Curtis Sliwa win the 2025 NYC mayoral election?
?,0.0005,0,57485266.93301565,2026-07-20T00:00:00Z,Will Czechia win the 2026 FIFA World Cup?
?,0.0005,0,57271836.512883715,2026-07-20T00:00:00Z,Will Saudi Arabia win the 2026 FIFA World Cup?
?,0.925,1,55056697.127347,2026-01-01T05:00:00Z,Lighter market cap (FDV) >$1B one day after launch?
?,0.925,1,54634506.683355,2025-12-10T00:00:00Z,Fed decreases interest rates by 25 bps after December 2025 m
?,0.0065,0,52714900.01335832,2026-04-30T00:00:00Z,Will the Iranian regime fall by April 30?
?,0.018,0,52589989.131546,2025-10-29T12:00:00Z,Fed decreases interest rates by 50+ bps after October 2025 m
?,0.9585,1,51626217.76071,2025-10-29T12:00:00Z,Fed decreases interest rates by 25 bps after October 2025 me
?,0.075,0,51073020.592839,2025-12-31T00:00:00Z,US x Venezuela military engagement by December 31?
?,0.1475,0,49890284.071409,2025-09-17T12:00:00Z,Fed decreases interest rates by 50+ bps after September 2025
?,0.055,0,49748804.334599,2026-01-31T00:00:00Z,Khamenei out as Supreme Leader of Iran by January 31?
?,0.0005,0,49207581.601009,2025-11-04T12:00:00Z,Will Jim Walden win the 2025 NYC mayoral election?
?,0.715,1,49036513.606860146,2026-05-31T00:00:00Z,"US x Iran permanent peace deal by June 30, 2026?"
?,0.116,0,48755937.180665,2025-11-04T12:00:00Z,Will Andrew Cuomo win the 2025 NYC mayoral election?
?,0.043,1,48720376.31273075,2026-04-07T00:00:00Z,Iran x Israel/US conflict ends by April 7?
?,0.0005,0,47529246.662645176,2026-07-20T00:00:00Z,Will New Zealand win the 2026 FIFA World Cup?
?,0.0005,0,46577445.48789424,2026-07-20T00:00:00Z,Will South Africa win the 2026 FIFA World Cup?
?,0.0215,0,46052653.992844,2025-10-29T12:00:00Z,No change in Fed interest rates after October 2025 meeting?
?,0.0005,0,45097302.84833185,2026-07-20T00:00:00Z,Will Qatar win the 2026 FIFA World Cup?
?,0.075,0,44523455.111481,2025-12-10T00:00:00Z,No change in Fed interest rates after December 2025 meeting?
?,0.0055,0,44180791.509037,2025-12-31T00:00:00Z,Will Satoshi move any Bitcoin in 2025?
?,0.065,0,44111324.778536566,2026-06-30T00:00:00Z,Strait of Hormuz traffic returns to normal by end of June?
?,0.0005,0,44007492.74691623,2026-07-20T00:00:00Z,Will Curaçao win the 2026 FIFA World Cup?
?,0.0015,0,43479262.352112,2025-07-30T12:00:00Z,Fed increases interest rates by 25+ bps after July 2025 meet
?,0.9905,1,43061416.20801809,2026-06-17T00:00:00Z,Will there be no change in Fed interest rates after the June
?,0.305,0,41754060.055673,2026-01-31T00:00:00Z,"US strikes Iran by January 31, 2026?"
?,0.0065,0,40912544.015545,2025-07-30T12:00:00Z,Fed decreases interest rates by 50+ bps after July 2025 meet
?,0.005,0,38330965.45359882,2026-05-31T00:00:00Z,Will the Iranian regime fall by May 31?
?,0.065,0,38005859.138665095,2026-04-30T00:00:00Z,Strait of Hormuz traffic returns to normal by end of April?
?,0.0015,0,37866883.42341023,2026-06-17T00:00:00Z,Will the Fed decrease interest rates by 50+ bps after the Ju
?,0.208,0,36601896.005035795,2026-06-07T00:00:00Z,Will Roberto Sánchez Palomino win the 2026 Peruvian presiden
?,0.0005,0,36470355.983686015,2026-07-20T00:00:00Z,Will Tunisia win the 2026 FIFA World Cup?
?,0.815,1,36329925.673244,2025-09-17T12:00:00Z,Fed decreases interest rates by 25 bps after September 2025 
?,0.425,0,36081118.38206247,2026-06-26T02:00:00Z,Will United States win on 2026-06-25?
?,0.0235,0,34641400.627049,2025-12-31T12:00:00Z,Maduro out in 2025?
?,0.182,0,34564221.91767358,2026-05-31T00:00:00Z,Strait of Hormuz traffic returns to normal by end of May?
?,0.0005,0,33082576.34188277,2026-07-20T00:00:00Z,Will Jordan win the 2026 FIFA World Cup?
?,0.0025,0,31394607.518008,2025-12-31T12:00:00Z,"Will Bitcoin reach $1,000,000 by December 31, 2025?"
?,0.635,1,31040324.64426019,2026-06-20T20:00:00Z,Will Germany win on 2026-06-20?
?,0.0065,0,31037182.120555956,2026-06-17T00:00:00Z,Will the Fed increase interest rates by 25 bps after the Jun
?,0.0035,0,30934915.761426214,2026-06-17T00:00:00Z,Will the Fed decrease interest rates by 25 bps after the Jun
?,0.0005,0,30615070.59271094,2026-07-20T00:00:00Z,Will Iraq win the 2026 FIFA World Cup?
?,0.0365,1,30194309.815936,2026-01-31T00:00:00Z,U.S. anti-cartel ground operation in Mexico by January 31?
?,0.585,0,29529221.83360376,2026-06-15T19:00:00Z,Will Belgium win on 2026-06-15?
?,0.455,0,29397547.75841289,2026-06-25T23:00:00Z,Will Japan win on 2026-06-25?
?,0.0005,0,29246888.170365,2025-11-04T12:00:00Z,Will Brad Lander win the 2025 NYC mayoral election?
?,0.0015,0,28829221.50917,2026-03-01T05:00:00Z,"Will Bitcoin reach $150,000 in February?"
?,0.9565,1,28670116.640169,2025-07-30T12:00:00Z,No change in Fed interest rates after July 2025 meeting?
?,0.77,0,28337791.229197014,2026-05-15T00:00:00Z,"Will Trump say ""Iran"" during events with Xi Jinping?"
?,0.495,1,27745325.144072264,2026-06-13T01:00:00Z,Will United States win on 2026-06-12?
?,0.0215,0,26995077.577181,2026-01-31T00:00:00Z,"Russia x Ukraine ceasefire by January 31, 2026?"
?,0.0015,0,26660909.268647,2026-02-01T05:00:00Z,"Will Bitcoin reach $150,000 in January?"
?,0.0745,0,26258664.60106,2025-12-19T00:00:00Z,Will Jake Paul win his boxing match against Anthony Joshua?
?,0.505,0,26085380.534743734,2026-06-16T01:00:00Z,Will IR Iran win on 2026-06-15?
?,0.135,0,26051734.516940523,2026-04-22T00:00:00Z,"US x Iran permanent peace deal by April 22, 2026?"
?,0.875,1,26021665.1755,2025-12-31T00:00:00Z,Will lighter perform an airdrop by December 31? 
?,0.575,0,25829443.2331225,2026-06-25T20:00:00Z,Will Germany win on 2026-06-25?
?,0.115,1,25495050.864901926,2026-04-30T00:00:00Z,QatarEnergy announces/resumes LNG production in Qatar by Apr
?,0.345,0,25456113.707224935,2026-04-12T00:00:00Z,Will the next Prime Minister of Hungary be Viktor Orbán?
?,0.0005,0,25240782.288934,2025-12-31T12:00:00Z,Will Saudi Aramco be the largest company in the world by mar
?,0.845,1,25086666.676263,2025-12-31T00:00:00Z,Lighter market cap (FDV) >$2B one day after launch?
?,0.485,0,25033864.729953494,2026-06-20T03:00:00Z,Will Türkiye win on 2026-06-19?
?,0.185,1,24621548.021247767,2026-04-15T00:00:00Z,US x Iran ceasefire by April 15?
?,0.655,1,24555476.477281053,2026-04-12T00:00:00Z,Will the next Prime Minister of Hungary be Péter Magyar?
?,0.0005,0,24498006.503446,2025-11-04T12:00:00Z,Will Eric Adams win the 2025 NYC mayoral election?
?,0.165,0,24173101.268068768,2026-04-30T00:00:00Z,"US x Iran permanent peace deal by April 30, 2026?"
?,0.0015,0,24149352.753224906,2026-04-01T04:00:00Z,"Will Bitcoin reach $150,000 in March?"
?,0.495,0,23866870.866488546,2026-06-18T16:00:00Z,Will Czechia win on 2026-06-18?
?,0.0005,0,23864336.99083,2026-03-06T17:00:00Z,"Will Elon Musk post 0-19 tweets from February 27 to March 6,"
?,0.0365,0,23551704.395621,2025-07-30T12:00:00Z,Fed decreases interest rates by 25 bps after July 2025 meeti
?,0.795,1,22688333.506431,2026-02-13T00:00:00Z,"US x Iran meeting by February 6, 2026?"
?,0.455,1,22598452.18195877,2026-06-23T00:00:00Z,Will Norway win on 2026-06-22?
?,0.0015,0,22066951.68564701,2026-07-01T04:00:00Z,"Will Bitcoin hit $150k by June 30, 2026?"
?,0.0025,0,21744519.72813603,2026-04-12T00:00:00Z,Will the next Prime Minister of Hungary be István Kapitány?
?,0.0005,0,21740489.034398694,2026-06-17T00:00:00Z,Will the Fed increase interest rates by 50+ bps after the Ju
?,0.625,1,21219503.760994226,2026-06-22T17:00:00Z,Will Argentina win on 2026-06-22?
?,0.905,0,21209383.43092772,2026-06-15T16:00:00Z,Will Spain win on 2026-06-15?
?,0.635,1,21107566.788395956,2026-06-27T00:00:00Z,Will Spain win on 2026-06-26?
?,0.0005,0,20304686.659728,2025-12-07T00:00:00Z,Will Octavian Berceanu be the next Mayor of Bucharest?
?,0.0005,0,20049174.385756884,2026-07-20T00:00:00Z,Will Panama win the 2026 FIFA World Cup?
?,0.665,1,19987092.112487588,2026-06-16T19:00:00Z,Will France win on 2026-06-16?
?,0.575,1,19428880.867619038,2026-05-31T00:00:00Z,Will PSG win the 2025–26 Champions League?
?,0.0005,0,19413483.377014894,2026-05-31T00:00:00Z,Will Club Brugge win the 2025–26 Champions League?
?,0.052,0,19399481.037677,2026-01-25T14:00:00Z,Will André Ventura win the 2026 Portugal presidential electi
?,0.0005,0,19383661.523146,2025-11-04T12:00:00Z,Will Zellnor Myrie win the 2025 NYC mayoral election?
?,0.475,0,19361160.17850011,2026-06-27T23:30:00Z,Will Portugal win on 2026-06-27?
?,0.0025,0,19275707.736605,2025-12-31T12:00:00Z,"Will Bitcoin reach $200,000 by December 31, 2025?"
?,0.125,0,19099091.534227055,2026-06-07T00:00:00Z,"US x Iran permanent peace deal by June 7, 2026?"
?,0.86,1,19074523.591451,2025-12-19T00:00:00Z,Will Anthony Joshua win his boxing match against Jake Paul?
?,0.555,1,18919350.29098934,2026-06-26T19:00:00Z,Will France win on 2026-06-26?
?,0.0005,0,18905388.951092,2026-01-25T14:00:00Z,Will Raul Perestrello win the 2026 Portugal presidential ele
?,0.745,1,18844769.047732238,2026-06-24T22:00:00Z,Will Morocco win on 2026-06-24?
?,0.505,1,18760216.76957973,2026-06-15T02:00:00Z,Will Sweden win on 2026-06-14?
?,0.0025,0,18467737.400303,2025-12-31T12:00:00Z,"Will Ethereum hit $5,000 by December 31?"
?,0.1875,0,18446435.319120057,2026-05-15T00:00:00Z,"US x Iran permanent peace deal by May 15, 2026?"
?,0.595,1,18418022.199651264,2026-06-27T21:00:00Z,Will Croatia win on 2026-06-27?
?,0.375,0,18387774.814044967,2026-04-29T19:00:00Z,Will Arsenal FC win on 2026-04-29?
?,0.695,0,18080948.748315174,2026-06-21T19:00:00Z,Will Belgium win on 2026-06-21?
?,0.0065,0,17976157.529867,2025-12-31T12:00:00Z,MicroStrategy sells any Bitcoin in 2025?
?,0.0275,0,17940559.114660934,2026-05-15T00:00:00Z,Strait of Hormuz traffic returns to normal by May 15?
?,0.316,0,17884421.031288,2026-02-08T12:00:00Z,Will the New England Patriots win Super Bowl 2026?
?,0.0005,0,17877969.460003857,2026-04-23T00:00:00Z,Will the Indian National Congress (INC) win the most seats i
?,0.695,1,17636106.97954206,2026-06-18T02:00:00Z,Will Colombia win on 2026-06-17?
?,0.655,1,17517132.89494811,2026-06-14T01:00:00Z,Will Scotland win on 2026-06-13?
?,0.1205,1,17450416.216830038,2026-04-15T00:00:00Z,Iran x Israel/US conflict ends by April 15?
?,0.0005,0,17399211.228589,2025-11-04T12:00:00Z,Will Rudy Giuliani win the 2025 NYC mayoral election?
?,0.0535,0,17372089.246162925,2026-04-30T23:55:00Z,Kharg Island no longer under Iranian control by April 30?
?,0.0005,0,17172736.263185,2025-11-04T12:00:00Z,Will Adrienne Adams win the 2025 NYC mayoral election?
?,0.265,0,16913391.371627,2026-01-31T00:00:00Z,"Israel strikes Iran by January 31, 2026?"
?,0.555,1,16909396.870261263,2026-06-22T01:00:00Z,Will Egypt win on 2026-06-21?
?,0.495,1,16880499.15083813,2026-06-19T22:00:00Z,Will Morocco win on 2026-06-19?
?,0.135,1,16734226.137969712,2026-06-07T00:00:00Z,Israel announces Lebanon ceasefire extension by June 7?
?,0.615,0,16644052.228769382,2026-06-25T01:00:00Z,Will Korea Republic win on 2026-06-24?
?,0.3725,1,16595338.399712065,2026-03-31T00:00:00Z,Will Crude Oil (CL) hit (HIGH) $100 by end of March?
?,0.0005,0,16550425.532013956,2026-04-12T00:00:00Z,Will Movement for a Better Hungary (Jobbik) win the most sea
?,0.745,0,16506998.079854466,2026-06-23T20:00:00Z,Will England win on 2026-06-23?
?,0.0065,0,16414060.383217,2025-12-31T12:00:00Z,"Will Bitcoin reach $150,000 by December 31, 2025?"
?,0.0045,0,16315167.812269002,2026-04-30T00:00:00Z,Trump out as President by April 30?
?,0.555,0,15897492.422452303,2026-06-14T04:00:00Z,Will Türkiye win on 2026-06-14?
?,0.565,1,15857649.80726726,2026-06-17T20:00:00Z,Will England win on 2026-06-17?
?,0.0025,0,15857522.578687,2025-12-31T12:00:00Z,"Will Bitcoin reach $250,000 by December 31, 2025?"
?,0.0005,0,15810680.148466,2025-12-07T00:00:00Z,Will Sorin Grindeanu be the next Mayor of Bucharest?
?,0.0005,0,15713299.040921,2026-03-03T17:00:00Z,Will Elon Musk post 100-119 tweets from February 24 to March
?,0.0005,0,15699200.216287,2025-12-31T12:00:00Z,Will Thunderbolts be the top grossing movie of 2025?
?,0.0025,0,15617197.1584,2025-11-01T04:00:00Z,Will Bitcoin reach $200k in October?
?,0.9995,1,15515794.179611996,2026-05-31T00:00:00Z,Trump kiss by May 31?
?,0.2,0,15430021.40518324,2026-05-24T00:00:00Z,Iran closes its airspace by May 24?
?,0.605,0,15381429.4228347,2026-06-13T22:00:00Z,Will Brazil win on 2026-06-13?
?,0.0005,0,15379379.627399104,2026-04-12T00:00:00Z,Will LMP – Hungary’s Green Party (LMP) win the most seats in
?,0.655,1,15331447.252722226,2026-06-23T03:00:00Z,Will Algeria win on 2026-06-22?
?,0.6825,1,15295581.172679,2026-02-08T12:00:00Z,Will the Seattle Seahawks win Super Bowl 2026?
?,0.0015,0,15249931.011636002,2026-05-31T12:00:00Z,GTA VI released before June 2026?
?,0.0715,0,15085502.841227,2025-12-19T00:00:00Z,Will Jake Paul vs. Anthony Joshua have no official winner?
?,0.585,1,14904080.953970106,2026-06-20T17:00:00Z,Will Netherlands win on 2026-06-20?
?,0.0105,0,14784685.9830578,2026-06-07T00:00:00Z,Will Rafael López Aliaga win the 2026 Peruvian presidential 
?,0.0005,0,14777643.890922,2025-12-31T12:00:00Z,Will Captain America: Brave New World be the top grossing mo
?,0.765,0,14396185.470534254,2026-06-17T17:00:00Z,Will Portugal win on 2026-06-17?
?,0.745,1,14324374.22380302,2026-06-18T22:00:00Z,Will Canada win on 2026-06-18?
?,0.265,0,14296822.328016,2025-09-30T00:00:00Z,Lord Miles completes 40-day water fast in the desert?
?,0.585,1,14280617.889725218,2026-06-21T04:00:00Z,Will Japan win on 2026-06-21?
?,0.0005,0,13968519.399758,2025-12-31T12:00:00Z,Will How to Train Your Dragon be the top grossing movie of 2
?,0.027,0,13949920.231067,2025-10-10T00:00:00Z,Will Donald Trump win the Nobel Peace Prize in 2025?
?,0.0005,0,13863122.728459079,2026-04-12T00:00:00Z,Will the next Prime Minister of Hungary be László Toroczkai?
?,0.0005,0,13822679.398023,2025-12-07T00:00:00Z,Will Marian Vanghelie be the next Mayor of Bucharest?
?,0.0005,0,13703460.344383,2025-12-31T12:00:00Z,Will The Fantastic Four: First Steps be the top grossing mov
?,0.002,0,13588620.834388,2025-12-01T05:00:00Z,"Will Bitcoin reach $200,000 in November?"
?,0.665,0,13550398.086217,2026-02-14T00:00:00Z,Government shutdown on Saturday?
?,0.655,1,13491651.789377,2025-10-01T00:00:00Z,US government shutdown by October 1?
?,0.0035,0,13456217.023449102,2026-06-30T23:55:00Z,Kharg Island no longer under Iranian control by June 30?
?,0.565,1,13451120.520932108,2026-06-19T19:00:00Z,Will United States win on 2026-06-19?
?,0.006,0,13448709.655509828,2026-03-31T00:00:00Z,Trump out as President by March 31?
?,0.23,1,13308140.845727,2025-08-31T00:00:00Z,Houthi strike on Israel by August 31?
?,0.0005,0,13270465.032302,2025-11-16T12:00:00Z,Will Ximena Rincón win the Chilean presidential election?
?,0.0015,0,13219840.034141,2026-02-01T05:00:00Z,"Will Ethereum reach $6,000 in January?"
?,0.0025,0,13211425.234841,2025-12-31T12:00:00Z,"Will Bitcoin reach $130,000 by December 31, 2025?"
?,0.294,0,13208030.096722003,2026-04-12T00:00:00Z,Will Carlos Álvarez win the 2026 Peruvian presidential elect
?,0.0005,0,13086678.140873,2025-11-21T00:00:00Z,Will the government shutdown end November 12?
?,0.59,0,13065430.291494356,2026-05-19T18:30:00Z,Will Manchester City FC win on 2026-05-19?
?,0.065,0,13050669.286966823,2026-04-30T23:55:00Z,Trump announces end of military operations against Iran by A
?,0.042,0,13025594.701676,2026-02-01T05:00:00Z,"Will Bitcoin reach $100,000 in January?"
?,0.0185,0,13022834.40429326,2026-06-14T17:00:00Z,Will Curaçao win on 2026-06-14?
?,0.0005,0,13001660.71794095,2026-05-27T00:00:00Z,Will Manchester City win the 2025–26 English Premier League?
?,0.53,1,12954170.097464152,2026-04-08T19:00:00Z,Will Paris Saint-Germain FC win on 2026-04-08?
?,0.007,0,12827468.473153912,2026-04-30T00:00:00Z,Will Trump visit China by April 30?
?,0.465,1,12677277.821971292,2026-06-17T23:00:00Z,Will Ghana win on 2026-06-17?
?,0.535,1,12546755.069057487,2026-06-25T01:00:00Z,Will Mexico win on 2026-06-24?
?,0.625,1,12543597.939382985,2026-06-23T23:00:00Z,Will Croatia win on 2026-06-23?
?,0.0075,0,12487118.882864993,2026-03-31T00:00:00Z,Will Crude Oil (CL) hit (HIGH) $200 by end of March?
?,0.0005,0,12461579.884952983,2026-12-31T00:00:00Z,Will Volodymyr Zelenskyy be the next leader out before 2027?
?,0.0005,0,12394296.45555,2025-12-07T00:00:00Z,Will Călin Georgescu be the next Mayor of Bucharest?
?,0.525,1,12384636.801802278,2026-06-19T01:00:00Z,Will Mexico win on 2026-06-18?
?,0.0025,0,12364377.621775,2025-12-31T12:00:00Z,Will China invade Taiwan in 2025?
?,0.043,0,12362413.907608908,2026-06-30T00:00:00Z, Iran agrees to end enrichment of uranium by June 30?
?,0.145,0,12358578.449661002,2026-03-31T00:00:00Z,Will Trump talk to Xi Jinping in March?
?,0.9995,1,12340533.59949487,2026-05-27T00:00:00Z,Will Arsenal win the 2025–26 English Premier League?
?,0.027,0,12296618.229974,2026-01-31T00:00:00Z,"US strikes Iran by January 23, 2026?"
?,0.685,0,12174216.258805264,2026-06-21T22:00:00Z,Will Uruguay win on 2026-06-21?
?,0.615,0,12129905.141829975,2026-05-15T00:00:00Z,"Will Trump say ""Nuclear"" during events with Xi Jinping?"
?,0.0015,0,12086752.327925,2026-06-30T00:00:00Z,Will Benjamin Netanyahu enter Iran by June 30?
?,0.0005,0,12050070.052878,2025-12-31T12:00:00Z,Will Tesla be the largest company in the world by market cap
?,0.0025,0,12006094.235334797,2026-06-30T00:00:00Z,"Will China invade Taiwan by June 30, 2026?"
?,0.665,0,11995661.364783,2026-03-03T20:15:00Z,Will Liverpool FC win on 2026-03-03?
?,0.205,0,11984525.580031335,2026-06-19T01:00:00Z,Will Korea Republic win on 2026-06-18?
?,0.0405,0,11825309.806933,2026-01-31T00:00:00Z,Will the Iranian regime fall by January 31?
?,0.19,0,11773855.877798,2025-11-15T00:00:00Z,Will the Government shutdown end November 8-11?
?,0.0035,0,11760101.336012,2025-12-31T12:00:00Z,Jerome Powell out as Fed Chair in 2025?
?,0.9965,1,11754769.393814,2025-12-31T12:00:00Z,Will A Minecraft Movie be the top grossing movie of 2025?
?,0.0005,0,11637679.639845,2025-11-30T00:00:00Z,Will Tesla be the largest company in the world by market cap
?,0.0005,0,11628811.048951,2025-12-31T12:00:00Z,Will Jurassic World: Rebirth be the top grossing movie of 20
?,0.465,1,11617612.259371,2026-02-17T20:00:00Z,Will BV Borussia 09 Dortmund win on 2026-02-17?
?,0.0535,0,11422382.278709,2025-12-07T12:00:00Z,Will Max Verstappen be the 2025 Drivers Champion?
?,0.975,1,11385724.578479,2025-12-31T00:00:00Z,Will Stephen Colbert be named in newly released Epstein file
?,0.0005,0,11376039.492757,2025-11-16T12:00:00Z,Will Marco Enríquez-Ominami win the Chilean presidential ele
?,0.0045,0,11225287.27295614,2026-06-30T00:00:00Z,Will the US confirm that aliens exist by June 30?
?,0.0205,0,11190577.830452636,2026-05-31T23:55:00Z,Kharg Island no longer under Iranian control by May 31?
?,0.325,0,11176262.09989,2025-07-31T00:00:00Z,Israel x Hamas ceasefire before August?
?,0.3425,0,11152807.781807091,2026-07-20T00:00:00Z,Will Lionel Messi be the top goalscorer at the 2026 FIFA Wor
?,0.0015,0,11060840.318713,2025-12-31T12:00:00Z,Will Avatar 3 be the top grossing movie of 2025?
?,0.0045,0,11023838.946488,2025-11-01T04:00:00Z,Will Monad perform an airdrop by October 31? 
?,0.009,0,10993955.915443,2025-12-31T12:00:00Z,Khamenei out as Supreme Leader of Iran in 2025?
?,0.0005,0,10876038.028228,2025-10-26T12:00:00Z,Will UCR hold the most seats in the Chamber of Deputies foll
?,0.535,0,10789560.30480742,2026-06-12T19:00:00Z,Will Canada win on 2026-06-12?
?,0.545,1,10673406.910317,2026-01-31T20:00:00Z,Will Liverpool FC win on 2026-01-31?
?,0.195,1,10670888.380003048,2026-06-25T20:00:00Z,Will Ecuador win on 2026-06-25?
?,0.54,1,10618784.457511151,2026-05-10T19:00:00Z,Will FC Barcelona win on 2026-05-10?
?,0.0035,0,10607442.318742946,2026-03-31T00:00:00Z,"Will China invade Taiwan by March 31, 2026?"
?,0.705,1,10561644.990771,2025-10-31T12:00:00Z,Will the Los Angeles Dodgers win the 2025 World Series?
?,0.525,0,10369639.104046939,2025-10-31T00:00:00Z,Will Trump visit China by March 31?
?,0.695,1,10340701.03032523,2026-06-11T19:00:00Z,Will Mexico win on 2026-06-11?
?,0.0005,0,10206722.937634,2025-12-31T12:00:00Z,Will Superman be the top grossing movie of 2025?
?,0.2265,1,10122349.055545038,2026-04-01T04:00:00Z,"Will Bitcoin dip to $65,000 in March?"
?,0.555,1,10093606.974152,2026-03-01T16:30:00Z,Will Arsenal FC win on 2026-03-01?
?,0.0025,0,9995564.195892,2025-12-31T12:00:00Z,"Will Ethereum hit $6,000 by December 31?"
?,0.655,0,9968465.165516004,2026-05-15T00:00:00Z,"Will Trump say ""Strait"" or ""Hormuz"" during events with Xi Ji"
?,0.5,1,9940935.873046,2026-01-21T20:00:00Z,Will Liverpool FC win on 2026-01-21?
?,0.465,1,9889793.045153989,2026-06-27T23:30:00Z,Will DR Congo win on 2026-06-27?
?,0.665,0,9860208.306297,2026-01-28T20:00:00Z,Will Paris Saint-Germain FC win on 2026-01-28?
?,0.477,0,9839429.155274,2025-11-15T00:00:00Z,Will the Government shutdown end November 16 or later?
?,0.77,0,9727413.453505,2025-12-31T00:00:00Z,Lighter Airdrop on December 29?
?,0.9995,1,9671895.18163,2025-12-31T12:00:00Z,TikTok sale announced in 2025?
?,0.0065,0,9575896.405742953,2026-04-30T00:00:00Z,Netanyahu out by April 30?
?,0.535,0,9575649.779967,2026-01-01T05:00:00Z,Lighter market cap (FDV) >$3B one day after launch?
?,0.0525,0,9561874.596762056,2026-04-13T00:00:00Z,Will Xander Schauffele win the 2026 Masters tournament?
?,0.655,1,9532218.851709109,2026-06-24T02:00:00Z,Will Colombia win on 2026-06-23?
?,0.0105,0,9527883.414922891,2026-04-30T00:00:00Z,"Russia x Ukraine ceasefire by April 30, 2026?"
?,0.455,1,9495043.802012082,2026-06-24T19:00:00Z,Will Switzerland win on 2026-06-24?
?,0.095,0,9488906.00515208,2026-04-15T23:55:00Z,Trump announces end of military operations against Iran by A
?,0.0015,0,9488801.522718,2025-12-31T12:00:00Z,"Will Ethereum hit $10,000 by December 31?"
?,0.029,0,9479018.595278,2026-01-01T05:00:00Z,"Will Bitcoin reach $100,000 by December 31, 2025?"
?,0.0195,0,9471175.115201969,2026-03-31T00:00:00Z,Will Crude Oil (CL) hit (HIGH) $150 by end of March?
?,0.795,1,9364518.518527128,2026-06-23T17:00:00Z,Will Portugal win on 2026-06-23?
?,0.0005,0,9355140.22698,2025-11-04T12:00:00Z,Will Andrew Yang win the 2025 NYC mayoral election?
?,0.9995,1,9333885.203982,2025-11-30T00:00:00Z,Will Gemini 3.0 be released on November 18 2025?
?,0.001,0,9297942.55577898,2026-04-12T00:00:00Z,Will the next Prime Minister of Hungary be János Lázár?
?,0.0005,0,9297722.05795501,2026-12-31T00:00:00Z,Will Mahmoud Abbas be the next leader out before 2027?
?,0.0035,0,9272254.794885797,2026-06-30T00:00:00Z,Trump out as President by June 30?
?,0.045,1,9257039.920657,2025-12-31T00:00:00Z,Epstein blackmail evidence released in 2025? 
?,0.315,1,9245319.949545983,2026-06-28T02:00:00Z,Will Algeria vs. Austria end in a draw?
?,0.0005,0,9233752.661475008,2026-12-31T00:00:00Z,Will no listed leader be out before 2027?
?,0.465,0,9220844.175980058,2026-06-27T03:00:00Z,Will Egypt win on 2026-06-26?
?,0.0005,0,9201412.085965,2026-07-12T00:00:00Z,Will Laura Siegemund be the 2026 Women’s Wimbledon Winner?
?,0.885,1,9191826.131226048,2026-06-22T21:00:00Z,Will France win on 2026-06-22?
?,0.285,0,9188343.67475,2025-11-30T00:00:00Z,US x Venezuela military engagement by November 30?
?,0.9905,1,9158406.645494,2025-12-31T12:00:00Z,Will NVIDIA be the largest company in the world by market ca
?,0.905,1,9134078.220091,2025-10-31T00:00:00Z,Will Trump meet with Xi Jinping by October 31?
?,0.0005,0,9129551.072016,2026-01-25T14:00:00Z,Will Aristides Teixeira win the 2026 Portugal presidential e
?,0.54,0,9056989.371149095,2025-12-31T00:00:00Z,MegaETH market cap (FDV) >$2B one day after launch?
?,0.297,0,8901922.461705,2025-10-31T12:00:00Z,Will the Toronto Blue Jays win the 2025 World Series?
?,0.147,0,8873168.0766,2025-11-16T12:00:00Z,Will Jeannette Jara win the Chilean presidential election?
?,0.0005,0,8854318.163173,2025-12-07T00:00:00Z,Will Crin Antonescu be the next Mayor of Bucharest?
?,0.0015,0,8802970.895394,2026-03-01T05:00:00Z,"Will Ethereum reach $4,400 in February?"
?,0.0075,0,8775890.64125,2025-09-30T12:00:00Z,Russia x Ukraine ceasefire before October?
?,0.0005,0,8736917.396424,2025-12-31T00:00:00Z,Will Saudi Aramco be the second-largest company in the world
?,0.615,1,8733707.715119015,2026-05-10T15:30:00Z,Will Arsenal FC win on 2026-05-10?
?,0.375,0,8733405.134571051,2026-06-28T02:00:00Z,Will Austria win on 2026-06-27?
?,0.0005,0,8706167.69264,2026-01-25T14:00:00Z,Will Pedro Tinoco de Faria win the 2026 Portugal presidentia
?,0.0005,0,8697440.388086,2025-12-31T12:00:00Z,Will Microsoft have the top AI model on December 31?
?,0.605,0,8689741.495558972,2026-05-01T04:00:00Z,"Will Bitcoin reach $80,000 in April?"
?,0.075,0,8681375.204627028,2026-04-01T04:00:00Z,"Will Bitcoin reach $80,000 in March?"
?,0.575,0,8679949.91766904,2026-05-04T14:00:00Z,Will Chelsea FC win on 2026-05-04?
?,0.64,1,8645680.350651,2026-02-22T16:30:00Z,Will Arsenal FC win on 2026-02-22?
?,0.0145,0,8605610.758506,2025-12-31T12:00:00Z,"Will Bitcoin dip to $70,000 by December 31, 2025?"
?,0.725,1,8584792.035064,2026-01-21T20:00:00Z,Will FC Barcelona win on 2026-01-21?
?,0.35,1,8583813.346589,2026-02-01T05:00:00Z,"Will Bitcoin dip to $85,000 in January?"
?,0.2605,0,8565902.329688976,2026-05-31T00:00:00Z,Iran closes its airspace by May 31?
?,0.087,0,8558205.07163694,2026-06-07T00:00:00Z,Will Joao Fonseca win the 2026 Men's French Open?
?,0.008,0,8547233.512894925,2026-03-31T00:00:00Z,Will Reza Pahlavi enter Iran by March 31?
?,0.905,1,8523406.23501897,2026-06-20T00:30:00Z,Will Brazil win on 2026-06-19?
?,0.0015,0,8506626.949584,2025-12-31T12:00:00Z,Will Zootopia 2 be the top grossing movie of 2025?
?,0.57,1,8489980.92698,2026-02-24T17:45:00Z,Will Club Atlético de Madrid win on 2026-02-24?
?,0.0005,0,8448383.481392,2026-01-25T14:00:00Z,Will José Cardoso win the 2026 Portugal presidential electio
?,0.0295,0,8447703.489108935,2026-04-15T23:55:00Z,Kharg Island no longer under Iranian control by April 15?
?,0.32,1,8422644.165384,2025-11-15T00:00:00Z,Will the Government shutdown end November 12-15?
?,0.565,0,8408043.507648,2026-01-17T15:00:00Z,Will Tottenham Hotspur FC win on 2026-01-17?
?,0.004,0,8394057.087119,2025-12-31T12:00:00Z,Will the US confirm that aliens exist in 2025?
?,0.0015,0,8390984.80327403,2026-05-16T00:00:00Z,Will Poland win Eurovision 2026?
?,0.0015,0,8381808.523194,2025-12-31T12:00:00Z,Will Lilo & Stitch be the top grossing movie of 2025?
?,0.12,1,8284127.671512002,2026-04-30T00:00:00Z,Will a U.S. anti-cartel operation outside of the United Stat
?,0.565,1,8273738.974615922,2026-07-20T00:00:00Z,Will Kylian Mbappe be the top goalscorer at the 2026 FIFA Wo
?,0.0035,0,8257060.300168,2026-01-01T05:00:00Z,"Will Bitcoin reach $120,000 by December 31, 2025?"
?,0.565,1,8225168.862845045,2026-05-16T14:00:00Z,Will Manchester City FC win on 2026-05-16?
?,0.59,0,8195506.559319,2026-01-18T16:30:00Z,Will Aston Villa FC win on 2026-01-18?
?,0.435,0,8185435.249886,2025-11-30T00:00:00Z,Will Salvador Nasralla win the 2025 Honduras presidential el
?,0.745,1,8167338.320957994,2026-03-18T20:00:00Z,Will Liverpool FC win on 2026-03-18?
?,0.125,0,8136573.744183,2026-01-01T05:00:00Z,"Will Bitcoin reach $95,000 by December 31, 2025?"
?,0.0005,0,8135250.043078935,2026-05-01T04:00:00Z,"Will Bitcoin reach $150,000 in April?"
?,0.0015,0,8108124.935098929,2026-05-16T00:00:00Z,Will Austria win Eurovision 2026?
?,0.855,1,8098202.505656997,2026-03-21T15:00:00Z,Will Manchester City FC win on 2026-03-21?
?,0.335,0,8085644.130929168,2026-04-29T19:00:00Z,Will Club Atlético de Madrid win on 2026-04-29?
?,0.0015,0,8076282.887557,2025-11-16T12:00:00Z,Will Alberto Undurraga win the Chilean presidential election
?,0.0045,0,8069448.520812,2026-02-28T12:00:00Z,Will GTA 6 cost $100+?
?,0.093,0,8066294.940938,2026-01-01T05:00:00Z,"Will Bitcoin dip to $80,000 by December 31, 2025?"
?,0.9995,1,8030505.614676,2025-09-30T00:00:00Z,Will Trump impose more sanctions on Russia by September 30?
?,0.1295,0,8009442.956812905,2026-03-31T00:00:00Z,Will Crude Oil (CL) hit (HIGH) $110 by end of March?
?,0.0015,0,8005194.894752008,2026-05-16T00:00:00Z,Will Albania win Eurovision 2026?
?,0.61,0,7976026.758481,2026-01-18T20:00:00Z,Will FC Barcelona win on 2026-01-18?
?,0.0015,0,7971673.119105,2026-03-01T05:00:00Z,"Will Ethereum reach $5,000 in February?"
?,0.09,0,7966559.269008993,2026-03-31T00:00:00Z,Will Crude Oil (CL) hit (HIGH) $120 by end of March?
?,0.59,0,7961066.721005983,2026-01-31T00:00:00Z,Israel x Syria security agreement by June 30?
?,0.9725,1,7924514.669527,2025-12-31T00:00:00Z,Will Elon Musk be named in newly released Epstein files?
?,0.185,0,7913769.202511,2026-03-01T05:00:00Z,"Will Bitcoin reach $75,000 in February?"
?,0.9995,1,7912817.765875065,2026-06-30T12:00:00Z,"Starmer out by June 30, 2026?"
?,0.275,0,7906197.816467133,2026-06-23T00:00:00Z,Will Norway vs. Senegal end in a draw?
?,0.135,1,7902409.57029,2025-11-30T00:00:00Z,Will Nasry Juan Asfura Zablah win the 2025 Honduras presiden
?,0.1195,0,7895976.526057,2025-12-07T12:00:00Z,Will Oscar Piastri be the 2025 Drivers Champion?
?,0.7245,1,7867806.308222,2026-01-25T14:00:00Z,Will António José Seguro win the 2026 Portugal presidential 
?,0.065,0,7792977.976447833,2026-03-31T23:55:00Z,Kharg Island no longer under Iranian control by March 31?
?,0.705,0,7772042.673206938,2026-04-11T11:30:00Z,Will Arsenal FC win on 2026-04-11?
?,0.54,0,7769518.680133,2026-01-20T20:00:00Z,Will Paris Saint-Germain FC win on 2026-01-20?
?,0.415,1,7753176.610305,2025-11-09T00:00:00Z,Will T1 win LoL Worlds 2025?
?,0.52,1,7735685.327279,2026-02-17T20:00:00Z,Will Real Madrid CF win on 2026-02-17?
?,0.695,1,7707332.210679964,2026-06-24T22:00:00Z,Will Brazil win on 2026-06-24?
?,0.0005,0,7682628.546,2026-03-03T17:00:00Z,Will Elon Musk post 80-99 tweets from February 24 to March 3
?,0.675,1,7681286.254786,2026-02-21T20:00:00Z,Will Club Atlético de Madrid win on 2026-02-21?
?,0.0005,0,7636388.892528013,2026-04-12T00:00:00Z,Will the Democratic Coalition (DK) win the most seats in the
?,0.575,1,7626224.046920019,2026-03-31T00:00:00Z,Will Trump visit China by May 31?
?,0.345,1,7603363.7921550535,2026-06-26T02:00:00Z,Will Türkiye win on 2026-06-25?
?,0.039,0,7598984.9543,2025-09-30T00:00:00Z,Lisa Cook out as Fed Governor by September 30?
?,0.825,1,7598609.843235994,2026-06-28T02:00:00Z,Will Argentina win on 2026-06-27?
?,0.0115,0,7598077.229271018,2026-04-13T00:00:00Z,Will Shane Lowry win the 2026 Masters tournament?
?,0.066,0,7574775.76100501,2026-06-21T00:00:00Z,Will Curaçao win on 2026-06-20?
?,0.0015,0,7570762.533718,2025-12-31T12:00:00Z,"Will Ethereum hit $7,000 by December 31?"
?,0.885,1,7563256.444224,2025-12-31T12:00:00Z,"Will Trump deport 250,000-500,000 people?"
?,0.0135,0,7551511.585962,2026-03-01T05:00:00Z,"Will Bitcoin reach $85,000 in February?"
?,0.0005,0,7527608.300541,2026-01-31T00:00:00Z,Will Meituan have the best AI model at the end of January 20
?,0.2135,0,7517688.702565,2025-08-01T04:00:00Z,Will Ethereum reach $4000 in July?
?,0.875,1,7479198.557189,2025-11-04T00:00:00Z,Will Mikie Sherrill win the New Jersey Governor Election in 
?,0.34,0,7456315.379733,2026-01-31T00:00:00Z,Will Trump talk to Vladimir Putin in January?
?,0.065,1,7423340.925850005,2026-04-13T00:00:00Z,Will Rory McIlroy win the 2026 Masters tournament?
?,0.395,0,7355659.3151120655,2026-06-14T23:00:00Z,Will Ecuador win on 2026-06-14?
?,0.39,0,7349911.152369008,2026-04-14T19:00:00Z,Will Liverpool FC win on 2026-04-14?
?,0.055,0,7334705.631073961,2026-04-01T04:00:00Z,"Will Bitcoin dip to $60,000 in March?"
?,0.135,0,7331927.18613499,2026-06-21T14:00:00Z,Will Ivan Cepeda Castro win the 2026 Colombian presidential 
?,0.0005,0,7326758.679552,2025-10-19T00:00:00Z,Will Andrónico Rodríguez win the 2025 Bolivia presidential e
?,0.65,1,7326525.907317,2025-08-31T00:00:00Z,Will MrBeast raise $40M for clean water by August 31?
?,0.0005,0,7300705.855094,2026-01-31T00:00:00Z,Will Mistral have the best AI model at the end of January 20
?,0.046,0,7296072.016791,2026-03-01T05:00:00Z,"Will Bitcoin dip to $55,000 in February?"
?,0.125,0,7282065.829222,2026-03-01T05:00:00Z,"Will Bitcoin dip to $60,000 in February?"
?,0.205,1,7267637.774252003,2026-06-03T00:00:00Z,Will Oh Se-hoon win the 2026 Seoul Mayoral Election
?,0.215,0,7258379.48992397,2026-06-26T19:00:00Z,Will Norway win on 2026-06-26?
?,0.4,1,7217128.947017988,2026-05-24T15:00:00Z,Will West Ham United FC win on 2026-05-24?
?,0.285,0,7215593.812296025,2026-06-23T00:00:00Z,Will Senegal win on 2026-06-22?
?,0.195,0,7210340.936444105,2026-06-17T20:00:00Z,Will Croatia win on 2026-06-17?
?,0.0005,0,7184026.570925,2026-01-25T14:00:00Z,Will António Filipe win the 2026 Portugal presidential elect
?,0.055,0,7169803.747769,2025-08-31T00:00:00Z,Israel x Hamas ceasefire by August 31?
?,0.625,0,7160301.892657001,2026-05-11T18:45:00Z,Will SSC Napoli win on 2026-05-11?
?,0.0005,0,7139482.6455000155,2026-04-12T00:00:00Z,Will Dialogue for Hungary (Párbeszéd) win the most seats in 
?,0.345,0,7139473.054070085,2026-06-27T00:00:00Z,Will Cabo Verde win on 2026-06-26?
?,0.605,1,7126756.505122047,2026-06-18T19:00:00Z,Will Switzerland win on 2026-06-18?
?,0.815,0,7118457.521967039,2026-06-21T00:00:00Z,Will Ecuador win on 2026-06-20?
?,0.049,0,7115644.975113006,2026-04-10T00:00:00Z,"US x Iran meeting by April 10, 2026?"
?,0.0645,0,7111085.21857801,2026-06-13T19:00:00Z,Will Qatar win on 2026-06-13?
?,0.815,1,7095379.332337,2025-12-07T12:00:00Z,Will Lando Norris be the 2025 Drivers Champion?
?,0.0025,0,7080988.613707,2026-02-01T05:00:00Z,"Will Bitcoin reach $125,000 in January?"
?,0.0005,0,7078441.167606,2026-01-25T14:00:00Z,Will Ângela Maryah win the 2026 Portugal presidential electi
?,0.795,1,7066368.354783069,2026-06-27T21:00:00Z,Will England win on 2026-06-27?
?,0.0105,0,7049985.657743,2025-12-19T17:00:00Z,Will Elon Musk post 580+ tweets from December 12 to December
?,0.575,0,6995887.520583,2026-01-18T16:15:00Z,Will Stade Rennais FC 1901 win on 2026-01-18?
?,0.0045,0,6989384.479974055,2026-04-30T00:00:00Z,Will WTI Crude Oil (WTI) hit (HIGH) $200 in April?
?,0.64,0,6981656.439055,2026-02-08T00:00:00Z,Will People’s Party (PPLE) win the most seats in the 2026 Th
?,0.0055,0,6968929.48738,2026-02-28T00:00:00Z,"Russia x Ukraine ceasefire by February 28, 2026?"
?,0.0155,0,6931678.684053,2026-02-01T05:00:00Z,"Will Bitcoin reach $105,000 in January?"
?,0.0055,0,6918554.048317918,2026-06-30T00:00:00Z,Netanyahu out by June 30?
?,0.4335,1,6918532.545232,2025-10-19T00:00:00Z,Will Rodrigo Paz win the 2025 Bolivia presidential election?
?,0.685,1,6918328.14737,2025-11-16T12:00:00Z,Will José Antonio Kast win the Chilean presidential election
?,0.2,0,6908537.995966,2026-01-31T00:00:00Z,"US strikes Iran by January 26, 2026?"
?,0.0325,0,6908118.161684922,2026-06-15T16:00:00Z,Will Cabo Verde win on 2026-06-15?
?,0.14,0,6905766.889778924,2026-05-31T00:00:00Z,US-Iran nuclear deal by May 31?
?,0.855,1,6883971.476312924,2026-06-21T14:00:00Z,Will Abelardo de la Espriella  win the 2026 Colombian presid
?,0.215,1,6879447.553631104,2026-06-15T22:00:00Z,Will Saudi Arabia vs. Uruguay end in a draw?
?,0.9435,1,6860608.394732029,2026-06-14T17:00:00Z,Will Germany win on 2026-06-14?
?,0.285,0,6850997.483982988,2026-06-25T23:00:00Z,Will Sweden win on 2026-06-25?
?,0.001,0,6818524.005079,2025-11-16T12:00:00Z,Will Michelle Bachelet win the Chilean presidential election
?,0.205,0,6816571.45939,2025-10-31T00:00:00Z,US x Venezuela military engagement by October 31?
?,0.483,0,6805884.965751,2025-09-30T00:00:00Z,Trump strikes another drug boat by Sep 30?
?,0.675,1,6779393.630582,2026-02-21T20:00:00Z,Will Manchester City FC win on 2026-02-21?
?,0.0325,0,6778501.9561170135,2026-05-01T04:00:00Z,"Will Bitcoin dip to $65,000 in April?"
?,0.175,0,6769898.321413081,2026-06-20T20:00:00Z,Will Côte d'Ivoire win on 2026-06-20?
?,0.0025,0,6764132.11857102,2026-05-16T00:00:00Z,Will Azerbaijan win Eurovision 2026?
?,0.068,1,6752276.849259,2026-02-01T05:00:00Z,"Will Bitcoin dip to $80,000 in January?"
?,0.485,1,6747843.368908983,2026-05-17T16:30:00Z,Will Newcastle United FC win on 2026-05-17?
?,0.0065,1,6729770.157830087,2026-05-16T00:00:00Z,Will Bulgaria win Eurovision 2026?
?,0.0035,0,6728334.691064951,2026-05-16T00:00:00Z,Will Serbia win Eurovision 2026?
?,0.242,0,6711631.643086998,2026-03-31T00:00:00Z,Will Crude Oil (CL) hit (HIGH) $105 by end of March?
?,0.0865,0,6705468.248177978,2026-04-30T00:00:00Z,Will WTI Crude Oil (WTI) hit (HIGH) $120 in April?
?,0.0005,0,6699688.910269973,2026-06-01T04:00:00Z,"Will Bitcoin reach $150,000 in May?"
?,0.0015,0,6682675.424364003,2026-05-16T00:00:00Z,Will Armenia win Eurovision 2026?
?,0.0015,0,6619309.141383029,2026-05-16T00:00:00Z,Will Montenegro win Eurovision 2026?
?,0.0025,0,6617007.231985036,2026-06-30T00:00:00Z,Will Reza Pahlavi enter Iran by June 30?
?,0.525,1,6601495.392548,2026-02-24T00:00:00Z,Will Nick Shirley attend the 2026 State of the Union address
?,0.4165,0,6594936.095275031,2026-05-16T00:00:00Z,Will Finland win Eurovision 2026?
?,0.9995,1,6557781.334681008,2026-06-30T00:00:00Z,Will Trump agree to withdraw troops from the Iranian region 
?,0.51,0,6555920.232116,2026-01-24T17:30:00Z,Will Liverpool FC win on 2026-01-24?
?,0.5,0,6553565.585700031,2026-05-17T14:00:00Z,Will Fulham FC win on 2026-05-17?
?,0.994,1,6533516.768918,2026-01-01T05:00:00Z,Will edgeX launch a token in 2025?
?,0.0155,0,6531627.931738951,2026-04-01T04:00:00Z,"Will Bitcoin dip to $55,000 in March?"
?,0.655,1,6527474.190661,2026-01-20T21:45:00Z,"Will Netflix say ""Warner Bros"" during earnings call?"
?,0.805,1,6508340.420720124,2026-06-16T22:00:00Z,Will Norway win on 2026-06-16?
?,0.59,1,6500429.803994007,2026-05-17T11:30:00Z,Will Manchester United FC win on 2026-05-17?
?,0.895,1,6493710.889971014,2026-06-21T16:00:00Z,Will Spain win on 2026-06-21?
?,0.56,0,6479504.061819,2025-10-19T00:00:00Z,Will Jorge “Tuto” Quiroga win the 2025 Bolivia presidential 
?,0.44,1,6464062.631720029,2026-04-04T19:00:00Z,Will FC Barcelona win on 2026-04-04?
?,0.0005,0,6453061.397415,2026-01-25T14:00:00Z,Will Jorge Pinto win the 2026 Portugal presidential election
?,0.795,0,6451012.17868902,2026-06-13T19:00:00Z,Will Switzerland win on 2026-06-13?
?,0.0015,0,6416296.559687,2026-01-01T04:00:00Z,"Will Ethereum hit $17,000 by December 31?"
?,0.615,1,6377745.771588955,2026-06-24T19:00:00Z,Will Bosnia and Herzegovina win on 2026-06-24?
?,0.0025,0,6377509.958963935,2026-04-01T04:00:00Z,"Will Ethereum reach $4,000 in March?"
?,0.0005,0,6341732.02064,2025-11-30T00:00:00Z,Will Saudi Aramco be the second-largest company in the world
?,0.0015,0,6341724.121050969,2026-05-16T00:00:00Z,Will Estonia win Eurovision 2026?
?,0.67,1,6301354.287728,2026-02-25T20:00:00Z,Will Real Madrid CF win on 2026-02-25?
?,0.735,1,6272670.3021670105,2026-06-17T04:00:00Z,Will Austria win on 2026-06-17?
?,0.445,1,6272437.167948986,2026-04-07T19:00:00Z,Will FC Bayern München win on 2026-04-07?
?,0.0005,0,6261136.277811,2025-12-07T00:00:00Z,Will George Tuță be the next Mayor of Bucharest?
?,0.0015,0,6229475.5236319695,2026-05-16T00:00:00Z,Will Georgia win Eurovision 2026?
?,0.62,0,6204761.308836,2026-01-20T20:00:00Z,Will Villarreal CF win on 2026-01-20?
?,0.0005,0,6196534.541471966,2026-04-12T00:00:00Z,Will the next Prime Minister of Hungary be Klára Dobrev?
?,0.0035,0,6182924.695208,2026-01-01T05:00:00Z,Will MetaMask launch a token in 2025?
?,0.205,0,6168225.7688470185,2026-06-12T19:00:00Z,Will Bosnia and Herzegovina win on 2026-06-12?
?,0.115,1,6161817.701307,2025-12-31T00:00:00Z,U.S. anti-cartel strike/operation on foreign soil by Decembe
?,0.125,0,6158854.936832067,2026-06-16T19:00:00Z,Will Senegal win on 2026-06-16?
?,0.0455,0,6152916.306385,2025-10-31T00:00:00Z,Katy Perry and Justin Trudeau confirmed relationship by Octo
?,0.225,0,6135767.626247993,2026-06-13T01:00:00Z,Will Paraguay win on 2026-06-12?
