wallet,name,verified,all_pnl,all_vol,all_rank,r30_pnl,r30_rank,pol_pnl,pol_rank
0x204f72f35326db932158cba6adff0b9a1da95e14,swisstony,False,21934493.961936828,1718770203.8319771,2,8565534.52107449,1.0,,
0x2005d16a84ceefa912d4e380cd32e7ff827875ea,RN1,False,11545708.367036153,945395054.475927,4,1126176.2436616346,26.0,,
0x09b428f7c2b469786286214aa5c90dd9015f7320,DEEDDIT,False,8052184.542897382,72132442.51950999,11,8052184.542897382,2.0,,
0x2c335066fe58fe9237c3d3dc7b275c2a034a0563,0x2c335066FE58fe9237c3d3Dc7b275C2a034a0563-1759935795465,False,7179671.111727219,805278923.0647701,16,2145467.08297675,10.0,212940.51497522247,232.0
0xf0318c32136c2db7fec88b84869aee6a1106c80c,BreakTheBank,False,6724276.366773079,195000884.49316803,17,2296888.108291354,9.0,,
0x006cc834cc092684f1b56626e23bedb3835c16ea,0x006cc834Cc092684F1B56626E23BEdB3835c16ea-1729683673397,False,4718525.655723586,64255999.26230098,25,24978.659393780836,835.0,,
0xe549581668a5751c1972d3ad2d1991d900bd2d54,Allezpapa,False,4280722.833949986,54987532.64997202,29,2835915.542910125,5.0,,
0x2a2c53bd278c04da9962fcf96490e17f3dfb9bc1,0x2a2C53bD278c04DA9962Fcf96490E17F3DfB9Bc1-1772479215461,False,4236955.041322034,476801375.39133936,30,34527.13313438331,615.0,,
0x5966db1fe50763c9e3c014d756369bad07e1f804,0x5966Db1fE50763C9e3C014d756369BAd07E1F804-1777648534241,False,3582414.8586175856,28365376.579825003,38,538306.1711565846,47.0,,
0x476e1322d1a412fa0325527b8c3bc5e707b1396d,asparagus2012,False,3562639.5541690006,8005463.485680999,39,3663920.5781502756,3.0,,
0x076daa87c4fe1a85402a9b6b8e0a866224388d4c,,False,3375790.3940354395,69042871.01054099,42,1656032.2074352144,16.0,,
0xee00ba338c59557141789b127927a55f5cc5cea1,S-Works,False,3185717.4666504557,207284765.24794003,43,407851.81675449805,64.0,,
0xfea31bc088000ff909be1dfd8d0e3f2c7ef2d227,ndb1,False,2931905.7217909344,107803659.94094598,48,2045521.736971759,11.0,,
0x7c1ee865a785de4c00ee90ed86a38489fb8bbab3,CandleHammerDrums,False,2303071.364477181,41638224.88900099,62,1886129.2414188785,13.0,,
0x0c0e270cf879583d6a0142fc817e05b768d0434e,The Spirit of Ukraine>UMA,False,2206861.9223603816,123893588.993319,64,131659.09757131294,185.0,1402069.6495374986,26.0
0x095fbca2e0eaf0c9841005135427e1e0117190b2,muchobliged,False,2156299.3590370473,31098832.840419002,67,2029201.1884442111,12.0,,
0x65018f9fc473f6e920b8929a375d39c26a461220,cnyek,False,2155061.945225021,12155094.093244996,68,1404350.9311804548,19.0,,
0xb61b2079b95f6b7476fd3203e0274ffb93308a06,hot2trot,False,2145025.7986243973,13650894.241732001,69,1514615.0469502301,18.0,,
0xd1c537b2a7cba8d365e111bffb9de7b205e2cbd0,weatherman12,False,2098409.0744423736,45849716.23284201,70,1822552.7223731182,14.0,,
0xed107a85a4585a381e48c7f7ca4144909e7dd2e5,elmcap2,False,2010769.4893614186,277348610.333692,73,18817.196352458217,1045.0,787731.1125034709,46.0
0x9cb990f1862568a63d8601efeebe0304225c32f2,jtwyslljy,False,2001889.9693512216,84292923.28752398,75,48637.27936493963,464.0,,
0xcc500cbcc8b7cf5bd21975ebbea34f21b5644c82,justdance,False,1955031.2021551654,114968593.82999896,78,70011.57431579009,330.0,,
0x83720820a8aa6c3f20ad71850e7a1a17d16c5223,Jsram,False,1952580.248473143,57689168.72215601,79,2733613.5363176595,6.0,,
0x5b4ec9c06b284ee52c41a761974d836992880232,ramadamaramadam,False,1872516.5320465718,26598216.751612,84,2619489.8367129234,7.0,,
0xfe787d2da716d60e8acff57fb87eb13cd4d10319,ferrariChampions2026,False,1771271.0995017164,623827536.6505189,90,661893.5699394402,40.0,,
0xf5fabdcdc6eb6d9765a228824f16cca9c91f62df,palegrit,False,1749103.885009,15351970.640072,92,1692746.9304200695,15.0,,
0x9ee8bbc36d378af72e5f6b8e2ea2eb67c05a89de,Qpkwks,False,1742345.3924961956,25794745.288652997,93,716044.2685904548,37.0,,
0xde7be6d489bce070a959e0cb813128ae659b5f4b,wan123,False,1591569.2888804167,47493253.89084701,99,50562.242698235525,454.0,2082957.9557643568,18.0
0x6e82b93eb57b01a63027bd0c6d2f3f04934a752c,DLEK,False,1531157.1583475815,35920814.950054,102,498248.7963347936,52.0,,
0x7c3db723f1d4d8cb9c550095203b686cb11e5c6b,Car,True,1487072.2159624351,174478651.903103,108,31181.253423896116,668.0,1059530.080690242,32.0
0x7ea571c40408f340c1c8fc8eaacebab53c1bde7b,Cannae,False,1480975.2937303747,120960758.07224399,110,104363.42527179257,222.0,,
0x6bab41a0dc40d6dd4c1a915b8c01969479fd1292,Dropper,False,1468401.5516161725,50603627.383129984,114,22349.464448342038,926.0,567027.6552822479,76.0
0x55be7aa03ecfbe37aa5460db791205f7ac9ddca3,coinman2,False,1463151.812206891,81361870.38633199,115,317561.9740406708,84.0,,
0xb687f00464e33934f5d591f224e71c3559ecaee5,alwayslatetotheparty,False,1462085.1701677546,265027325.65359104,116,179355.77997221076,133.0,222269.97213058523,219.0
0x3a6a2e7a7707c720219228eb8efa7398bc0e458e,thesingularityisnear,False,1432113.7980232907,27226224.052373998,120,1261084.8405477821,23.0,,
0xc6a63ad5a788a576d4acc9911c50fef9fde49458,filthybetz,False,1424695.7796829739,13047609.437428001,121,960754.3302499945,29.0,,
0x39d3c773be30fcc73161fc6768f46d563a779ef0,matanovik,False,1397997.3972246682,40629256.733433,124,34637.26984664229,614.0,,
0xc41d736bded9ed1accd6a44235039266219774fd,0xC41D736bDed9ED1acCD6A44235039266219774fD-1777101352681,False,1372440.967763003,31200482.545736,125,1215257.290345842,24.0,,
0xe3f1fb88b9eabc743e2a2d947e2efdba5e99bd92,yamal19,False,1347506.4261598708,6607915.188502001,126,1347506.4261598708,20.0,,
0xfbf3d501e88815464642d0e913f15379c3eeb218,VPenguin,False,1339965.839699332,90143000.71091399,127,308143.5486651491,90.0,,
0x5268527977f700f9bf9b6d5cd843859e4e70135d,HomeRunHazard,False,1293008.4879398665,169646640.410657,130,365465.2270390176,71.0,,
0x3f6e93d1e2c2846a357276e29e7e9147e29c18d9,wco26,False,1271258.2610703716,13099704.669269001,134,1283868.4612435757,22.0,,
0xbb5fbe810633ab08d106b82db84418a0e2ca2e21,highnetworth,False,1265389.5931043716,5080775.339111,135,1302805.8294848118,21.0,,
0x50f0a0fc7364d3c10fc4578b9b1d955368335355,bettguy,False,1231203.1282470005,8436482.191495,139,777385.083025287,33.0,,
0x1cc16713196d456f86fa9c7387dd326a7f73b8df,Wickier,False,1223734.0229625052,22127171.430961,140,60592.102516075174,372.0,989029.1642964795,34.0
0xc8ec6d4cef5c5fe8409ef69303c37f05b678e8f1,Hugewinner,False,1205530.6567113588,20209380.549038008,141,514448.9843707086,50.0,,
0xeebde7a0e019a63e6b476eb425505b7b3e6eba30,Bonereaper,False,1194096.3838181722,204408084.13230696,144,46434.624014643276,478.0,,
0xd9e0aaca471f489be338fd0f91a26e8669a805f2,0xD9E0AACa471f48F91A26E8669A805f2,False,1164001.5577928843,121308399.85582002,149,165293.1380923588,143.0,,
0x67542c3219b37fd1610aad290676ff91cdbfe3bc,maz26,False,1150310.9952028287,84113785.67602797,150,2568675.661958316,8.0,,
0x9468bb7e53c8a5f13cc283f2aed950ebf9865d4b,myzbsq,False,1145009.2770146786,10633824.039020002,152,1145009.2770146786,25.0,,
0xd1ed12197b7dc22dede923727e9b714024dbd7cb,curie,False,1121109.7136882225,70527268.72628103,156,191085.54073759008,126.0,,
0x5a218c7ad04135830a45c41aaed7294df7809318,balthazar,False,1095650.9526773028,61301184.17564301,158,327968.2704224036,79.0,370411.71324028046,140.0
0x8042d175fa3c31fc48b22accbad216564d8f3680,Neonbruv,False,1095513.588194,6410117.356090999,159,1095513.588194,28.0,,
0xa71093cafc0c099b4ccab24c3cb8018d817923c4,Talvez10,False,1085613.434614221,63351104.69619099,161,247649.3880596971,106.0,,
0x3dfb153c197d4c19d3b31c1ecd2c7b6860eeabaf,0x3DFb153c197D4C19D3B31c1ecD2c7B6860eeabAf-1722957908185,False,1078206.0660321524,122278664.29723002,163,943700.2984078855,30.0,,
0xdbdd45150249e229eb4ca8aa48a30dca21faa5de,0xdbdd45150249e229eB4cA8aa48A30Dca21Faa5de-1757094771846,False,1072080.0734545067,43125652.800956994,164,173367.9485503732,138.0,,
0x714a685b5454ea4d52979563bbafa77b8168ab2f,pada,False,1070557.8946729747,10230868.019909,165,1123412.0790761968,27.0,,
0xbca08c1bc204a34f2fddbe47b438b9bd42ac9705,1winstreak1,False,1049880.8217161887,17827015.597230006,167,47993.54397481156,467.0,,
0xde9f7f4e77a1595623ceb58e469f776257ccd43c,tradecraft,False,1019063.0023812352,60352061.80753803,173,88663.14530354191,266.0,,
0x751a2b86cab503496efd325c8344e10159349ea1,Sharky6999,False,961016.6211175887,234653209.91006795,182,28064.710790622437,732.0,,
0xe16d3f2a5807999b358affd9445c3a09e45e5e30,0xE16D3F2A5807999b358aFfD9445C3a09E45E5e30-1776429210592,False,954209.074398082,45117072.530515,184,532318.2045273514,49.0,,
0x13414a77a4be48988851c73dfd824d0168e70853,ROBBATTISTAFANDUELRETARD,False,946171.288674165,80779102.31064498,185,67635.82859153819,342.0,,
0x1057e7d3ddafc60a4aeb10a2bc5b543792449ea5,Macks22,False,930764.4698582741,4685653.685373,193,116048.82747679915,206.0,,
0x75973c667cec880353450be3a6f17c5da67b4421,0x75973C667CeC880353450BE3A6F17C5da67B4421-1784278069335,False,917892.9911941001,1595213.0983290002,202,917892.9911941001,31.0,,
0xcf6c5492124794394dd9eac46498a8babbe47e66,one8tyfive,False,887122.5032059252,85495822.328527,207,487927.80937238137,54.0,,
0xe734e7bf7cfb9e464681f71822f6c2f6be514f0c,boyau,False,866035.0600199569,35684920.198010996,213,31079.751963259187,672.0,,
0x0d18e30e252008d83f51dae00d36873ddd9e24a6,MonsieurDimanche,False,863223.4294168268,14123490.077707004,214,402997.9353246289,66.0,,
0x161eb16874e34f545991e774b4e1ac5b65f86ef0,Countrysid,False,859949.0790132859,96810457.62140599,215,41334.547764135525,528.0,,
0x73c5701afdefba2814193168448b2992306b2f80,n.maga,False,857037.1926386742,89373887.12376201,217,217189.51697743149,115.0,,
0x03805a13a0b3e058f55f6c6af95389d4f431073d,donthackme,False,853077.0098387441,23528579.472076,221,287323.5752838899,96.0,319110.9140202396,160.0
0x6139c42e48cf190e67a0a85d492413b499336b7a,RememberAmalek,False,835061.6086340682,35017601.491055995,228,88483.80053656174,267.0,557083.5558902913,80.0
0xd776f0a066fd3014ecfac89cfd414440982bffeb,bomber,False,818370.7622281119,10046560.906651994,235,251822.08441859065,104.0,,
0x924379a79c64b77ad5816ad362122a5f6228658e,Kch-Temp,False,811774.1951189388,25491253.843466997,238,362209.68815123674,72.0,,
0xf28e42d20e4826f2b10a24bc952001697947cab2,ethanaz,False,804938.7494196557,27667538.895932987,241,333802.0636008617,77.0,,
0x52ecea7b3159f09db589e4f4ee64872fd0bba6f3,fkgggg2mouzfuria,False,790227.1641591664,60480705.21445503,245,88329.47912407745,268.0,,
0x7583d5f8a1031ff4afcdc6db4e2143bfd41b4df2,0x7583d5f8A1031fF4AfCDc6db4e2143bFd41b4dF2-1783673385090,False,775755.2003561271,6418532.052593999,249,775755.2003561271,34.0,,
0xd189664c5308903476f9f079820431e4fd7d06f4,rwo,False,761985.9703318472,143443855.48429298,254,38421.92858692981,569.0,,
0x9b89ef1f344d3e17b37ccdff3bccf62d04f04244,Woaifacai,False,726625.8210861074,18229031.983424,262,454909.8767394643,58.0,,
0xb10047d6a254b2ebb306d7a7d13bf59171ab6461,Parz1vaI,False,722289.6445325884,64978031.11439401,263,66594.03672118804,348.0,269346.72618744086,185.0
0x69c5c6f6a4dda665991c203bc8d5df3e006b1e01,Themsnw,False,720967.2889593752,8191737.959392001,264,720967.2889593752,35.0,,
0x011f2d377e56119fb09196dffb0948ae55711122,11122,False,719581.7834975489,193588570.921255,265,40642.79085138055,533.0,171138.73110526887,300.0
0x954df97e03c202e7511de1b7d3c01ebd0f876f01,stubblyballs,False,716685.130137,2863506.272916,268,716685.130137,36.0,,
0x7b02b2bac2a30ed5e40b7094e734f4c3dc2a4991,foodenjoyer,False,712379.0825133057,40334118.23591401,270,271212.08535112033,98.0,359303.2862376338,145.0
0x7dddf1968c14900b2d2ef9dada8465e82ac4c933,pingan123,False,708504.1904682978,3384882.048854,271,454146.870706397,59.0,,
0xb55fa1296e6ec55d0ce53d93b9237389f11764d4,0xb55fa1296E6ec55D0cE53d93B9237389f11764d4-1777575277609,False,702967.2623844163,72601933.727744,276,143452.7153593105,169.0,,
0x31864feb9d25dee93728c6225ba891530967e9ca,johnbaster,False,698496.1083861741,20053046.594074,278,160422.06786082522,147.0,,
0x033f0346c007323030eb420305ffede19a95618e,AvocadosFromMexico,False,696069.9786263732,14946577.258414002,280,47703.468307083436,468.0,,
0x9180d46bd2a46c7955ec9df091698ac76a0ff0da,Oddscompiler,False,688102.3281290522,1470438.263673,281,605382.5070006493,42.0,82719.8211284029,599.0
0x228b8d11eba89bf1c554f8879a9293b7106daf4c,0x228B8d11EBa89BF1c554f8879a9293B7106DaF4c-1765442354872,False,686307.6938516669,109588571.51299098,282,225249.48211947724,114.0,,
0xd106952ebf30a3125affd8a23b6c1f30c35fc79c,Herdonia,False,666256.70067089,103815604.40239203,289,54275.229810231715,413.0,,
0xf1528f12e645462c344799b62b1b421a6a4c64aa,phonesculptor,False,665190.2661773271,64335156.05965698,290,155313.3230765339,153.0,,
0xba389f76b0119aed07c53c9029852664bd97e406,joblessfinalboss,False,664654.6134751834,10388261.274309998,291,313241.42386690166,87.0,,
0x05a0bf3fa5775a5e38d4ed6688cce88130460df2,pessibye,False,664349.7177301017,3209899.3215280003,292,664349.7177301017,39.0,,
0xe5241830e8876c115d7dc8311ad9f43d85fdd34f,Sportbetting76,False,664116.1422570394,21885622.586625,293,144708.63737230172,167.0,,
0x5257aa84944804bbb0c718814ebebeeafaca3e2a,NO-GOD-PLEASE-NO,False,654658.6868089176,20225496.753368992,298,270258.74033015454,99.0,,
0x088ba59031e4bac4cc7b344581e3d908258221cc,IQdegen,False,645694.6720938775,5481934.365400999,301,54251.5379573942,414.0,,
0xe25b9180f5687aa85bd94ee309bb72a464320f1b,WordleAddict,False,636867.6169838663,80023159.078293,304,30668.117991771844,680.0,424642.1900929755,119.0
0x6d20c35f65d9899b6d6b74f8466e824580f9a165,Djdjdjekekek,False,617969.7809926675,30476287.118456,319,713534.9862130309,38.0,,
0x412fe1a101554f0b382181c3af932e4b2d8030fa,GrizzliesSuck,False,616440.4988216794,18648717.116750002,322,387535.92723593645,67.0,,
0x2759769cd371bee44ec5bfc5e72c7f1f092b2b38,SharkbetX-com,False,609018.4190072985,18912013.493416004,329,86712.07759907373,276.0,,
0x10ff6cd4b1b5669d4ca87faebae0c869ad315088,02-,False,604517.1428094973,44798899.569251984,334,243828.67730787824,108.0,,
0x4d4f13a12d943faabc0d154fb2d546f649a9e5f3,0x4d4F13a12D943faaBc0d154fb2D546f649A9E5f3-1782312742976,False,601523.883358338,7697509.740251999,336,445293.85120133695,60.0,,
0xcd71fd5370880f3d92bb941e628c05840fe0d127,Kevindoto,False,596082.2434359211,16515402.596229,338,39286.10132429925,556.0,259081.02293213445,192.0
0x447d7eb8ecb8930e7b5f353b4298e2562d905eea,GRINGOMATE,False,586218.1552910298,6969126.890597001,341,372174.1547356538,69.0,,
0xec981ed70ae69c5cbcac08c1ba063e734f6bafcd,0xheavy888,False,581350.5950083014,51847408.76529301,344,22695.923679525986,910.0,,
0xe221be3b45dfe5ed562ee9dc16f47205728e06f6,Jokerxing7,False,574934.8240371404,13433892.662016002,347,554440.9995017162,45.0,,
0xc03ce4d8af842ca6251ac57228b3ffb166ed50af,NyetRisk,False,564246.79821474,18898399.726983,355,365594.01447977166,70.0,550057.8293259487,82.0
0x28059b3fb7af7ed76d83dc9121bbb72ec7cf76ed,RISK-IS-NEVER-OK,False,552120.6497153982,11043825.004240002,360,312586.36497903505,88.0,,
0xc29198ad764bd6adaf7bb971a3757a689ece5d74,SnakeBall,False,549986.6556645818,70193842.11457501,361,274285.83864139253,97.0,,
0x20d2309cd92b797ae7ca175ed828ed8a27fbe29d,,False,546861.5885395694,30437943.28339501,363,85458.74967498932,280.0,,
0x2a69660046d7acc4ab204d7cc5ba78b0776cd2f7,UpTheBlues,False,540195.640453944,70950245.24434899,367,210878.17343197233,116.0,,
0xa80e584e189865e8289403bd96ed52d67e816aa1,allegiant123,False,535931.9847513523,4536814.743222001,373,292058.978681949,95.0,,
0x89b43cb12b5073b99c5c23d401f788167fceee59,rambinsky,False,534974.4000596699,2628860.365808,374,534974.4000596699,48.0,,
0x0a854897a06d4999e5b2dde5693609f1428ffe9d,TheQuietRisk,False,532775.8406356693,22534051.404981997,376,158385.94253219455,148.0,506599.7792651101,96.0
0x511f9c771449162349795d17becf8b37031acbe1,Bigggggggg,False,531978.4698360288,21319278.456598002,377,316063.22025078826,86.0,153755.2858909171,333.0
0x6d9fc316c3b8377060a44b852ba664adbfd59790,MEPP,False,530404.0698141945,34870387.94709301,379,41016.61881999589,530.0,471478.2907841688,108.0
0x160db9bb5bf012f21251a74737093bcdc36f5295,JESUSCHRISTISGOD,False,529104.685509003,17390102.044517003,381,206127.23091847028,120.0,,
0x42c99f38d2b951b0dc8e8bd5371fa80c9dd19623,TRCM,False,528310.0900580245,34891351.145568006,382,37345.20874448551,584.0,,
0x8b3234f9027f4e994e949df4b48b90ab79015950,Gametheory-394,False,524300.5187250134,32564580.958925,387,87186.07941336282,273.0,,
0x68c24bf4a8ad4d79a6fe4b8eec6f93a02dfd1711,mombil,False,511109.9503626383,42382827.0921,393,35754.208146338424,602.0,493006.243303663,103.0
0x58f8f1138be2192696378629fc9aa23c7910dc70,bloodmaster,False,506583.25281352527,13955654.327308001,397,119118.29143165454,201.0,,
0x74471a007ddcc488f6d57b5e86dfb35a8d48a16d,tetrose,False,501678.3549447676,43921263.429852016,401,151550.65729963596,158.0,509137.2907255814,95.0
0x73bcd24d510ff4e4d5feac6aec763c5511e246ce,0x73bcd24d510Ff4e4D5FEac6aec763C5511E246CE-1767607363396,False,501267.9519701906,8268572.777907999,402,361158.3262166665,73.0,186645.73068738822,266.0
0x547f2917d51f2e63ab382dcf641d4e0240162937,0x547f2917D51F2e63ab382DCF641d4E0240162937-1782667852436,False,496870.8742385463,16966527.412945002,404,492650.5115391653,53.0,,
0x5e9458202b5817a72cf81105ec8a30e6f3705ba1,pleaseplease123,False,495954.03442399984,26484724.783858005,405,459959.70975501876,57.0,,
0x6d3c5bd13984b2de47c3a88ddc455309aab3d294,VeryLucky888,False,493401.92691203667,354906933.88699406,407,190534.20711354443,127.0,,
0xee65685de42f8de9a03b4c53ee77d56a20d2cfc9,0x50f7,False,491799.25681425654,77345709.540397,409,139522.13213688304,174.0,,
0xce25e214d5cfe4f459cf67f08df581885aae7fdc,0xcE25E214D5cfE4f459cf67F08DF581885AAE7Fdc-1777575398144,False,485806.41077217355,38806641.33164499,417,106073.16852825944,218.0,,
0x38337de21ff0bb0a11a40761507d51e318d633d1,SineNooneEI,False,484983.147551541,24666915.325933006,418,105593.0541610205,219.0,,
0x1610db79f753a80207e1d66716be9e91e627ae49,0x1610DB79f753a80207E1d66716be9E91E627AE49-1778875286261,False,481848.3801210849,18966976.170759,419,163739.9561324114,145.0,,
0xe405483ff60ab58ce973479d3317045549fec67e,DuckDuckDuckling,False,478166.6669530768,13873575.413937999,421,35227.4853050707,607.0,,
0xa804390f80019699ab34a282c0df7528fba82a75,riverskew,False,474311.113094925,8911836.071884,427,196246.0340254553,123.0,,
0x3471a897e56a8d3621ca79af87dae4325977f17e,xytest,False,468572.2436782944,29521048.007173005,430,35900.213901251765,600.0,,
0x388537259dc9e693c1c9b96fdf07a63f6b7aca77,easypredict,False,467805.63325422315,36045705.291657,431,28487.29589438939,719.0,,
0xb0c85813a7a4428f1139ff91d3118a92c391fe7f,DeepSeekV4.2,False,466499.00556451187,9998646.44698,435,439946.4836542497,62.0,91540.47175035103,555.0
0x10a6fadcbacd66330862206f6199b197e3ad4d8b,rabbitfoot1,False,464641.32376015105,25659916.313540995,437,68971.71812016994,333.0,,
0xe3611dada6c5ea53af7bf22e80e07c005f48ae44,trgparking,False,461264.77906526084,20011043.612510998,440,103152.97372589522,225.0,,
0xf7f0b0b1e9c0fe02ccad926916ee31aef74b912c,wapol,False,457826.023375784,34798322.63587299,445,40522.295214531754,535.0,,
0x39932ca2b7a1b8ab6cbf0b8f7419261b950ccded,Andromeda1,False,452146.5735860773,26707991.798343997,450,77066.95577026196,299.0,,
0xccd81fbd3395dc43a0531f8484b21c2462daf4de,0F62,False,450685.37236232834,10969371.360807003,451,112371.59381021482,209.0,,
0x56acab44cfca2e88bb9b3406890aea7bfa0cd77e,dv-pm,False,446646.5744093237,13934082.88432,455,487495.64340684854,55.0,,
0xcae693bcf9696a2ebf0a62de767719b45f354f85,geiyecapixie,False,443364.37681660405,18433900.423460003,459,70450.48568051221,328.0,,
0x7a0219bca476b3640c09fb2e6068176bf80d3b38,copa1970,False,440362.80799899995,1847778.08223,464,440362.80799899995,61.0,,
0xa5517ed74c6b07843946e0e69cad10a9fa94e050,SlotinCap,False,440158.14615437435,5652123.662613001,466,42134.660448,517.0,398080.77447137435,130.0
0x661daf6af6d884012dd6db73c09d72e8be224dc6,DOLLAR-PRINTER,False,437707.96373794734,24263655.12391001,471,30295.287496398443,687.0,,
0xbc1b1e935cf5a06f9378fe2b249338649dc29d59,shijiebeifacai,False,437237.8062692401,15659168.590728002,472,135947.6719953186,177.0,,
0x37e053beabee77acc15e641dfe8e395b2b2d024e,ChinesePro,False,436160.7402483701,94218024.72354206,474,146976.95870622573,165.0,,
0x4df332e27f9ee3224f52ce30e3ce15c1075e788f,SunlineTicker,False,433342.4775003063,30648054.985859003,478,67195.34101952778,344.0,,
0x4cb5a6cf70340f068148a740f9ec96cbea75ef29,ZizzWizz,False,432385.118823,6093781.619635001,479,509728.8334913928,51.0,,
0xc57f19fd86e4531560980d1cd73310c9fbfbc909,CK61,False,428315.46053697995,3282336.1057289997,483,75728.67349996895,304.0,,
0x22e4248bdb066f65c9f11cd66cdd3719a28eef1c,ProfessionalPunter,False,423682.85153608926,16302545.740985997,490,43027.34093864067,506.0,216580.17543029384,226.0
0x580d9dcca035b1de4155be73c1804aef74ebeb6d,warluigi,False,421001.6691138257,12068403.339522002,493,317914.40124359424,83.0,,
0x903221b1098263779ae19486028c844e8c338717,0x903221b1,False,411630.6546301875,8015329.147275003,501,31299.391497357625,666.0,,
0x3f3aa7005f8006bfcc367d43a25cde25509fe8fd,us391,False,407476.8388840631,28105151.505796004,510,25076.67778349435,830.0,,
0x6b88b6a431c5ec9b3afdb76e69393d0404909856,sweetspea,False,406866.2250285423,2785535.938906,511,34386.9481157465,616.0,367722.380926,142.0
0x06dc51826bc524d9a83770e7de9dd7e005b04524,0x06dc51826bc524d9a83770e7de9dd7e005b0452,False,405790.30718023435,80731410.64010802,516,54087.26529716002,416.0,,
0x0224bb9eb0a5c9fd261ac9123a72cbdd5748292a,zb8,False,404127.9391482304,11624072.251114998,525,116151.8438319581,205.0,249667.63418013463,200.0
0xf387570fc0f9d8fa1f07ce798fc98ff909a361c0,SquareBobSpongePants,False,399513.5028830283,10218691.378455998,530,119121.26799786754,200.0,,
0x9c82c60829df081d593055ee5fa288870c051f13,Vetch,False,391283.00606691535,4904500.740457,538,173515.58488764247,137.0,,
0xf7429705e25b619338412967f0a70260b6e1e039,unbribeableref,False,385950.275101875,11892965.657013,545,255841.8874707749,102.0,,
0x44c58184f89a5c2f699dc8943009cb3d75a08d45,JhonAlexanderHinestroza,False,375670.3816125101,37218008.89834099,554,152382.5639695676,156.0,,
0x7d83c905cb7b0e790499392ce641bb867bd7be92,Sunguyen86,False,373110.2997757251,5611409.211560999,557,373110.2997757251,68.0,,
0xc72d7dcdb23597d143a83536fb97b1d7db7efc21,HongYunX,False,368094.7616889433,10320201.167761002,563,135070.24938814496,179.0,,
0xe542afd3881c4c330ba0ebbb603bb470b2ba0a37,leegunner,False,367090.40126397763,90893861.01789397,564,31117.27356805985,670.0,,
0x5e6e2c3f06686f2607b86c90e35f536e81a1be00,WARNINGWARNINGWARNING,False,365984.9134046914,25302036.384333,566,321436.28820763854,82.0,,
0x1a2f67124f12eaa88be0f6683a95abede555647a,uptime0724,False,365765.35354831483,15284648.402138002,567,167596.98800004303,141.0,,
0xd23f8c8aab13cfb2a35da40b67f8471faf9894a1,Corlys,False,365697.6476460239,13874578.163765997,568,243930.70553805464,107.0,107382.44576766514,474.0
0x59f4a4b19fcaa99a4df2e7cdda4919aa5afbc1f1,BaccaratRoulette,False,365189.7688402198,6157126.419366,571,404214.0300057598,65.0,,
0x510904c9a58f5c5ad799a1b44947077564175e9c,Logan.,False,362371.1937641026,24260210.710426006,575,23064.649104999415,893.0,219717.291905523,223.0
0x4f29e103339919c4baaea2a60195cf1c8bb27a7e,0x4f2,False,359312.35950954456,216882366.41816592,578,546393.6571902056,46.0,,
0x93fb8127a1b21a112b11af936361225df0563e4a,LlamaLoco0000,False,358952.52759295626,25422324.817050997,580,661374.1090730219,41.0,583281.2695342911,69.0
0x45c3488fd5f78adb7cc59f3f87988e2bcbb859bf,ultrahypedmike,False,348299.71161905106,2732068.210084,586,348299.71161905106,75.0,,
0xa022ba0a68e11a78348382ff168601012d4d77f8,yungstalin,False,348158.6853364491,28518157.176453,588,68323.76147936906,337.0,460431.0335468315,112.0
0xf5198df69e13937a40d1c76d6f72d9aa067d906b,sbimbg,False,346311.23633503536,105148791.60677904,590,58860.09120718025,382.0,,
0xa697d0b3fff7d285a0f92d6ee03a7f97809e59d5,0xa697d0b3FFf7D285a0F92d6Ee03a7f97809E59d5-1774326306031,False,346099.68644850847,55846375.37002401,592,100194.37351102968,235.0,,
0x84ad9c5c547a82ec9a08547b94bd922446e5bfb7,BillBenter2026,False,342439.8511943523,72953247.23644002,593,56853.62018465917,396.0,,
0x23d81ba9371e576015c1e562db09c689f56b0288,flawfence,False,341516.10389668006,16701856.894498004,595,118389.3747292378,203.0,175360.24261373913,294.0
0xa3c52f48fad1b6888d58c7aa30a5d1cefe786930,bubanana,False,340103.1851192086,2056400.6952960002,596,304215.4197781411,92.0,,
0xcbd899a4fb5f935cd40ab6a5aae9fd4ddfbbd0c6,harrycrisch,False,338627.2267403675,1454730.3646550002,599,338627.2267403675,76.0,,
0xc2c89e23a69936da2991ddffdc7c99d4f0bd5471,MrDouche,False,332551.91820882744,65750708.00057498,604,79086.80248816541,295.0,,
0x2d395d11014415644fe9a8599fe050e7f3a06053,minji,False,330733.95187182643,22280024.266126007,606,39969.57431830134,542.0,,
0x2b46bb71681777202368d095196f266944a1684d,betdge,False,328978.07052369043,6028844.994726001,613,38903.54345571197,566.0,,
0xfbd8c9c22ca76b3662d0e53a4f79719fdc684027,0xfBd8C9C22cA76B3662d0e53A4f79719FDC684027-1779347618060,False,321082.0774852765,14945211.698146999,623,153999.85304408032,154.0,102985.75015873504,494.0
0xa01c0a5e4f8c1114e95c68ee97694bc95e51766c,0xa01c0A5E4F8c1114e95c68eE97694BC95E51766C-1782858480408,False,316801.2199651422,2967643.8562940005,635,317422.79765038425,85.0,,
0xbd0477e08d82d35a855ff19644a88a9213d8fbb0,yuhyuhyuhy352352,False,310774.86059235345,8529025.209911,648,67451.80542919824,343.0,209853.42064889168,238.0
0xac4a1fabdac2438d6afa2a9e8e83845310a0bf1e,HerrieDavis,False,310392.4799145369,27294514.888063006,650,70496.29520214644,327.0,182382.93621706002,275.0
0x36a74fda8204b1e1680b8512613b0b520f7eb6e9,nerongod,False,310321.50479612953,3287574.2956899996,652,90189.49887259978,261.0,,
0x87da2f16cf98af9b3e2f6ba6d9c4c470815b53d1,GeorgeRe,False,309544.6817985443,17830010.66262,655,90728.61786093324,259.0,,
0xdebbe89ceb32828a99648bca497684f5209ceedb,Lexington,False,308719.56997405,8056674.450358997,657,322922.30152691744,80.0,,
0x21064fd320bfd5a86f8c92a94d3209edf4154dea,rainbowlilies,False,306423.1599844668,63000901.91120302,663,39439.620010896564,550.0,207021.07728533723,242.0
0x04b6d7e930cf9e493c5e6ef24b496294f95594c8,0x04b6D7E930cf9e493c5E6eF24B496294F95594C8-1774448369789,False,302100.0020503105,87923935.09997998,673,31637.46641247673,658.0,,
0x885278f0e304bc2d53f805af2ab779cb6011c569,gabigol,False,301378.7171441713,24094672.894806005,677,25150.80542982678,825.0,,
0xf5592765133941c40c77e52bc56bbe7ec167f462,0xf5592765133941c40C77e52Bc56bbe7EC167F462-1755612447740,False,300043.5469934692,9769103.213357002,679,194125.93111523567,124.0,,
0xbf6755d00d146b95374e6b950b274bd81d7bfe3d,kaharvaka,False,299475.7974434014,2146496.104683,682,299475.7974434014,93.0,,
0xf0ed9e68e6cd3ee712260abeaec32de56a7d47d8,LinaBell,False,298622.9685816544,12138931.914561998,685,186988.60031073418,128.0,262242.32134566025,188.0
0x96e17ba97e081732a552f410eb35ee972cad50aa,0x96E17Ba97E081732a552F410eb35eE972Cad50aa-1754745531003,False,297032.02639630187,6576839.639815,691,125933.51335266035,191.0,,
0xa6cd8300ff70129ced69975180609e40a12b2f2c,lookaon,False,290512.16199885955,7441651.532385999,698,241397.94484426963,110.0,,
0xdb83e85ffd22faa4009273034770f96ffc5b1e50,sentrio,False,282839.2751770179,49347471.87070099,712,130335.44265982162,186.0,,
0xf02008dd334fe83c8dad61dd9a54776d7fb03212,topdaddy1,False,282563.35840014584,2917419.964822,714,25363.683059543786,818.0,172644.83269944563,299.0
0xf088d3e04b955be470a221a3e7830d2282f9e6c4,0xf088d3e04b955be470a221A3e7830d2282F9e6C4-1778078728176,False,281997.22526379,520960.87296800007,715,294826.1221792275,94.0,,
0x1465b79bff7992bc703e1aafb3683b1089647072,JnStTrdrBnusFnd,False,279123.0748371599,5998341.993452001,725,416042.3041352334,63.0,,
0xf3531b23b504cf0aed4ff21325232b2a2d496685,powerwinner,False,273648.0907822582,30190312.981201995,735,149301.28304783005,160.0,,
0x54b56146656e7eef9da02b3a030c18e06e924b31,pup1,False,272544.094597798,53174599.405223005,737,75387.97161271279,306.0,64350.245281665666,779.0
0xb595d09ce5bbc4d39e3b3d04e80c402d2c8d5922,0xB595d09Ce5bBc4d39E3b3D04E80C402d2C8D5922-1769777706105,False,271509.3296602215,24415927.537662994,739,63412.00006119505,358.0,,
0x4ee29e4e7d4c380babeae5e22e5c02400c2246e1,IH2P,False,271484.0312797776,37024482.32720498,740,28006.27572468195,736.0,,
0xf0b6a8ebfa3a626337cc45e8eed30eaafb182fef,retordedgremlin125,False,268221.638991953,3325498.4621990006,746,125992.09131345562,190.0,,
0x72a0d79b4325638bc2bcfc9a2b8a380c2d81c059,0x898ca742482eab3A4a015DA6928f8edC9BF3DA39-1782562025853,False,266125.93716978194,10671719.828473998,749,23165.44874574996,892.0,,
0x0af037c59ede5b3b2a6625f23923057d8296d425,Protruder,False,265217.6117606725,5116162.456262,753,206253.7840501985,119.0,,
0xd2678dc3b152a54900f28b0e849afe2049df9dc6,xfile,False,261785.04459299013,12740723.963908004,763,24362.367695114754,851.0,,
0x6c3aae17140c5e3cde62380daaa323e38575c459,AvrahamEisenberg - 10161,False,260230.86208765008,0.0,769,100287.22713600044,234.0,,
0x969fae0a3a93778adc42178f72c612ed8c4e4d55,superstonksbro,False,258686.59936555394,12491368.741212,774,27969.612950153678,742.0,,
0x4c86cdfff0fcff0f6b56a9ddb9f805b4b28f6993,renzent,False,256778.90729646187,15821857.887600996,783,53808.926937494805,418.0,,
0xc8b9a30184244d427169cf62485dde6041b2b836,SnowLover7,False,253422.6636659589,3105259.9375900007,793,23181.899646304093,890.0,244180.64932391772,205.0
0x08458f7e9d2858027de579e4c3ca305475496b6f,GollumGekko,False,253044.91334627426,28125844.393701006,795,20889.475379316125,961.0,205155.75118445358,243.0
0x68df8708aadb901618f11abf2471805a66a24815,TKD44,False,252321.53755270955,5003098.510017,800,83423.68443511115,287.0,,
0x60c1f86859f2724effffffd4cae4bb0259190438,Woohx,False,251354.1340038047,2994079.6780159995,802,322027.34063433117,81.0,,
0x87c67f878e93494918c1a2198fee747b4a1589b7,0x87C67f878e93494918c1a2198Fee747b4A1589B7-1723130577004,False,250673.66882579,7335717.7011359995,803,259438.17714,100.0,,
0x662244931c392df70bd064fa91f838eea0bfd7a9,Peanutbettor,False,250443.32851250368,4750264.018889001,804,110878.17130714247,213.0,,
0x73afc8160c17830c0c7281a7bf570c871455b880,0xb0E43B885657a33B347A4af1D05Bd5f3c3A7E99,False,247181.1111644691,5312154.463533998,807,38303.80085249846,570.0,,
0x5d7639ed5fd3c5ebf0fc69d548e1046acd0f9168,yesmate,False,245277.51731893513,5834731.307681999,814,158259.16272221538,149.0,,
0x6e021a82c12e01886444ab3e918114faaf11d70a,NonTificant,False,244614.0736730879,17539873.542037,817,132734.0000287707,183.0,,
0x06f22ff6d9362ce82243f8ca594c97485d9c1269,vkvkgjerkgk,False,244332.34192829923,41109548.22141201,822,26368.526297458364,789.0,,
0x659b7429200709bc5672609ca3ec00e6dcfdffbd,predoctora,False,238514.9844,289476.6682610001,842,249858.48453611447,105.0,,
0x5739ddf8672627ce076eff5f444610a250075f1a,hopedieslast,False,237242.7745505702,10161399.539239002,847,26561.93067352407,783.0,170753.12644282097,302.0
0xc7d02944a76b9f83b199e9090ecc92c82d241f8a,0xc7D02944A76B9F83B199e9090ECC92C82d241F8a-1776944395495,False,237208.97910621014,16059829.143441003,848,88142.5379213196,269.0,62482.13157042852,806.0
0xf5fe759cece500f58a431ef8dacea321f6e3e23d,Stavenson,False,235289.8216293861,5685604.379134004,856,20515.516568336636,975.0,,
0x6c3dd5b6b3c500ce7c217d7dbe6be52c278ad5e4,spain-1.5,False,232388.68779999999,315563.54000000004,865,232388.68779999999,112.0,,
0x40604cb1f958c03bea0b18aa43e4cb0d62f33ec3,C03B,False,231987.6310417278,27240002.787582,866,24823.750241087237,839.0,,
0x2e3c40fa47b27c676ddd573064162f57d51508ba,BookWarrior,False,231550.78635293985,25464632.048452996,871,32339.32344646909,651.0,,
0xff34c2cc46e7624310f3549ea355540d57a4694b,,False,231478.20400112332,21817074.559144005,873,20249.538328996856,991.0,,
0x7e5d2991c2647de2348287e2f499329fc6a6c4c3,aswfadq1555,False,230104.17755886493,20580070.721204996,879,56710.829629562766,398.0,,
0xf0ca28d5b0141f0a8e7b251dea80fd881cb166ed,Hauchn,False,229790.94317942887,7184247.428355997,882,141698.34057388417,171.0,,
0xbdb0e406400033ada6ffe03f8915b5e23873f8ba,8a7sh2,False,227282.6782532714,5967548.373954998,886,62994.37750857914,361.0,,
0x5ad5c4608c4661361b91c92e1091d2c5b43c37b9,roberto73,False,226316.79196285986,2451619.8413110008,889,46638.586177857476,474.0,,
0xf3c73f43afd680a35b4c65af727ebf7a495dc83b,Swooferdeluxe,False,224020.86979476613,20021606.574295998,895,64332.71595949432,355.0,,
0x674887d1ac838099a48b629dff53f25b7b87ee08,nj23adsknml3,False,219368.93844206777,14938614.485147,909,25108.82135461003,828.0,,
0x551c8f09fffa54889974a101e2af2b92c13dfe91,retarb,False,219338.96013281753,4767455.860172999,910,27354.418757735642,756.0,,
0xdbf16bcffa41bd95faec2640daa2c95ab2bd86b5,UnderperformingForALiving,False,218386.81955926848,40520912.501766995,917,599032.971123707,43.0,,
0xd202bf6d89dc6bab1b9f00ead175f75466348973,meoooow,False,217125.68500760902,16399116.278742002,921,46168.317292178865,480.0,,
0x1f7105a18d9f36aef7c83e5df210e57cf487b2e4,Benymokambo,False,215300.41408336983,5568874.324572002,927,142600.02517149612,170.0,,
0xdaef2be2a19ad331737d06545f85615b094554e9,UCF-BIGGEST-FAN,False,213366.56201506153,15784332.607919997,935,43537.14939786881,497.0,148135.7235068561,343.0
0x274c45994bfa0912cf8bee503190952e6af7da86,0x274C45994BfA0912cf8bEe503190952E6Af7DA86-1772189577856,False,212864.77015768323,1022432.720952,939,23812.58276115835,874.0,111220.98830263759,456.0
0x3da89a55cdd4b5c69f80e5cd3ef1782a3e0480c3,0x3DA89a55CdD4b5c69F80E5Cd3ef1782a3E0480c3-1777119032461,False,212132.11561252194,5640450.290903,944,53963.28075772039,417.0,,
0x92d8a88f0a9fef812bdf5628770d6a0ecee39762,pfk.bgd,False,210341.69543536616,4078885.070831999,955,31338.44963770226,664.0,,
0xe0229e10a858860218b6132f4234602c47bd6603,JetFadil,False,210321.11334295993,18976162.263269003,956,25954.445224790223,800.0,,
0x336bf6f91a4619d54f0711a20fe468adf4d71233,ArturitoFilito,False,210273.27481316117,24019902.807684004,958,172524.86314010207,139.0,,
0xf3ef6ac0510c9eabc42fbb146b5c3c64edc1ca6b,239393828,False,210201.3368509355,31210159.793895002,959,30987.622785847692,674.0,,
0x8806a6f1a847ba4360599ce0f54ce96167712e83,spendingmoney,False,209769.4232173255,9271477.350221,961,112975.82535732343,208.0,,
0x904ed7c7820a434ea9b11e7333ed69190d850bec,RandomGameBet,False,209745.96986008057,26113242.853328995,962,30898.83400333247,675.0,,
0xfc2f4f50ce2f6045d35558a5e2d8d4b2ac6610c7,0xFc2F4f50ce2F6045d35558A5E2D8d4b2aC6610c7-1769097007451,False,208276.67497784583,53645229.130407006,970,46518.670992905296,477.0,142700.33923075878,358.0
0x9ba8d25a054044bb66d0ca4e250a16dbfb64cdb3,GoldenAlpha168,False,207579.31951327808,4955515.901695999,972,310156.39429388515,89.0,,
0x23c8a4c266d10ba5846837eac391fea89ed6f293,Netrol,False,207033.42377267458,17230577.977699995,975,307445.4674257608,91.0,,
0xad2b18343919cf24b56b6f822360937ab322f091,b324u,False,205559.4053769023,5884585.978975,979,27350.87670600001,757.0,,
0xc23dc0eca9e1c2e293de8911b9ac254f0bcd82c8,ZaiZoiBele,False,203990.50863273384,13331852.054347001,988,29051.97179086549,707.0,,
0xa8cf2ed8751f4e58ad039e1b68a8b58b4395031f,,False,202116.004425,0.0,998,85547.41699299993,279.0,,
0x54525ee78bd513b0bf75f94e560158f6fc35d448,DavidShekel,False,201782.01395504255,19730069.353735,1001,68857.5214410957,334.0,,
0x48ac40fc545cf327edd5365435c3a9f385614a7e,BoneOhio,False,201765.0470345794,31847598.083258998,1002,80997.21873283357,292.0,,
0x80a0da00fbdc8440b0ef601341f14c3e24795708,de5nuts,False,201561.8762529997,7304825.748069,1004,32638.475020584916,642.0,143281.33158916296,355.0
0x60a92c8620846d81f5ea17b0564e0d4b7c545a71,paddaa,False,200552.58205528706,11804959.982815003,1013,20990.19357414161,956.0,182233.08521207486,276.0
0x1f9e15f39bbd5d163b0eacf0fbef647ced9e4f1a,SlobodaIliSmrt,False,200402.01876644715,1954923.5517239992,1014,42218.869903807135,514.0,177264.74640526235,290.0
0x4ebc2722adc772bde8680792d0a6fdf15499a33d,aaaa298,False,200269.00852104506,13628628.65721,1015,99651.66420277396,237.0,,
0x122b758a408246a180efeb5ba654e21b553fac59,6kke1t,False,200014.91306182218,11308120.492984,1017,149152.15031413647,161.0,,
0x162ca4c5249987872fea1e15c846d7fe80316c47,VD721lsj4938Dk388,False,196298.23632533778,1320665.135129,1035,235047.26380135975,111.0,,
0xc65ca4755436f82d8eb461e65781584b8cadea39,greyoctober,False,194291.46723242567,21954411.977311,1044,259224.47493217746,101.0,,
0xd3b034d7bfb2473fb252d0414646d9786bac329e,Sunshine.Smile,False,194168.7115147578,19434848.492946997,1045,25917.409380628465,802.0,,
0xafe4272b4fb0bcc1d734ee2cdec3e78cdc94f3f7,QuentinChen,False,193189.9886802247,3337771.243522,1050,144045.2179140557,168.0,,
