window_ts,series,ticker,side,ask,secs_left,has_companion,won,profit,result
1785379500,KXETH15M,KXETH15M-26JUL292245-45,no,88,300,True,True,4.44,no
1785379500,KXSOL15M,KXSOL15M-26JUL292245-45,no,89,420,True,False,-35,yes
1785381300,KXXRP15M,KXXRP15M-26JUL292315-15,yes,89,420,True,False,-35,no
1785381300,KXNEAR15M,KXNEAR15M-26JUL292315-15,yes,88,180,False,True,4.44,yes
1785382200,KXETH15M,KXETH15M-26JUL292330-30,yes,88,540,False,True,4.44,yes
1785383100,KXDOGE15M,KXDOGE15M-26JUL292345-45,no,88,600,False,True,4.44,no
1785384000,KXBTC15M,KXBTC15M-26JUL300000-00,yes,89,300,True,True,4.02,yes
1785384000,KXHYPE15M,KXHYPE15M-26JUL300000-00,yes,87,540,True,True,4.86,yes
1785384000,KXNEAR15M,KXNEAR15M-26JUL300000-00,yes,88,360,True,False,-35,no
1785385800,KXBNB15M,KXBNB15M-26JUL300030-30,no,86,240,True,True,5.3,no
1785385800,KXNEAR15M,KXNEAR15M-26JUL300030-30,no,86,180,True,False,-35,yes
1785386700,KXHYPE15M,KXHYPE15M-26JUL300045-45,yes,87,420,True,False,-35,no
1785387600,KXSOL15M,KXSOL15M-26JUL300100-00,yes,89,300,True,False,-35,no
1785387600,KXDOGE15M,KXDOGE15M-26JUL300100-00,yes,87,300,True,False,-35,no
1785390300,KXBTC15M,KXBTC15M-26JUL300145-45,yes,88,540,True,True,4.44,yes
1785390300,KXDOGE15M,KXDOGE15M-26JUL300145-45,yes,89,540,True,True,4.02,yes
1785390300,KXBNB15M,KXBNB15M-26JUL300145-45,yes,87,540,True,True,4.86,yes
1785393000,KXNEAR15M,KXNEAR15M-26JUL300230-30,yes,85,180,True,True,5.74,yes
1785393900,KXBTC15M,KXBTC15M-26JUL300245-45,no,87,420,True,True,4.86,no
1785393900,KXETH15M,KXETH15M-26JUL300245-45,no,87,300,True,True,4.86,no
1785409200,KXHYPE15M,KXHYPE15M-26JUL300700-00,no,88,420,True,True,4.44,no
1785411000,KXDOGE15M,KXDOGE15M-26JUL300730-30,no,88,300,True,True,4.44,no
1785411000,KXXRP15M,KXXRP15M-26JUL300730-30,yes,89,600,False,True,4.02,yes
1785411900,KXNEAR15M,KXNEAR15M-26JUL300745-45,yes,85,240,True,True,5.74,yes
1785412800,KXBNB15M,KXBNB15M-26JUL300800-00,yes,85,360,True,False,-35,no
1785413700,KXBTC15M,KXBTC15M-26JUL300815-15,yes,89,480,True,True,4.02,yes
1785414600,KXDOGE15M,KXDOGE15M-26JUL300830-30,no,89,300,True,True,4.02,no
1785414600,KXXRP15M,KXXRP15M-26JUL300830-30,no,86,300,True,True,5.3,no
1785415500,KXDOGE15M,KXDOGE15M-26JUL300845-45,yes,88,360,True,True,4.44,yes
1785419100,KXDOGE15M,KXDOGE15M-26JUL300945-45,no,88,180,True,False,-35,yes
1785419100,KXNEAR15M,KXNEAR15M-26JUL300945-45,no,86,360,True,False,-35,yes
1785420000,KXBNB15M,KXBNB15M-26JUL301000-00,yes,87,360,True,True,4.86,yes
1785420000,KXNEAR15M,KXNEAR15M-26JUL301000-00,yes,87,480,True,True,4.86,yes
1785420900,KXNEAR15M,KXNEAR15M-26JUL301015-15,no,89,360,True,True,4.02,no
1785422700,KXSOL15M,KXSOL15M-26JUL301045-45,yes,89,300,True,True,4.02,yes
1785434400,KXDOGE15M,KXDOGE15M-26JUL301400-00,yes,85,600,False,True,5.74,yes
1785434400,KXNEAR15M,KXNEAR15M-26JUL301400-00,no,88,240,True,True,4.44,no
1785435300,KXBNB15M,KXBNB15M-26JUL301415-15,yes,88,360,False,True,4.44,yes
1785438900,KXHYPE15M,KXHYPE15M-26JUL301515-15,yes,88,480,True,True,4.44,yes
1785439800,KXSOL15M,KXSOL15M-26JUL301530-30,no,87,240,True,True,4.86,no
1785439800,KXBNB15M,KXBNB15M-26JUL301530-30,no,86,600,False,True,5.3,no
1785440700,KXNEAR15M,KXNEAR15M-26JUL301545-45,no,89,300,True,True,4.02,no
1785442500,KXBTC15M,KXBTC15M-26JUL301615-15,yes,88,600,True,False,-35,no
1785442500,KXNEAR15M,KXNEAR15M-26JUL301615-15,yes,89,600,True,True,4.02,yes
1785445200,KXNEAR15M,KXNEAR15M-26JUL301700-00,no,85,600,False,True,5.74,no
1785446100,KXHYPE15M,KXHYPE15M-26JUL301715-15,yes,87,540,False,True,4.86,yes
1785447000,KXBNB15M,KXBNB15M-26JUL301730-30,no,89,180,False,True,4.02,no
1785447000,KXNEAR15M,KXNEAR15M-26JUL301730-30,yes,89,540,False,False,-35,no
1785447900,KXNEAR15M,KXNEAR15M-26JUL301745-45,yes,85,480,False,True,5.74,yes
1785448800,KXBNB15M,KXBNB15M-26JUL301800-00,no,89,300,True,True,4.02,no
1785449700,KXNEAR15M,KXNEAR15M-26JUL301815-15,yes,86,600,True,True,5.3,yes
1785451500,KXBNB15M,KXBNB15M-26JUL301845-45,no,89,480,True,True,4.02,no
1785451500,KXNEAR15M,KXNEAR15M-26JUL301845-45,yes,89,300,False,True,4.02,yes
1785452400,KXSOL15M,KXSOL15M-26JUL301900-00,no,88,300,True,True,4.44,no
1785454200,KXETH15M,KXETH15M-26JUL301930-30,no,85,360,True,True,5.74,no
1785454200,KXDOGE15M,KXDOGE15M-26JUL301930-30,no,87,360,True,True,4.86,no
1785454200,KXBNB15M,KXBNB15M-26JUL301930-30,no,87,420,True,True,4.86,no
1785455100,KXHYPE15M,KXHYPE15M-26JUL301945-45,yes,88,420,True,False,-35,no
1785456900,KXBTC15M,KXBTC15M-26JUL302015-15,yes,86,480,True,True,5.3,yes
1785457800,KXDOGE15M,KXDOGE15M-26JUL302030-30,no,88,360,True,True,4.44,no
1785459600,KXXRP15M,KXXRP15M-26JUL302100-00,no,88,240,True,True,4.44,no
1785461400,KXBTC15M,KXBTC15M-26JUL302130-30,no,85,240,True,True,5.74,no
1785461400,KXXRP15M,KXXRP15M-26JUL302130-30,no,86,240,True,True,5.3,no
1785461400,KXNEAR15M,KXNEAR15M-26JUL302130-30,no,88,600,True,False,-35,yes
1785462300,KXXRP15M,KXXRP15M-26JUL302145-45,no,86,600,True,True,5.3,no
1785462300,KXNEAR15M,KXNEAR15M-26JUL302145-45,no,87,540,True,True,4.86,no
1785464100,KXSOL15M,KXSOL15M-26JUL302215-15,yes,89,240,True,False,-35,no
1785464100,KXXRP15M,KXXRP15M-26JUL302215-15,yes,87,240,True,True,4.86,yes
1785465000,KXBTC15M,KXBTC15M-26JUL302230-30,no,89,420,True,True,4.02,no
1785465000,KXBNB15M,KXBNB15M-26JUL302230-30,no,88,420,True,True,4.44,no
1785465900,KXBTC15M,KXBTC15M-26JUL302245-45,no,87,360,True,True,4.86,no
1785466800,KXBTC15M,KXBTC15M-26JUL302300-00,yes,88,600,True,True,4.44,yes
1785466800,KXETH15M,KXETH15M-26JUL302300-00,yes,86,540,True,True,5.3,yes
1785466800,KXXRP15M,KXXRP15M-26JUL302300-00,yes,88,240,True,True,4.44,yes
1785467700,KXBTC15M,KXBTC15M-26JUL302315-15,no,88,360,True,True,4.44,no
1785467700,KXNEAR15M,KXNEAR15M-26JUL302315-15,no,88,420,True,True,4.44,no
1785469500,KXETH15M,KXETH15M-26JUL302345-45,no,88,240,True,True,4.44,no
1785470400,KXSOL15M,KXSOL15M-26JUL310000-00,yes,87,240,True,True,4.86,yes
1785472200,KXETH15M,KXETH15M-26JUL310030-30,no,86,240,True,False,-35,yes
1785474900,KXETH15M,KXETH15M-26JUL310115-15,yes,87,480,True,True,4.86,yes
1785474900,KXXRP15M,KXXRP15M-26JUL310115-15,yes,88,540,True,True,4.44,yes
1785477600,KXHYPE15M,KXHYPE15M-26JUL310200-00,no,86,540,False,True,5.3,no
1785479400,KXHYPE15M,KXHYPE15M-26JUL310230-30,yes,87,360,True,True,4.86,yes
1785480300,KXHYPE15M,KXHYPE15M-26JUL310245-45,no,85,360,True,True,5.74,no
1785482100,KXBTC15M,KXBTC15M-26JUL310315-15,no,88,420,True,True,4.44,no
1785485700,KXHYPE15M,KXHYPE15M-26JUL310415-15,yes,89,600,True,True,4.02,yes
1785486600,KXBTC15M,KXBTC15M-26JUL310430-30,no,87,540,True,False,-35,yes
1785486600,KXETH15M,KXETH15M-26JUL310430-30,no,85,420,True,False,-35,yes
1785486600,KXDOGE15M,KXDOGE15M-26JUL310430-30,no,88,600,True,True,4.44,no
1785486600,KXBNB15M,KXBNB15M-26JUL310430-30,no,86,480,True,False,-35,yes
1785487500,KXNEAR15M,KXNEAR15M-26JUL310445-45,no,87,600,False,True,4.86,no
1785488400,KXDOGE15M,KXDOGE15M-26JUL310500-00,yes,87,360,True,True,4.86,yes
1785488400,KXXRP15M,KXXRP15M-26JUL310500-00,yes,87,360,True,True,4.86,yes
1785488400,KXHYPE15M,KXHYPE15M-26JUL310500-00,yes,89,420,True,True,4.02,yes
1785488400,KXNEAR15M,KXNEAR15M-26JUL310500-00,yes,88,600,True,True,4.44,yes
1785489300,KXDOGE15M,KXDOGE15M-26JUL310515-15,no,88,240,True,True,4.44,no
1785489300,KXBNB15M,KXBNB15M-26JUL310515-15,no,87,300,True,True,4.86,no
1785490200,KXNEAR15M,KXNEAR15M-26JUL310530-30,no,88,300,True,True,4.44,no
1785492900,KXETH15M,KXETH15M-26JUL310615-15,no,85,360,True,False,-35,yes
1785492900,KXBNB15M,KXBNB15M-26JUL310615-15,no,88,360,False,True,4.44,no
1785493800,KXHYPE15M,KXHYPE15M-26JUL310630-30,yes,89,240,True,True,4.02,yes
1785494700,KXBTC15M,KXBTC15M-26JUL310645-45,yes,89,300,True,True,4.02,yes
1785495600,KXETH15M,KXETH15M-26JUL310700-00,no,86,360,False,True,5.3,no
1785495600,KXDOGE15M,KXDOGE15M-26JUL310700-00,no,85,480,True,True,5.74,no
1785496500,KXSOL15M,KXSOL15M-26JUL310715-15,yes,85,420,True,False,-35,no
1785496500,KXNEAR15M,KXNEAR15M-26JUL310715-15,yes,88,480,True,False,-35,no
1785498300,KXSOL15M,KXSOL15M-26JUL310745-45,no,88,240,True,True,4.44,no
1785498300,KXBNB15M,KXBNB15M-26JUL310745-45,no,88,600,False,True,4.44,no
1785498300,KXXRP15M,KXXRP15M-26JUL310745-45,no,86,600,False,True,5.3,no
1785500100,KXBTC15M,KXBTC15M-26JUL310815-15,no,89,300,True,True,4.02,no
1785500100,KXXRP15M,KXXRP15M-26JUL310815-15,no,86,480,True,True,5.3,no
1785501900,KXBTC15M,KXBTC15M-26JUL310845-45,no,89,420,True,True,4.02,no
1785501900,KXSOL15M,KXSOL15M-26JUL310845-45,no,89,480,True,True,4.02,no
1785501900,KXDOGE15M,KXDOGE15M-26JUL310845-45,no,88,540,True,True,4.44,no
1785503700,KXXRP15M,KXXRP15M-26JUL310915-15,yes,88,300,True,True,4.44,yes
1785504600,KXNEAR15M,KXNEAR15M-26JUL310930-30,yes,85,480,True,True,5.74,yes
1785506400,KXHYPE15M,KXHYPE15M-26JUL311000-00,no,85,240,True,True,5.74,no
1785508200,KXSOL15M,KXSOL15M-26JUL311030-30,yes,85,360,True,False,-35,no
1785509100,KXBTC15M,KXBTC15M-26JUL311045-45,yes,88,300,True,True,4.44,yes
1785509100,KXETH15M,KXETH15M-26JUL311045-45,yes,86,420,True,False,-35,no
1785509100,KXBNB15M,KXBNB15M-26JUL311045-45,yes,87,300,True,True,4.86,yes
1785524400,KXSOL15M,KXSOL15M-26JUL311500-00,yes,86,240,True,True,5.3,yes
1785525300,KXBTC15M,KXBTC15M-26JUL311515-15,no,89,300,True,True,4.02,no
1785525300,KXETH15M,KXETH15M-26JUL311515-15,no,88,300,True,True,4.44,no
1785528000,KXSOL15M,KXSOL15M-26JUL311600-00,yes,86,480,False,True,5.3,yes
1785529800,KXXRP15M,KXXRP15M-26JUL311630-30,yes,87,240,True,True,4.86,yes
1785530700,KXHYPE15M,KXHYPE15M-26JUL311645-45,yes,89,480,False,True,4.02,yes
1785532500,KXHYPE15M,KXHYPE15M-26JUL311715-15,yes,89,420,True,False,-35,no
1785532500,KXNEAR15M,KXNEAR15M-26JUL311715-15,yes,89,240,True,True,4.02,yes
1785533400,KXXRP15M,KXXRP15M-26JUL311730-30,yes,88,240,True,True,4.44,yes
1785537000,KXHYPE15M,KXHYPE15M-26JUL311830-30,yes,87,420,True,True,4.86,yes
1785537900,KXBTC15M,KXBTC15M-26JUL311845-45,no,86,360,True,True,5.3,no
1785537900,KXDOGE15M,KXDOGE15M-26JUL311845-45,no,85,180,True,True,5.74,no
1785538800,KXSOL15M,KXSOL15M-26JUL311900-00,no,89,300,True,True,4.02,no
1785540600,KXXRP15M,KXXRP15M-26JUL311930-30,yes,87,360,True,True,4.86,yes
1785541500,KXNEAR15M,KXNEAR15M-26JUL311945-45,yes,88,600,False,True,4.44,yes
1785543300,KXBTC15M,KXBTC15M-26JUL312015-15,yes,88,600,True,True,4.44,yes
1785543300,KXSOL15M,KXSOL15M-26JUL312015-15,yes,85,540,True,True,5.74,yes
1785543300,KXDOGE15M,KXDOGE15M-26JUL312015-15,yes,86,540,True,True,5.3,yes
1785543300,KXNEAR15M,KXNEAR15M-26JUL312015-15,yes,88,180,True,True,4.44,yes
1785544200,KXHYPE15M,KXHYPE15M-26JUL312030-30,no,87,420,False,True,4.86,no
1785545100,KXBNB15M,KXBNB15M-26JUL312045-45,no,87,480,True,False,-35,yes
1785546000,KXSOL15M,KXSOL15M-26JUL312100-00,yes,88,540,False,False,-35,no
1785546000,KXBNB15M,KXBNB15M-26JUL312100-00,yes,87,240,False,True,4.86,yes
1785546900,KXSOL15M,KXSOL15M-26JUL312115-15,yes,85,540,True,True,5.74,yes
1785546900,KXBNB15M,KXBNB15M-26JUL312115-15,yes,88,540,True,True,4.44,yes
1785546900,KXHYPE15M,KXHYPE15M-26JUL312115-15,yes,85,480,True,True,5.74,yes
1785547800,KXBNB15M,KXBNB15M-26JUL312130-30,no,86,420,False,True,5.3,no
1785547800,KXNEAR15M,KXNEAR15M-26JUL312130-30,no,88,420,True,True,4.44,no
1785549600,KXNEAR15M,KXNEAR15M-26JUL312200-00,yes,85,180,True,True,5.74,yes
1785550500,KXXRP15M,KXXRP15M-26JUL312215-15,yes,88,180,True,True,4.44,yes
1785551400,KXSOL15M,KXSOL15M-26JUL312230-30,yes,87,240,True,True,4.86,yes
1785551400,KXDOGE15M,KXDOGE15M-26JUL312230-30,yes,89,360,True,True,4.02,yes
1785553200,KXDOGE15M,KXDOGE15M-26JUL312300-00,yes,87,480,False,True,4.86,yes
1785556800,KXDOGE15M,KXDOGE15M-26AUG010000-00,yes,89,180,True,True,4.02,yes
1785560400,KXDOGE15M,KXDOGE15M-26AUG010100-00,no,87,360,True,True,4.86,no
1785562200,KXBTC15M,KXBTC15M-26AUG010130-30,no,88,600,True,True,4.44,no
1785562200,KXETH15M,KXETH15M-26AUG010130-30,no,88,600,True,True,4.44,no
1785562200,KXSOL15M,KXSOL15M-26AUG010130-30,no,86,600,True,True,5.3,no
1785562200,KXDOGE15M,KXDOGE15M-26AUG010130-30,no,87,480,True,True,4.86,no
1785562200,KXXRP15M,KXXRP15M-26AUG010130-30,no,89,600,True,True,4.02,no
1785564900,KXBTC15M,KXBTC15M-26AUG010215-15,no,89,180,True,True,4.02,no
1785565800,KXHYPE15M,KXHYPE15M-26AUG010230-30,yes,88,300,True,True,4.44,yes
1785569400,KXBTC15M,KXBTC15M-26AUG010330-30,no,85,480,True,True,5.74,no
1785569400,KXXRP15M,KXXRP15M-26AUG010330-30,no,86,480,True,True,5.3,no
1785569400,KXHYPE15M,KXHYPE15M-26AUG010330-30,no,85,480,True,True,5.74,no
1785573900,KXBNB15M,KXBNB15M-26AUG010445-45,no,86,180,True,True,5.3,no
1785574800,KXBNB15M,KXBNB15M-26AUG010500-00,no,86,300,True,True,5.3,no
1785574800,KXNEAR15M,KXNEAR15M-26AUG010500-00,no,88,540,False,True,4.44,no
1785575700,KXETH15M,KXETH15M-26AUG010515-15,no,88,300,True,False,-35,yes
1785575700,KXBNB15M,KXBNB15M-26AUG010515-15,no,87,180,True,True,4.86,no
1785575700,KXHYPE15M,KXHYPE15M-26AUG010515-15,no,88,360,True,True,4.44,no
1785578400,KXETH15M,KXETH15M-26AUG010600-00,no,88,480,True,True,4.44,no
1785578400,KXDOGE15M,KXDOGE15M-26AUG010600-00,no,86,480,True,True,5.3,no
1785578400,KXXRP15M,KXXRP15M-26AUG010600-00,no,89,240,True,True,4.02,no
1785579300,KXXRP15M,KXXRP15M-26AUG010615-15,no,88,360,True,False,-35,yes
1785580200,KXETH15M,KXETH15M-26AUG010630-30,yes,89,420,True,True,4.02,yes
1785580200,KXSOL15M,KXSOL15M-26AUG010630-30,yes,87,240,True,True,4.86,yes
1785580200,KXBNB15M,KXBNB15M-26AUG010630-30,yes,87,420,True,False,-35,no
1785581100,KXHYPE15M,KXHYPE15M-26AUG010645-45,yes,88,420,False,True,4.44,yes
1785581100,KXNEAR15M,KXNEAR15M-26AUG010645-45,no,89,360,True,True,4.02,no
1785582000,KXBTC15M,KXBTC15M-26AUG010700-00,no,87,240,True,True,4.86,no
1785582900,KXETH15M,KXETH15M-26AUG010715-15,no,86,240,False,True,5.3,no
1785582900,KXHYPE15M,KXHYPE15M-26AUG010715-15,no,85,600,False,True,5.74,no
1785584700,KXNEAR15M,KXNEAR15M-26AUG010745-45,no,86,420,False,True,5.3,no
1785586500,KXBTC15M,KXBTC15M-26AUG010815-15,yes,85,600,False,True,5.74,yes
1785587400,KXBTC15M,KXBTC15M-26AUG010830-30,no,87,300,True,True,4.86,no
1785587400,KXBNB15M,KXBNB15M-26AUG010830-30,yes,88,300,True,True,4.44,yes
1785591900,KXSOL15M,KXSOL15M-26AUG010945-45,yes,89,300,False,True,4.02,yes
1785592800,KXSOL15M,KXSOL15M-26AUG011000-00,no,86,480,True,True,5.3,no
1785593700,KXETH15M,KXETH15M-26AUG011015-15,yes,86,240,True,True,5.3,yes
1785593700,KXBNB15M,KXBNB15M-26AUG011015-15,yes,88,420,True,True,4.44,yes
1785607200,KXDOGE15M,KXDOGE15M-26AUG011400-00,no,88,300,True,True,4.44,no
1785607200,KXXRP15M,KXXRP15M-26AUG011400-00,no,88,360,True,True,4.44,no
1785609000,KXDOGE15M,KXDOGE15M-26AUG011430-30,no,89,480,True,True,4.02,no
1785609900,KXBTC15M,KXBTC15M-26AUG011445-45,no,89,600,True,True,4.02,no
1785609900,KXSOL15M,KXSOL15M-26AUG011445-45,no,89,540,True,True,4.02,no
1785609900,KXDOGE15M,KXDOGE15M-26AUG011445-45,no,89,600,True,True,4.02,no
1785609900,KXXRP15M,KXXRP15M-26AUG011445-45,no,89,600,True,True,4.02,no
1785610800,KXETH15M,KXETH15M-26AUG011500-00,no,89,240,True,False,-35,yes
1785610800,KXNEAR15M,KXNEAR15M-26AUG011500-00,no,87,360,True,False,-35,yes
1785611700,KXSOL15M,KXSOL15M-26AUG011515-15,yes,89,420,True,True,4.02,yes
1785612600,KXNEAR15M,KXNEAR15M-26AUG011530-30,no,87,240,True,True,4.86,no
1785614400,KXETH15M,KXETH15M-26AUG011600-00,yes,86,360,True,True,5.3,yes
1785618000,KXETH15M,KXETH15M-26AUG011700-00,yes,89,420,True,True,4.02,yes
1785618000,KXNEAR15M,KXNEAR15M-26AUG011700-00,yes,86,540,False,True,5.3,yes
1785618900,KXBNB15M,KXBNB15M-26AUG011715-15,yes,88,420,True,False,-35,no
1785618900,KXHYPE15M,KXHYPE15M-26AUG011715-15,yes,89,540,True,True,4.02,yes
1785619800,KXXRP15M,KXXRP15M-26AUG011730-30,yes,86,300,True,True,5.3,yes
1785620700,KXSOL15M,KXSOL15M-26AUG011745-45,yes,85,180,True,True,5.74,yes
1785620700,KXNEAR15M,KXNEAR15M-26AUG011745-45,yes,85,420,True,True,5.74,yes
1785623400,KXDOGE15M,KXDOGE15M-26AUG011830-30,no,85,240,True,True,5.74,no
1785623400,KXHYPE15M,KXHYPE15M-26AUG011830-30,no,85,240,True,True,5.74,no
1785626100,KXSOL15M,KXSOL15M-26AUG011915-15,yes,89,600,False,True,4.02,yes
1785626100,KXXRP15M,KXXRP15M-26AUG011915-15,yes,89,240,True,True,4.02,yes
1785627000,KXETH15M,KXETH15M-26AUG011930-30,no,88,480,True,True,4.44,no
1785627900,KXSOL15M,KXSOL15M-26AUG011945-45,yes,88,300,True,True,4.44,yes
1785628800,KXBTC15M,KXBTC15M-26AUG012000-00,yes,85,360,True,True,5.74,yes
1785628800,KXHYPE15M,KXHYPE15M-26AUG012000-00,yes,85,300,True,True,5.74,yes
1785629700,KXSOL15M,KXSOL15M-26AUG012015-15,yes,87,360,True,True,4.86,yes
1785635100,KXETH15M,KXETH15M-26AUG012145-45,yes,88,360,True,True,4.44,yes
1785636000,KXBTC15M,KXBTC15M-26AUG012200-00,no,88,360,True,True,4.44,no
1785636000,KXETH15M,KXETH15M-26AUG012200-00,no,86,360,True,True,5.3,no
1785636900,KXNEAR15M,KXNEAR15M-26AUG012215-15,no,85,540,False,False,-35,yes
1785637800,KXETH15M,KXETH15M-26AUG012230-30,yes,87,180,True,True,4.86,yes
1785637800,KXHYPE15M,KXHYPE15M-26AUG012230-30,yes,88,480,False,True,4.44,yes
1785641400,KXETH15M,KXETH15M-26AUG012330-30,yes,85,240,True,True,5.74,yes
1785641400,KXXRP15M,KXXRP15M-26AUG012330-30,yes,86,240,True,True,5.3,yes
1785643200,KXDOGE15M,KXDOGE15M-26AUG020000-00,no,89,300,True,True,4.02,no
1785644100,KXETH15M,KXETH15M-26AUG020015-15,yes,89,540,True,True,4.02,yes
1785644100,KXNEAR15M,KXNEAR15M-26AUG020015-15,yes,85,600,True,True,5.74,yes
1785647700,KXDOGE15M,KXDOGE15M-26AUG020115-15,no,87,300,True,False,-35,yes
1785648600,KXHYPE15M,KXHYPE15M-26AUG020130-30,no,86,240,False,True,5.3,no
1785650400,KXNEAR15M,KXNEAR15M-26AUG020200-00,no,87,480,False,True,4.86,no
1785652200,KXHYPE15M,KXHYPE15M-26AUG020230-30,no,87,480,False,True,4.86,no
1785654000,KXBNB15M,KXBNB15M-26AUG020300-00,no,87,240,True,True,4.86,no
1785654900,KXDOGE15M,KXDOGE15M-26AUG020315-15,no,86,420,True,True,5.3,no
1785654900,KXNEAR15M,KXNEAR15M-26AUG020315-15,no,88,300,True,True,4.44,no
1785657600,KXETH15M,KXETH15M-26AUG020400-00,no,88,480,True,True,4.44,no
1785659400,KXHYPE15M,KXHYPE15M-26AUG020430-30,yes,89,360,True,True,4.02,yes
1785661200,KXBTC15M,KXBTC15M-26AUG020500-00,no,89,300,True,True,4.02,no
1785661200,KXHYPE15M,KXHYPE15M-26AUG020500-00,no,89,360,True,True,4.02,no
1785662100,KXBNB15M,KXBNB15M-26AUG020515-15,no,89,480,True,False,-35,yes
1785662100,KXXRP15M,KXXRP15M-26AUG020515-15,no,89,360,False,False,-35,yes
1785662100,KXHYPE15M,KXHYPE15M-26AUG020515-15,no,87,480,True,True,4.86,no
1785663900,KXDOGE15M,KXDOGE15M-26AUG020545-45,yes,86,300,True,True,5.3,yes
1785663900,KXXRP15M,KXXRP15M-26AUG020545-45,yes,87,600,True,True,4.86,yes
1785663900,KXNEAR15M,KXNEAR15M-26AUG020545-45,yes,89,300,True,True,4.02,yes
1785667500,KXETH15M,KXETH15M-26AUG020645-45,yes,88,540,True,True,4.44,yes
1785667500,KXHYPE15M,KXHYPE15M-26AUG020645-45,yes,86,540,True,True,5.3,yes
1785671100,KXBNB15M,KXBNB15M-26AUG020745-45,no,88,540,True,True,4.44,no
1785672900,KXETH15M,KXETH15M-26AUG020815-15,yes,89,360,True,True,4.02,yes
1785672900,KXSOL15M,KXSOL15M-26AUG020815-15,yes,86,600,True,True,5.3,yes
1785672900,KXDOGE15M,KXDOGE15M-26AUG020815-15,yes,88,360,True,True,4.44,yes
1785672900,KXBNB15M,KXBNB15M-26AUG020815-15,yes,88,420,True,True,4.44,yes
1785674700,KXETH15M,KXETH15M-26AUG020845-45,no,88,180,True,True,4.44,no
1785674700,KXXRP15M,KXXRP15M-26AUG020845-45,no,86,480,True,True,5.3,no
1785674700,KXHYPE15M,KXHYPE15M-26AUG020845-45,yes,89,360,False,True,4.02,yes
1785675600,KXSOL15M,KXSOL15M-26AUG020900-00,no,86,300,True,True,5.3,no
1785677400,KXBTC15M,KXBTC15M-26AUG020930-30,no,86,480,False,True,5.3,no
1785678300,KXBTC15M,KXBTC15M-26AUG020945-45,no,88,240,True,True,4.44,no
1785678300,KXETH15M,KXETH15M-26AUG020945-45,no,88,240,True,True,4.44,no
1785678300,KXXRP15M,KXXRP15M-26AUG020945-45,no,87,240,True,True,4.86,no
1785678300,KXNEAR15M,KXNEAR15M-26AUG020945-45,no,89,240,True,False,-35,yes
1785680100,KXETH15M,KXETH15M-26AUG021015-15,no,88,360,True,True,4.44,no
1785680100,KXDOGE15M,KXDOGE15M-26AUG021015-15,no,87,360,True,True,4.86,no
1785680100,KXHYPE15M,KXHYPE15M-26AUG021015-15,no,86,240,True,True,5.3,no
1785681000,KXXRP15M,KXXRP15M-26AUG021030-30,yes,86,360,True,True,5.3,yes
1785693600,KXBNB15M,KXBNB15M-26AUG021400-00,yes,89,180,True,True,4.02,yes
1785694500,KXNEAR15M,KXNEAR15M-26AUG021415-15,yes,86,600,True,True,5.3,yes
1785697200,KXSOL15M,KXSOL15M-26AUG021500-00,no,87,360,True,True,4.86,no
1785699900,KXNEAR15M,KXNEAR15M-26AUG021545-45,yes,85,240,True,True,5.74,yes
1785700800,KXNEAR15M,KXNEAR15M-26AUG021600-00,yes,85,300,True,True,5.74,yes
1785701700,KXDOGE15M,KXDOGE15M-26AUG021615-15,no,89,360,True,True,4.02,no
1785702600,KXXRP15M,KXXRP15M-26AUG021630-30,no,87,360,True,True,4.86,no
1785702600,KXNEAR15M,KXNEAR15M-26AUG021630-30,no,85,360,True,True,5.74,no
1785703500,KXDOGE15M,KXDOGE15M-26AUG021645-45,no,88,300,False,True,4.44,no
1785704400,KXBTC15M,KXBTC15M-26AUG021700-00,yes,86,540,True,True,5.3,yes
1785704400,KXETH15M,KXETH15M-26AUG021700-00,yes,87,540,True,True,4.86,yes
1785705300,KXBTC15M,KXBTC15M-26AUG021715-15,yes,86,360,True,True,5.3,yes
1785705300,KXBNB15M,KXBNB15M-26AUG021715-15,yes,89,420,True,True,4.02,yes
1785705300,KXXRP15M,KXXRP15M-26AUG021715-15,yes,89,480,True,True,4.02,yes
1785708000,KXNEAR15M,KXNEAR15M-26AUG021800-00,no,87,360,True,True,4.86,no
1785708900,KXBTC15M,KXBTC15M-26AUG021815-15,yes,87,420,True,True,4.86,yes
1785708900,KXETH15M,KXETH15M-26AUG021815-15,yes,89,360,True,True,4.02,yes
1785708900,KXSOL15M,KXSOL15M-26AUG021815-15,yes,86,480,True,True,5.3,yes
1785708900,KXBNB15M,KXBNB15M-26AUG021815-15,yes,85,480,True,True,5.74,yes
1785708900,KXXRP15M,KXXRP15M-26AUG021815-15,yes,88,360,True,True,4.44,yes
1785711600,KXSOL15M,KXSOL15M-26AUG021900-00,no,87,420,True,True,4.86,no
1785711600,KXDOGE15M,KXDOGE15M-26AUG021900-00,no,85,420,True,True,5.74,no
1785712500,KXBNB15M,KXBNB15M-26AUG021915-15,no,85,360,True,True,5.74,no
1785713400,KXXRP15M,KXXRP15M-26AUG021930-30,yes,89,480,True,True,4.02,yes
1785714300,KXNEAR15M,KXNEAR15M-26AUG021945-45,yes,89,540,False,True,4.02,yes
1785715200,KXHYPE15M,KXHYPE15M-26AUG022000-00,no,89,300,True,True,4.02,no
1785717900,KXHYPE15M,KXHYPE15M-26AUG022045-45,yes,87,240,True,False,-35,no
1785718800,KXHYPE15M,KXHYPE15M-26AUG022100-00,yes,85,420,False,True,5.74,yes
1785719700,KXBTC15M,KXBTC15M-26AUG022115-15,no,89,240,True,True,4.02,no
1785719700,KXDOGE15M,KXDOGE15M-26AUG022115-15,no,86,180,True,True,5.3,no
1785719700,KXXRP15M,KXXRP15M-26AUG022115-15,no,88,240,True,True,4.44,no
1785720600,KXXRP15M,KXXRP15M-26AUG022130-30,no,85,240,True,True,5.74,no
1785725100,KXXRP15M,KXXRP15M-26AUG022245-45,yes,86,420,True,True,5.3,yes
1785726900,KXHYPE15M,KXHYPE15M-26AUG022315-15,yes,89,180,True,False,-35,no
1785729600,KXBTC15M,KXBTC15M-26AUG030000-00,no,87,600,False,True,4.86,no
1785729600,KXBNB15M,KXBNB15M-26AUG030000-00,no,85,600,True,True,5.74,no
1785730500,KXETH15M,KXETH15M-26AUG030015-15,yes,85,420,True,False,-35,no
1785730500,KXNEAR15M,KXNEAR15M-26AUG030015-15,yes,87,240,False,True,4.86,yes
1785732300,KXBNB15M,KXBNB15M-26AUG030045-45,no,85,360,True,True,5.74,no
1785732300,KXNEAR15M,KXNEAR15M-26AUG030045-45,no,85,360,True,True,5.74,no
1785735000,KXSOL15M,KXSOL15M-26AUG030130-30,no,86,600,True,True,5.3,no
1785735000,KXDOGE15M,KXDOGE15M-26AUG030130-30,no,87,600,False,True,4.86,no
1785735000,KXXRP15M,KXXRP15M-26AUG030130-30,no,85,600,True,True,5.74,no
1785735900,KXDOGE15M,KXDOGE15M-26AUG030145-45,no,87,480,True,True,4.86,no
1785736800,KXETH15M,KXETH15M-26AUG030200-00,yes,89,480,True,True,4.02,yes
1785736800,KXXRP15M,KXXRP15M-26AUG030200-00,yes,89,360,True,True,4.02,yes
1785738600,KXBTC15M,KXBTC15M-26AUG030230-30,no,85,360,True,True,5.74,no
1785738600,KXDOGE15M,KXDOGE15M-26AUG030230-30,no,86,300,True,True,5.3,no
1785738600,KXHYPE15M,KXHYPE15M-26AUG030230-30,no,86,360,True,True,5.3,no
1785740400,KXDOGE15M,KXDOGE15M-26AUG030300-00,yes,87,300,True,False,-35,no
1785740400,KXBNB15M,KXBNB15M-26AUG030300-00,yes,86,180,True,True,5.3,yes
1785741300,KXDOGE15M,KXDOGE15M-26AUG030315-15,no,88,600,False,True,4.44,no
1785742200,KXETH15M,KXETH15M-26AUG030330-30,no,87,540,False,True,4.86,no
1785742200,KXXRP15M,KXXRP15M-26AUG030330-30,no,87,540,False,True,4.86,no
1785744000,KXBNB15M,KXBNB15M-26AUG030400-00,yes,85,420,False,True,5.74,yes
1785745800,KXDOGE15M,KXDOGE15M-26AUG030430-30,no,88,360,True,True,4.44,no
1785750300,KXNEAR15M,KXNEAR15M-26AUG030545-45,yes,87,300,True,False,-35,no
1785751200,KXBNB15M,KXBNB15M-26AUG030600-00,yes,88,420,True,True,4.44,yes
1785752100,KXETH15M,KXETH15M-26AUG030615-15,no,85,180,True,True,5.74,no
1785752100,KXDOGE15M,KXDOGE15M-26AUG030615-15,no,88,180,True,True,4.44,no
1785752100,KXNEAR15M,KXNEAR15M-26AUG030615-15,yes,89,480,False,False,-35,no
1785754800,KXBTC15M,KXBTC15M-26AUG030700-00,no,87,480,True,False,-35,yes
1785754800,KXNEAR15M,KXNEAR15M-26AUG030700-00,no,85,420,True,False,-35,yes
1785758400,KXETH15M,KXETH15M-26AUG030800-00,no,88,360,True,True,4.44,no
1785758400,KXNEAR15M,KXNEAR15M-26AUG030800-00,no,87,540,True,True,4.86,no
1785759300,KXBTC15M,KXBTC15M-26AUG030815-15,no,88,180,False,True,4.44,no
1785760200,KXBTC15M,KXBTC15M-26AUG030830-30,yes,89,420,True,True,4.02,yes
1785762900,KXHYPE15M,KXHYPE15M-26AUG030915-15,yes,87,180,False,True,4.86,yes
1785765600,KXHYPE15M,KXHYPE15M-26AUG031000-00,yes,89,360,True,True,4.02,yes
1785766500,KXBNB15M,KXBNB15M-26AUG031015-15,no,87,540,True,True,4.86,no
1785780000,KXNEAR15M,KXNEAR15M-26AUG031400-00,yes,88,600,False,True,4.44,yes
1785780900,KXDOGE15M,KXDOGE15M-26AUG031415-15,yes,88,360,True,True,4.44,yes
1785780900,KXNEAR15M,KXNEAR15M-26AUG031415-15,yes,87,480,True,True,4.86,yes
1785781800,KXHYPE15M,KXHYPE15M-26AUG031430-30,no,87,420,True,True,4.86,no
1785782700,KXDOGE15M,KXDOGE15M-26AUG031445-45,yes,88,240,True,True,4.44,yes
1785782700,KXXRP15M,KXXRP15M-26AUG031445-45,yes,86,300,True,True,5.3,yes
1785782700,KXNEAR15M,KXNEAR15M-26AUG031445-45,yes,86,180,True,True,5.3,yes
1785783600,KXNEAR15M,KXNEAR15M-26AUG031500-00,no,88,480,False,True,4.44,no
1785784500,KXBNB15M,KXBNB15M-26AUG031515-15,yes,86,360,False,True,5.3,yes
1785789000,KXBTC15M,KXBTC15M-26AUG031630-30,yes,88,300,True,True,4.44,yes
1785789000,KXSOL15M,KXSOL15M-26AUG031630-30,yes,88,480,True,True,4.44,yes
1785789000,KXDOGE15M,KXDOGE15M-26AUG031630-30,yes,88,420,True,True,4.44,yes
1785789900,KXHYPE15M,KXHYPE15M-26AUG031645-45,yes,87,300,True,True,4.86,yes
1785793500,KXHYPE15M,KXHYPE15M-26AUG031745-45,no,88,300,False,True,4.44,no
1785795300,KXBNB15M,KXBNB15M-26AUG031815-15,no,89,300,True,True,4.02,no
1785796200,KXBTC15M,KXBTC15M-26AUG031830-30,yes,85,540,True,True,5.74,yes
1785796200,KXHYPE15M,KXHYPE15M-26AUG031830-30,no,89,240,True,True,4.02,no
1785798900,KXETH15M,KXETH15M-26AUG031915-15,no,86,360,True,True,5.3,no
1785798900,KXSOL15M,KXSOL15M-26AUG031915-15,no,89,360,True,True,4.02,no
1785798900,KXHYPE15M,KXHYPE15M-26AUG031915-15,no,89,300,True,True,4.02,no
1785798900,KXNEAR15M,KXNEAR15M-26AUG031915-15,no,86,300,True,True,5.3,no
1785800700,KXNEAR15M,KXNEAR15M-26AUG031945-45,no,89,240,True,False,-35,yes
1785802500,KXHYPE15M,KXHYPE15M-26AUG032015-15,no,85,300,False,True,5.74,no
1785804300,KXETH15M,KXETH15M-26AUG032045-45,no,89,480,True,True,4.02,no
1785804300,KXHYPE15M,KXHYPE15M-26AUG032045-45,no,88,420,True,True,4.44,no
1785806100,KXBTC15M,KXBTC15M-26AUG032115-15,yes,86,600,True,True,5.3,yes
1785807000,KXETH15M,KXETH15M-26AUG032130-30,yes,85,180,True,True,5.74,yes
1785807000,KXDOGE15M,KXDOGE15M-26AUG032130-30,yes,85,300,True,True,5.74,yes
1785807900,KXHYPE15M,KXHYPE15M-26AUG032145-45,yes,89,540,True,True,4.02,yes
1785808800,KXBTC15M,KXBTC15M-26AUG032200-00,yes,87,180,True,True,4.86,yes
1785808800,KXETH15M,KXETH15M-26AUG032200-00,yes,89,180,True,True,4.02,yes
1785808800,KXDOGE15M,KXDOGE15M-26AUG032200-00,yes,85,180,True,True,5.74,yes
1785810600,KXDOGE15M,KXDOGE15M-26AUG032230-30,no,89,420,True,False,-35,yes
1785811500,KXDOGE15M,KXDOGE15M-26AUG032245-45,yes,87,420,True,True,4.86,yes
1785813300,KXBTC15M,KXBTC15M-26AUG032315-15,no,88,300,True,True,4.44,no
1785815100,KXETH15M,KXETH15M-26AUG032345-45,yes,88,540,True,True,4.44,yes
1785815100,KXSOL15M,KXSOL15M-26AUG032345-45,yes,89,540,True,True,4.02,yes
1785816900,KXSOL15M,KXSOL15M-26AUG040015-15,no,85,300,True,True,5.74,no
1785817800,KXBTC15M,KXBTC15M-26AUG040030-30,yes,87,240,True,True,4.86,yes
1785818700,KXBTC15M,KXBTC15M-26AUG040045-45,yes,87,480,True,True,4.86,yes
1785819600,KXBTC15M,KXBTC15M-26AUG040100-00,yes,87,480,True,False,-35,no
1785819600,KXXRP15M,KXXRP15M-26AUG040100-00,yes,88,480,True,False,-35,no
1785820500,KXBNB15M,KXBNB15M-26AUG040115-15,no,86,540,True,True,5.3,no
1785821400,KXSOL15M,KXSOL15M-26AUG040130-30,yes,87,360,True,True,4.86,yes
1785821400,KXDOGE15M,KXDOGE15M-26AUG040130-30,yes,89,240,True,True,4.02,yes
1785821400,KXXRP15M,KXXRP15M-26AUG040130-30,yes,86,180,True,True,5.3,yes
1785823200,KXBTC15M,KXBTC15M-26AUG040200-00,no,89,360,True,True,4.02,no
1785825000,KXBTC15M,KXBTC15M-26AUG040230-30,yes,88,420,True,False,-35,no
1785825000,KXETH15M,KXETH15M-26AUG040230-30,yes,87,300,True,False,-35,no
1785825000,KXXRP15M,KXXRP15M-26AUG040230-30,yes,87,420,True,False,-35,no
1785825000,KXNEAR15M,KXNEAR15M-26AUG040230-30,yes,85,360,True,True,5.74,yes
1785828600,KXSOL15M,KXSOL15M-26AUG040330-30,no,88,180,True,False,-35,yes
1785828600,KXDOGE15M,KXDOGE15M-26AUG040330-30,no,85,420,True,False,-35,yes
1785829500,KXBTC15M,KXBTC15M-26AUG040345-45,yes,86,420,True,True,5.3,yes
1785829500,KXETH15M,KXETH15M-26AUG040345-45,yes,89,420,True,True,4.02,yes
1785829500,KXDOGE15M,KXDOGE15M-26AUG040345-45,yes,88,540,True,True,4.44,yes
1785830400,KXBTC15M,KXBTC15M-26AUG040400-00,yes,88,540,True,True,4.44,yes
1785830400,KXDOGE15M,KXDOGE15M-26AUG040400-00,yes,85,300,True,True,5.74,yes
1785830400,KXXRP15M,KXXRP15M-26AUG040400-00,yes,85,600,True,True,5.74,yes
1785831300,KXHYPE15M,KXHYPE15M-26AUG040415-15,yes,89,360,False,False,-35,no
1785832200,KXBTC15M,KXBTC15M-26AUG040430-30,no,88,480,True,True,4.44,no
1785832200,KXETH15M,KXETH15M-26AUG040430-30,no,88,480,True,True,4.44,no
1785832200,KXSOL15M,KXSOL15M-26AUG040430-30,no,89,240,True,True,4.02,no
1785832200,KXHYPE15M,KXHYPE15M-26AUG040430-30,no,86,180,True,True,5.3,no
1785833100,KXBTC15M,KXBTC15M-26AUG040445-45,no,87,420,True,True,4.86,no
1785833100,KXETH15M,KXETH15M-26AUG040445-45,no,89,540,True,True,4.02,no
1785833100,KXDOGE15M,KXDOGE15M-26AUG040445-45,no,87,480,True,True,4.86,no
1785835800,KXETH15M,KXETH15M-26AUG040530-30,no,85,540,True,True,5.74,no
1785836700,KXETH15M,KXETH15M-26AUG040545-45,no,87,180,True,True,4.86,no
1785838500,KXBTC15M,KXBTC15M-26AUG040615-15,no,88,480,False,True,4.44,no
1785838500,KXETH15M,KXETH15M-26AUG040615-15,no,85,420,True,True,5.74,no
1785839400,KXXRP15M,KXXRP15M-26AUG040630-30,no,87,600,False,True,4.86,no
1785840300,KXNEAR15M,KXNEAR15M-26AUG040645-45,yes,86,540,False,True,5.3,yes
1785841200,KXDOGE15M,KXDOGE15M-26AUG040700-00,yes,87,600,True,True,4.86,yes
1785843900,KXXRP15M,KXXRP15M-26AUG040745-45,no,88,540,False,False,-35,yes
1785844800,KXETH15M,KXETH15M-26AUG040800-00,yes,88,360,True,True,4.44,yes
1785845700,KXSOL15M,KXSOL15M-26AUG040815-15,no,89,540,True,True,4.02,no
1785845700,KXDOGE15M,KXDOGE15M-26AUG040815-15,no,88,360,True,True,4.44,no
1785845700,KXBNB15M,KXBNB15M-26AUG040815-15,no,89,540,True,True,4.02,no
1785845700,KXXRP15M,KXXRP15M-26AUG040815-15,no,87,600,True,True,4.86,no
1785845700,KXNEAR15M,KXNEAR15M-26AUG040815-15,no,86,480,True,True,5.3,no
1785847500,KXDOGE15M,KXDOGE15M-26AUG040845-45,yes,87,180,True,True,4.86,yes
1785848400,KXSOL15M,KXSOL15M-26AUG040900-00,no,89,540,False,True,4.02,no
1785849300,KXBTC15M,KXBTC15M-26AUG040915-15,yes,88,300,True,True,4.44,yes
1785851100,KXDOGE15M,KXDOGE15M-26AUG040945-45,yes,87,480,True,True,4.86,yes
1785851100,KXBNB15M,KXBNB15M-26AUG040945-45,yes,87,360,True,True,4.86,yes
1785852000,KXBTC15M,KXBTC15M-26AUG041000-00,no,88,600,True,True,4.44,no
1785852000,KXSOL15M,KXSOL15M-26AUG041000-00,no,88,600,True,True,4.44,no
1785852000,KXDOGE15M,KXDOGE15M-26AUG041000-00,no,88,600,True,True,4.44,no
1785852900,KXHYPE15M,KXHYPE15M-26AUG041015-15,yes,86,240,False,True,5.3,yes
1785852900,KXNEAR15M,KXNEAR15M-26AUG041015-15,yes,88,300,True,True,4.44,yes
1785853800,KXETH15M,KXETH15M-26AUG041030-30,no,85,420,True,False,-35,yes
1785853800,KXSOL15M,KXSOL15M-26AUG041030-30,no,87,180,True,True,4.86,no
1785853800,KXXRP15M,KXXRP15M-26AUG041030-30,no,85,480,True,False,-35,yes
1785868200,KXETH15M,KXETH15M-26AUG041430-30,yes,89,420,True,True,4.02,yes
1785869100,KXHYPE15M,KXHYPE15M-26AUG041445-45,no,88,180,True,True,4.44,no
1785870900,KXHYPE15M,KXHYPE15M-26AUG041515-15,yes,89,300,True,True,4.02,yes
1785871800,KXSOL15M,KXSOL15M-26AUG041530-30,no,87,480,True,True,4.86,no
1785871800,KXXRP15M,KXXRP15M-26AUG041530-30,no,88,240,True,True,4.44,no
1785872700,KXETH15M,KXETH15M-26AUG041545-45,yes,89,540,True,True,4.02,yes
1785873600,KXBTC15M,KXBTC15M-26AUG041600-00,no,88,480,True,True,4.44,no
1785873600,KXHYPE15M,KXHYPE15M-26AUG041600-00,no,85,540,True,False,-35,yes
1785873600,KXNEAR15M,KXNEAR15M-26AUG041600-00,no,86,240,True,True,5.3,no
1785874500,KXSOL15M,KXSOL15M-26AUG041615-15,no,87,540,True,True,4.86,no
1785874500,KXXRP15M,KXXRP15M-26AUG041615-15,no,87,540,True,True,4.86,no
1785876300,KXBTC15M,KXBTC15M-26AUG041645-45,yes,89,540,True,True,4.02,yes
1785879000,KXDOGE15M,KXDOGE15M-26AUG041730-30,yes,88,180,True,True,4.44,yes
1785879000,KXNEAR15M,KXNEAR15M-26AUG041730-30,no,88,360,False,True,4.44,no
1785881700,KXBNB15M,KXBNB15M-26AUG041815-15,no,89,540,False,True,4.02,no
1785881700,KXXRP15M,KXXRP15M-26AUG041815-15,no,87,240,True,True,4.86,no
1785883500,KXNEAR15M,KXNEAR15M-26AUG041845-45,yes,87,180,False,True,4.86,yes
1785884400,KXBNB15M,KXBNB15M-26AUG041900-00,no,86,300,True,False,-35,yes
1785887100,KXSOL15M,KXSOL15M-26AUG041945-45,no,89,480,True,True,4.02,no
1785887100,KXDOGE15M,KXDOGE15M-26AUG041945-45,no,87,480,True,False,-35,yes
1785888000,KXETH15M,KXETH15M-26AUG042000-00,no,88,300,True,True,4.44,no
1785888000,KXSOL15M,KXSOL15M-26AUG042000-00,no,89,480,True,True,4.02,no
1785888000,KXDOGE15M,KXDOGE15M-26AUG042000-00,no,87,480,True,True,4.86,no
1785889800,KXHYPE15M,KXHYPE15M-26AUG042030-30,no,89,180,True,True,4.02,no
1785889800,KXNEAR15M,KXNEAR15M-26AUG042030-30,no,87,480,True,True,4.86,no
1785890700,KXSOL15M,KXSOL15M-26AUG042045-45,yes,87,360,True,False,-35,no
1785891600,KXETH15M,KXETH15M-26AUG042100-00,no,88,480,True,True,4.44,no
1785891600,KXXRP15M,KXXRP15M-26AUG042100-00,no,86,480,True,True,5.3,no
1785893400,KXETH15M,KXETH15M-26AUG042130-30,yes,86,180,True,True,5.3,yes
1785893400,KXDOGE15M,KXDOGE15M-26AUG042130-30,yes,85,180,True,True,5.74,yes
1785893400,KXXRP15M,KXXRP15M-26AUG042130-30,yes,89,240,True,True,4.02,yes
1785894300,KXBNB15M,KXBNB15M-26AUG042145-45,yes,85,540,True,True,5.74,yes
1785894300,KXNEAR15M,KXNEAR15M-26AUG042145-45,yes,89,540,True,True,4.02,yes
1785896100,KXSOL15M,KXSOL15M-26AUG042215-15,yes,87,240,True,True,4.86,yes
1785896100,KXXRP15M,KXXRP15M-26AUG042215-15,yes,88,540,True,True,4.44,yes
1785897000,KXDOGE15M,KXDOGE15M-26AUG042230-30,no,86,240,True,True,5.3,no
1785897000,KXNEAR15M,KXNEAR15M-26AUG042230-30,no,85,480,True,True,5.74,no
1785898800,KXSOL15M,KXSOL15M-26AUG042300-00,no,89,300,True,True,4.02,no
1785898800,KXDOGE15M,KXDOGE15M-26AUG042300-00,no,86,540,False,True,5.3,no
1785898800,KXNEAR15M,KXNEAR15M-26AUG042300-00,no,86,360,True,True,5.3,no
1785901500,KXNEAR15M,KXNEAR15M-26AUG042345-45,yes,89,420,True,True,4.02,yes
1785903300,KXETH15M,KXETH15M-26AUG050015-15,no,85,480,False,True,5.74,no
1785903300,KXHYPE15M,KXHYPE15M-26AUG050015-15,yes,88,240,False,True,4.44,yes
1785904200,KXDOGE15M,KXDOGE15M-26AUG050030-30,yes,88,240,True,True,4.44,yes
1785905100,KXBTC15M,KXBTC15M-26AUG050045-45,yes,88,600,True,True,4.44,yes
1785906000,KXETH15M,KXETH15M-26AUG050100-00,no,86,300,True,True,5.3,no
1785906000,KXDOGE15M,KXDOGE15M-26AUG050100-00,no,86,360,True,True,5.3,no
1785906000,KXNEAR15M,KXNEAR15M-26AUG050100-00,no,85,360,True,True,5.74,no
1785907800,KXHYPE15M,KXHYPE15M-26AUG050130-30,yes,89,300,True,True,4.02,yes
1785907800,KXNEAR15M,KXNEAR15M-26AUG050130-30,yes,85,360,True,True,5.74,yes
1785908700,KXDOGE15M,KXDOGE15M-26AUG050145-45,no,89,420,True,True,4.02,no
1785909600,KXNEAR15M,KXNEAR15M-26AUG050200-00,yes,87,480,True,True,4.86,yes
1785910500,KXDOGE15M,KXDOGE15M-26AUG050215-15,no,89,360,True,True,4.02,no
1785911400,KXHYPE15M,KXHYPE15M-26AUG050230-30,yes,88,180,True,True,4.44,yes
1785911400,KXNEAR15M,KXNEAR15M-26AUG050230-30,yes,86,360,True,True,5.3,yes
1785912300,KXETH15M,KXETH15M-26AUG050245-45,yes,86,360,True,True,5.3,yes
1785912300,KXDOGE15M,KXDOGE15M-26AUG050245-45,yes,89,360,True,True,4.02,yes
1785912300,KXHYPE15M,KXHYPE15M-26AUG050245-45,yes,86,240,True,True,5.3,yes
1785913200,KXBTC15M,KXBTC15M-26AUG050300-00,no,86,360,True,True,5.3,no
1785913200,KXETH15M,KXETH15M-26AUG050300-00,no,87,300,True,True,4.86,no
1785913200,KXHYPE15M,KXHYPE15M-26AUG050300-00,yes,87,180,True,True,4.86,yes
1785916800,KXBTC15M,KXBTC15M-26AUG050400-00,yes,86,540,True,True,5.3,yes
1785917700,KXSOL15M,KXSOL15M-26AUG050415-15,yes,88,480,True,True,4.44,yes
1785918600,KXHYPE15M,KXHYPE15M-26AUG050430-30,yes,87,480,False,True,4.86,yes
1785919500,KXNEAR15M,KXNEAR15M-26AUG050445-45,no,87,360,True,True,4.86,no
1785920400,KXNEAR15M,KXNEAR15M-26AUG050500-00,no,87,420,False,True,4.86,no
1785921300,KXBTC15M,KXBTC15M-26AUG050515-15,yes,88,180,True,True,4.44,yes
1785923100,KXBTC15M,KXBTC15M-26AUG050545-45,yes,87,420,True,True,4.86,yes
1785923100,KXETH15M,KXETH15M-26AUG050545-45,yes,86,420,True,True,5.3,yes
1785924000,KXBNB15M,KXBNB15M-26AUG050600-00,no,88,420,True,True,4.44,no
1785925800,KXBNB15M,KXBNB15M-26AUG050630-30,no,87,240,False,True,4.86,no
1785926700,KXDOGE15M,KXDOGE15M-26AUG050645-45,yes,87,180,True,True,4.86,yes
1785926700,KXNEAR15M,KXNEAR15M-26AUG050645-45,no,87,360,False,True,4.86,no
1785927600,KXXRP15M,KXXRP15M-26AUG050700-00,no,85,540,True,True,5.74,no
1785927600,KXHYPE15M,KXHYPE15M-26AUG050700-00,no,88,240,True,False,-35,yes
1785927600,KXNEAR15M,KXNEAR15M-26AUG050700-00,no,88,540,True,True,4.44,no
1785933900,KXSOL15M,KXSOL15M-26AUG050845-45,no,87,420,True,True,4.86,no
1785933900,KXDOGE15M,KXDOGE15M-26AUG050845-45,no,89,600,True,True,4.02,no
1785936600,KXBTC15M,KXBTC15M-26AUG050930-30,yes,85,300,True,True,5.74,yes
1785936600,KXETH15M,KXETH15M-26AUG050930-30,yes,88,240,False,True,4.44,yes
1785937500,KXDOGE15M,KXDOGE15M-26AUG050945-45,no,89,300,True,True,4.02,no
1785939300,KXDOGE15M,KXDOGE15M-26AUG051015-15,yes,86,360,True,True,5.3,yes
1785939300,KXXRP15M,KXXRP15M-26AUG051015-15,yes,89,360,True,True,4.02,yes
1785939300,KXHYPE15M,KXHYPE15M-26AUG051015-15,no,89,600,False,False,-35,yes
1785955500,KXHYPE15M,KXHYPE15M-26AUG051445-45,no,86,600,False,True,5.3,no
1785955500,KXNEAR15M,KXNEAR15M-26AUG051445-45,yes,89,240,False,True,4.02,yes
1785957300,KXBNB15M,KXBNB15M-26AUG051515-15,yes,88,300,True,True,4.44,yes
1785958200,KXHYPE15M,KXHYPE15M-26AUG051530-30,yes,89,300,True,True,4.02,yes
1785959100,KXNEAR15M,KXNEAR15M-26AUG051545-45,yes,86,180,True,True,5.3,yes
1785960000,KXDOGE15M,KXDOGE15M-26AUG051600-00,no,88,480,True,True,4.44,no
1785961800,KXDOGE15M,KXDOGE15M-26AUG051630-30,yes,88,360,True,True,4.44,yes
1785961800,KXHYPE15M,KXHYPE15M-26AUG051630-30,no,86,180,True,True,5.3,no
1785963600,KXETH15M,KXETH15M-26AUG051700-00,no,89,540,True,True,4.02,no
1785963600,KXBNB15M,KXBNB15M-26AUG051700-00,no,87,540,True,True,4.86,no
1785963600,KXXRP15M,KXXRP15M-26AUG051700-00,no,89,360,True,True,4.02,no
1785964500,KXDOGE15M,KXDOGE15M-26AUG051715-15,no,87,420,True,True,4.86,no
1785971700,KXSOL15M,KXSOL15M-26AUG051915-15,no,85,600,True,True,5.74,no
1785974400,KXHYPE15M,KXHYPE15M-26AUG052000-00,no,86,420,False,True,5.3,no
1785975300,KXSOL15M,KXSOL15M-26AUG052015-15,yes,85,300,True,True,5.74,yes
1785978900,KXXRP15M,KXXRP15M-26AUG052115-15,no,89,300,True,True,4.02,no
1785981600,KXETH15M,KXETH15M-26AUG052200-00,yes,89,540,True,True,4.02,yes
1785981600,KXNEAR15M,KXNEAR15M-26AUG052200-00,yes,85,540,True,True,5.74,yes
