city,date,ticker,side,p_model,cost,n,ev_pred,won,pnl
NYC,2026-08-20,KXHIGHNY-26AUG20-T85,yes,0.631,0.08,293,0.546,False,-24.95
NYC,2026-08-20,KXHIGHNY-26AUG20-B84.5,no,0.756,0.5,80,0.239,False,-41.4
NYC,2026-08-20,KXHIGHNY-26AUG20-B82.5,no,0.9,0.61,65,0.273,True,24.26
NYC,2026-08-19,KXHIGHNY-26AUG19-B89.5,yes,0.306,0.09,173,0.21,False,-16.57
NYC,2026-08-19,KXHIGHNY-26AUG19-B87.5,no,0.724,0.61,65,0.097,True,24.26
NYC,2026-08-19,KXHIGHNY-26AUG19-B85.5,no,0.867,0.51,78,0.34,False,-41.15
NYC,2026-08-18,KXHIGHNY-26AUG18-T85,no,0.691,0.23,173,0.449,True,131.06
NYC,2026-08-18,KXHIGHNY-26AUG18-B87.5,yes,0.247,0.03,126,0.215,False,-4.04
NYC,2026-08-18,KXHIGHNY-26AUG18-B85.5,yes,0.316,0.19,150,0.115,True,119.88
NYC,2026-08-17,KXHIGHNY-26AUG17-T84,no,0.784,0.19,148,0.583,False,-29.72
NYC,2026-08-17,KXHIGHNY-26AUG17-B86.5,yes,0.289,0.05,50,0.236,False,-2.67
NYC,2026-08-17,KXHIGHNY-26AUG17-B84.5,yes,0.296,0.19,99,0.096,False,-19.88
NYC,2026-08-16,KXHIGHNY-26AUG16-T78,yes,0.059,0.02,310,0.038,False,-6.63
NYC,2026-08-16,KXHIGHNY-26AUG16-B84.5,yes,0.143,0.02,80,0.122,False,-1.71
NYC,2026-08-16,KXHIGHNY-26AUG16-B82.5,yes,0.284,0.15,266,0.125,False,-42.28
NYC,2026-08-16,KXHIGHNY-26AUG16-B80.5,no,0.7,0.44,90,0.242,False,-41.16
NYC,2026-08-16,KXHIGHNY-26AUG16-B78.5,no,0.831,0.78,51,0.039,True,10.6
NYC,2026-08-15,KXHIGHNY-26AUG15-B86.5,yes,0.267,0.03,2,0.235,False,-0.07
NYC,2026-08-15,KXHIGHNY-26AUG15-B84.5,yes,0.31,0.19,127,0.109,False,-25.5
NYC,2026-08-15,KXHIGHNY-26AUG15-B82.5,no,0.808,0.5,80,0.291,False,-41.4
NYC,2026-08-15,KXHIGHNY-26AUG15-B80.5,no,0.937,0.71,56,0.212,True,15.43
NYC,2026-08-14,KXHIGHNY-26AUG14-T85,no,0.807,0.72,55,0.073,False,-40.38
NYC,2026-08-14,KXHIGHNY-26AUG14-B91.5,yes,0.048,0.02,65,0.027,False,-1.39
NYC,2026-08-14,KXHIGHNY-26AUG14-B89.5,yes,0.165,0.03,2,0.133,False,-0.07
NYC,2026-08-14,KXHIGHNY-26AUG14-B87.5,yes,0.298,0.16,115,0.129,False,-19.49
NYC,2026-08-14,KXHIGHNY-26AUG14-B85.5,no,0.713,0.47,85,0.226,True,43.56
NYC,2026-08-13,KXHIGHNY-26AUG13-T85,yes,0.872,0.56,71,0.294,False,-40.99
NYC,2026-08-13,KXHIGHNY-26AUG13-B87.5,no,0.977,0.88,45,0.09,True,5.06
NYC,2026-08-13,KXHIGHNY-26AUG13-B85.5,no,0.897,0.69,57,0.192,False,-40.19
NYC,2026-08-12,KXHIGHNY-26AUG12-T90,yes,0.084,0.02,14,0.063,False,-0.3
NYC,2026-08-12,KXHIGHNY-26AUG12-B89.5,yes,0.203,0.06,167,0.139,False,-10.68
NYC,2026-08-12,KXHIGHNY-26AUG12-B87.5,no,0.687,0.59,67,0.08,True,26.33
NYC,2026-08-12,KXHIGHNY-26AUG12-B85.5,no,0.742,0.6,66,0.126,True,25.29
NYC,2026-08-11,KXHIGHNY-26AUG11-T89,no,0.423,0.07,212,0.348,False,-15.81
NYC,2026-08-11,KXHIGHNY-26AUG11-B91.5,yes,0.122,0.02,208,0.101,False,-4.45
NYC,2026-08-11,KXHIGHNY-26AUG11-B89.5,yes,0.267,0.08,100,0.182,False,-8.52
NYC,2026-08-10,KXHIGHNY-26AUG10-T96,yes,0.052,0.02,15,0.031,False,-0.33
NYC,2026-08-10,KXHIGHNY-26AUG10-T89,no,0.95,0.46,86,0.472,False,-41.06
NYC,2026-08-10,KXHIGHNY-26AUG10-B93.5,yes,0.294,0.02,33,0.273,False,-0.71
NYC,2026-08-10,KXHIGHNY-26AUG10-B91.5,yes,0.292,0.08,302,0.207,False,-25.72
NYC,2026-08-10,KXHIGHNY-26AUG10-B89.5,no,0.846,0.6,66,0.229,True,25.29
NYC,2026-08-09,KXHIGHNY-26AUG09-T90,no,0.954,0.91,43,0.038,False,-39.38
NYC,2026-08-09,KXHIGHNY-26AUG09-B94.5,yes,0.298,0.04,81,0.256,False,-3.46
NYC,2026-08-09,KXHIGHNY-26AUG09-B90.5,no,0.853,0.37,108,0.467,True,66.27
NYC,2026-08-08,KXHIGHNY-26AUG08-B93.5,yes,0.109,0.03,52,0.077,False,-1.67
NYC,2026-08-08,KXHIGHNY-26AUG08-B91.5,yes,0.254,0.11,363,0.137,False,-42.42
NYC,2026-08-08,KXHIGHNY-26AUG08-B89.5,no,0.686,0.41,97,0.259,True,55.58
NYC,2026-08-07,KXHIGHNY-26AUG07-T89,no,0.978,0.93,43,0.043,True,2.81
NYC,2026-08-07,KXHIGHNY-26AUG07-B93.5,yes,0.317,0.04,249,0.274,False,-10.63
NYC,2026-08-07,KXHIGHNY-26AUG07-B91.5,no,0.763,0.64,62,0.107,False,-40.68
NYC,2026-08-07,KXHIGHNY-26AUG07-B89.5,no,0.906,0.54,74,0.348,True,32.75
NYC,2026-08-06,KXHIGHNY-26AUG06-T88,no,0.796,0.56,71,0.218,True,30.01
NYC,2026-08-06,KXHIGHNY-26AUG06-B92.5,yes,0.158,0.02,227,0.136,False,-4.86
NYC,2026-08-06,KXHIGHNY-26AUG06-B90.5,yes,0.294,0.11,363,0.177,False,-42.42
NYC,2026-08-06,KXHIGHNY-26AUG06-B88.5,no,0.708,0.52,76,0.171,False,-40.85
NYC,2026-08-05,KXHIGHNY-26AUG05-T80,yes,0.133,0.02,118,0.112,False,-2.53
NYC,2026-08-05,KXHIGHNY-26AUG05-B86.5,yes,0.075,0.03,73,0.043,False,-2.34
NYC,2026-08-05,KXHIGHNY-26AUG05-B84.5,no,0.789,0.73,54,0.046,True,13.83
NYC,2026-08-05,KXHIGHNY-26AUG05-B82.5,no,0.685,0.42,95,0.248,False,-41.52
NYC,2026-08-05,KXHIGHNY-26AUG05-B80.5,yes,0.251,0.13,169,0.113,False,-23.31
NYC,2026-08-04,KXHIGHNY-26AUG04-T81,yes,0.727,0.05,155,0.674,False,-8.27
NYC,2026-08-04,KXHIGHNY-26AUG04-B85.5,no,0.988,0.95,42,0.035,True,1.96
NYC,2026-08-04,KXHIGHNY-26AUG04-B83.5,no,0.935,0.38,105,0.538,False,-41.64
NYC,2026-08-04,KXHIGHNY-26AUG04-B81.5,no,0.805,0.73,54,0.061,True,13.83
NYC,2026-08-03,KXHIGHNY-26AUG03-T80,no,0.899,0.78,51,0.107,True,10.6
NYC,2026-08-03,KXHIGHNY-26AUG03-B82.5,yes,0.317,0.2,200,0.105,False,-42.24
NYC,2026-08-03,KXHIGHNY-26AUG03-B80.5,no,0.778,0.45,88,0.31,False,-41.13
NYC,2026-08-02,KXHIGHNY-26AUG02-T80,yes,0.094,0.03,90,0.062,False,-2.89
NYC,2026-08-02,KXHIGHNY-26AUG02-B86.5,yes,0.103,0.04,289,0.06,False,-12.34
NYC,2026-08-02,KXHIGHNY-26AUG02-B84.5,yes,0.247,0.19,210,0.046,False,-42.17
NYC,2026-08-02,KXHIGHNY-26AUG02-B82.5,no,0.684,0.5,80,0.167,False,-41.4
NYC,2026-08-02,KXHIGHNY-26AUG02-B80.5,no,0.785,0.73,54,0.041,True,13.83
NYC,2026-08-01,KXHIGHNY-26AUG01-B88.5,yes,0.24,0.06,379,0.176,False,-24.24
NYC,2026-08-01,KXHIGHNY-26AUG01-B86.5,yes,0.317,0.27,148,0.033,True,105.99
NYC,2026-08-01,KXHIGHNY-26AUG01-B84.5,no,0.778,0.37,108,0.391,True,66.27
NYC,2026-08-01,KXHIGHNY-26AUG01-B82.5,yes,0.083,0.05,91,0.03,False,-4.86
NYC,2026-07-31,KXHIGHNY-26JUL31-T82,yes,0.064,0.03,81,0.032,False,-2.6
NYC,2026-07-31,KXHIGHNY-26JUL31-B88.5,yes,0.136,0.03,84,0.104,False,-2.7
NYC,2026-07-31,KXHIGHNY-26JUL31-B84.5,no,0.696,0.4,100,0.279,False,-41.68
NYC,2026-07-30,KXHIGHNY-26JUL30-T77,yes,0.67,0.35,114,0.304,True,72.28
NYC,2026-07-30,KXHIGHNY-26JUL30-B77.5,no,0.774,0.42,95,0.337,True,53.48
NYC,2026-07-29,KXHIGHNY-26JUL29-T83,yes,0.078,0.02,101,0.056,False,-2.16
NYC,2026-07-29,KXHIGHNY-26JUL29-B82.5,yes,0.195,0.13,191,0.057,False,-26.35
NYC,2026-07-29,KXHIGHNY-26JUL29-B80.5,no,0.689,0.63,63,0.042,False,-40.72
NYC,2026-07-29,KXHIGHNY-26JUL29-B78.5,no,0.736,0.65,61,0.07,True,20.37
NYC,2026-07-28,KXHIGHNY-26JUL28-T84,yes,0.112,0.02,51,0.091,False,-1.09
NYC,2026-07-28,KXHIGHNY-26JUL28-B83.5,yes,0.233,0.03,169,0.201,False,-5.42
NYC,2026-07-28,KXHIGHNY-26JUL28-B81.5,yes,0.317,0.25,160,0.054,False,-42.1
NYC,2026-07-28,KXHIGHNY-26JUL28-B79.5,no,0.77,0.5,80,0.253,False,-41.4
NYC,2026-07-27,KXHIGHNY-26JUL27-T88,yes,0.166,0.02,18,0.144,False,-0.39
NYC,2026-07-27,KXHIGHNY-26JUL27-B87.5,yes,0.273,0.03,20,0.241,False,-0.65
NYC,2026-07-27,KXHIGHNY-26JUL27-B85.5,yes,0.307,0.27,148,0.024,False,-42.01
NYC,2026-07-27,KXHIGHNY-26JUL27-B83.5,no,0.816,0.52,76,0.278,False,-40.85
NYC,2026-07-27,KXHIGHNY-26JUL27-B81.5,no,0.941,0.81,49,0.121,True,8.78
NYC,2026-07-26,KXHIGHNY-26JUL26-T81,yes,0.075,0.04,7,0.033,False,-0.3
NYC,2026-07-26,KXHIGHNY-26JUL26-B85.5,yes,0.267,0.14,248,0.118,True,211.18
NYC,2026-07-26,KXHIGHNY-26JUL26-B83.5,no,0.69,0.4,95,0.273,True,55.4
NYC,2026-07-26,KXHIGHNY-26JUL26-B81.5,no,0.808,0.74,54,0.055,True,13.31
NYC,2026-07-25,KXHIGHNY-26JUL25-T80,yes,0.152,0.06,261,0.088,False,-16.7
NYC,2026-07-25,KXHIGHNY-26JUL25-B86.5,yes,0.065,0.02,28,0.044,False,-0.6
NYC,2026-07-25,KXHIGHNY-26JUL25-B84.5,yes,0.195,0.05,203,0.142,False,-10.83
NYC,2026-07-25,KXHIGHNY-26JUL25-B82.5,no,0.689,0.46,86,0.211,True,44.94
NYC,2026-07-25,KXHIGHNY-26JUL25-B80.5,no,0.736,0.64,62,0.08,False,-40.68
NYC,2026-07-24,KXHIGHNY-26JUL24-T81,no,0.919,0.87,45,0.041,True,5.49
NYC,2026-07-24,KXHIGHNY-26JUL24-B85.5,yes,0.26,0.02,190,0.239,False,-4.07
NYC,2026-07-24,KXHIGHNY-26JUL24-B83.5,yes,0.313,0.25,160,0.049,True,117.9
NYC,2026-07-24,KXHIGHNY-26JUL24-B81.5,no,0.8,0.39,102,0.394,True,60.52
NYC,2026-07-23,KXHIGHNY-26JUL23-B85.5,yes,0.122,0.02,483,0.101,False,-10.33
NYC,2026-07-23,KXHIGHNY-26JUL23-B83.5,yes,0.267,0.05,338,0.213,False,-18.03
NYC,2026-07-23,KXHIGHNY-26JUL23-B81.5,no,0.69,0.54,74,0.132,True,32.75
NYC,2026-07-23,KXHIGHNY-26JUL23-B79.5,no,0.808,0.57,70,0.221,False,-41.11
NYC,2026-07-22,KXHIGHNY-26JUL22-B88.5,yes,0.136,0.04,130,0.093,False,-5.55
NYC,2026-07-22,KXHIGHNY-26JUL22-B86.5,no,0.721,0.66,60,0.046,True,19.45
NYC,2026-07-22,KXHIGHNY-26JUL22-B84.5,no,0.696,0.57,70,0.109,False,-41.11
NYC,2026-07-21,KXHIGHNY-26JUL21-T79,no,0.584,0.45,88,0.117,True,46.87
NYC,2026-07-21,KXHIGHNY-26JUL21-B83.5,yes,0.065,0.04,172,0.022,False,-7.35
NYC,2026-07-21,KXHIGHNY-26JUL21-B81.5,yes,0.195,0.15,266,0.036,True,223.72
NYC,2026-07-20,KXHIGHNY-26JUL20-T84,yes,0.455,0.03,68,0.423,False,-2.18
NYC,2026-07-20,KXHIGHNY-26JUL20-B79.5,no,0.945,0.65,61,0.28,True,20.37
NYC,2026-07-19,KXHIGHNY-26JUL19-B84.5,yes,0.109,0.05,175,0.056,False,-9.34
NYC,2026-07-18,KXHIGHNY-26JUL18-T86,yes,0.913,0.02,14,0.891,False,-0.3
NYC,2026-07-18,KXHIGHNY-26JUL18-T79,no,1.0,0.37,108,0.614,False,-41.73
NYC,2026-07-18,KXHIGHNY-26JUL18-B79.5,no,1.0,0.7,57,0.285,True,16.26
NYC,2026-07-17,KXHIGHNY-26JUL17-T90,yes,0.375,0.02,70,0.354,False,-1.5
NYC,2026-07-17,KXHIGHNY-26JUL17-T83,no,0.998,0.94,42,0.054,True,2.35
NYC,2026-07-17,KXHIGHNY-26JUL17-B89.5,yes,0.316,0.07,124,0.241,False,-9.25
NYC,2026-07-17,KXHIGHNY-26JUL17-B85.5,no,0.922,0.62,64,0.286,False,-40.74
NYC,2026-07-16,KXHIGHNY-26JUL16-T89,no,0.994,0.44,90,0.537,False,-41.16
NYC,2026-07-16,KXHIGHNY-26JUL16-B95.5,yes,0.302,0.02,32,0.281,False,-0.69
NYC,2026-07-16,KXHIGHNY-26JUL16-B93.5,yes,0.282,0.06,244,0.218,False,-15.61
NYC,2026-07-16,KXHIGHNY-26JUL16-B89.5,no,0.963,0.75,53,0.2,True,12.55
NYC,2026-07-15,KXHIGHNY-26JUL15-T97,no,0.954,0.5,80,0.436,False,-41.4
NYC,2026-07-15,KXHIGHNY-26JUL15-T104,yes,0.057,0.02,49,0.035,False,-1.05
NYC,2026-07-15,KXHIGHNY-26JUL15-B99.5,yes,0.287,0.11,164,0.17,False,-19.17
NYC,2026-07-15,KXHIGHNY-26JUL15-B97.5,no,0.853,0.61,65,0.226,True,24.26
NYC,2026-07-15,KXHIGHNY-26JUL15-B101.5,yes,0.298,0.02,145,0.277,False,-3.1
NYC,2026-07-14,KXHIGHNY-26JUL14-T97,yes,0.222,0.02,60,0.2,False,-1.29
NYC,2026-07-14,KXHIGHNY-26JUL14-B96.5,yes,0.298,0.2,200,0.087,False,-42.24
NYC,2026-07-14,KXHIGHNY-26JUL14-B94.5,no,0.713,0.56,71,0.136,True,30.01
NYC,2026-07-12,KXHIGHNY-26JUL12-B88.5,yes,0.143,0.02,141,0.122,False,-3.02
NYC,2026-07-12,KXHIGHNY-26JUL12-B86.5,yes,0.284,0.04,193,0.241,False,-8.24
NYC,2026-07-11,KXHIGHNY-26JUL11-B83.5,yes,0.085,0.03,236,0.053,False,-7.57
NYC,2026-07-10,KXHIGHNY-26JUL10-T87,no,0.839,0.5,80,0.321,False,-41.4
NYC,2026-07-10,KXHIGHNY-26JUL10-B91.5,yes,0.188,0.02,1,0.166,False,-0.03
NYC,2026-07-10,KXHIGHNY-26JUL10-B89.5,yes,0.309,0.08,329,0.224,False,-28.02
NYC,2026-07-10,KXHIGHNY-26JUL10-B87.5,no,0.73,0.59,67,0.123,True,26.33
NYC,2026-07-08,KXHIGHNY-26JUL08-B80.5,yes,0.251,0.14,252,0.102,False,-37.41
NYC,2026-07-08,KXHIGHNY-26JUL08-B78.5,yes,0.106,0.05,237,0.053,False,-12.64
NYC,2026-07-07,KXHIGHNY-26JUL07-B75.5,yes,0.309,0.04,336,0.266,False,-14.35
NYC,2026-07-06,KXHIGHNY-26JUL06-T75,no,0.176,0.08,287,0.091,False,-24.44
NYC,2026-07-06,KXHIGHNY-26JUL06-B75.5,yes,0.136,0.1,394,0.03,False,-41.89
NYC,2026-07-05,KXHIGHNY-26JUL05-B90.5,yes,0.097,0.02,169,0.075,False,-3.62
NYC,2026-07-05,KXHIGHNY-26JUL05-B88.5,yes,0.24,0.02,30,0.219,False,-0.65
NYC,2026-07-05,KXHIGHNY-26JUL05-B86.5,yes,0.317,0.11,264,0.2,False,-30.85
NYC,2026-07-04,KXHIGHNY-26JUL04-T98,no,0.848,0.09,100,0.753,False,-9.58
NYC,2026-07-04,KXHIGHNY-26JUL04-B98.5,yes,0.264,0.08,391,0.179,False,-33.3
NYC,2026-07-03,KXHIGHNY-26JUL03-B100.5,no,0.881,0.46,86,0.403,True,44.94
NYC,2026-07-02,KXHIGHNY-26JUL02-T99,no,0.973,0.81,49,0.152,True,8.78
NYC,2026-07-02,KXHIGHNY-26JUL02-T106,yes,0.09,0.02,79,0.069,False,-1.69
NYC,2026-07-02,KXHIGHNY-26JUL02-B99.5,no,0.894,0.47,85,0.406,False,-41.44
NYC,2026-07-01,KXHIGHNY-26JUL01-T92,no,0.996,0.86,46,0.127,True,6.05
NYC,2026-07-01,KXHIGHNY-26JUL01-B98.5,yes,0.309,0.02,39,0.287,False,-0.84
NYC,2026-07-01,KXHIGHNY-26JUL01-B96.5,yes,0.27,0.06,231,0.206,False,-14.78
NYC,2026-07-01,KXHIGHNY-26JUL01-B94.5,no,0.874,0.64,62,0.218,True,21.32
NYC,2026-07-01,KXHIGHNY-26JUL01-B92.5,no,0.969,0.56,71,0.392,False,-40.99
NYC,2026-06-30,KXHIGHNY-26JUN30-T90,yes,0.662,0.23,173,0.419,False,-41.94
NYC,2026-06-30,KXHIGHNY-26JUN30-B89.5,no,0.77,0.47,85,0.283,True,43.56
NYC,2026-06-30,KXHIGHNY-26JUN30-B87.5,no,0.912,0.73,54,0.168,False,-40.17
NYC,2026-06-29,KXHIGHNY-26JUN29-T86,yes,0.839,0.35,114,0.473,True,72.28
NYC,2026-06-29,KXHIGHNY-26JUN29-B85.5,no,0.874,0.44,90,0.417,True,48.84
NYC,2026-06-29,KXHIGHNY-26JUN29-B83.5,no,0.969,0.94,42,0.025,True,2.35
NYC,2026-06-28,KXHIGHNY-26JUN28-T84,yes,0.137,0.03,312,0.105,False,-10.0
NYC,2026-06-28,KXHIGHNY-26JUN28-B79.5,no,0.793,0.76,52,0.02,True,11.81
NYC,2026-06-28,KXHIGHNY-26JUN28-B77.5,yes,0.073,0.02,381,0.051,False,-8.15
NYC,2026-06-26,KXHIGHNY-26JUN26-T88,yes,0.423,0.02,4,0.401,False,-0.09
NYC,2026-06-26,KXHIGHNY-26JUN26-T81,no,0.999,0.96,41,0.036,False,-39.48
NYC,2026-06-26,KXHIGHNY-26JUN26-B87.5,yes,0.31,0.03,200,0.278,False,-6.41
NYC,2026-06-26,KXHIGHNY-26JUN26-B85.5,no,0.808,0.76,52,0.035,True,11.81
NYC,2026-06-26,KXHIGHNY-26JUN26-B83.5,no,0.937,0.54,74,0.379,True,32.75
NYC,2026-06-26,KXHIGHNY-26JUN26-B81.5,no,0.989,0.78,51,0.197,True,10.6
NYC,2026-06-25,KXHIGHNY-26JUN25-T86,yes,0.273,0.02,71,0.252,False,-1.52
NYC,2026-06-25,KXHIGHNY-26JUN25-B85.5,yes,0.311,0.09,348,0.216,False,-33.32
NYC,2026-06-25,KXHIGHNY-26JUN25-B83.5,no,0.736,0.62,64,0.099,False,-40.74
CHI,2026-08-20,KXHIGHCHI-26AUG20-T77,yes,0.181,0.02,34,0.16,False,-0.73
CHI,2026-08-20,KXHIGHCHI-26AUG20-B83.5,yes,0.072,0.03,26,0.04,False,-0.84
CHI,2026-08-20,KXHIGHCHI-26AUG20-B81.5,yes,0.188,0.15,149,0.029,False,-23.68
CHI,2026-08-20,KXHIGHCHI-26AUG20-B79.5,no,0.714,0.36,35,0.338,True,21.83
CHI,2026-08-19,KXHIGHCHI-26AUG19-T81,yes,0.475,0.1,180,0.368,False,-19.14
CHI,2026-08-19,KXHIGHCHI-26AUG19-B80.5,no,0.721,0.65,61,0.055,False,-40.63
CHI,2026-08-19,KXHIGHCHI-26AUG19-B78.5,no,0.829,0.53,75,0.282,True,33.94
CHI,2026-08-18,KXHIGHCHI-26AUG18-B84.5,no,0.969,0.91,43,0.053,True,3.62
CHI,2026-08-18,KXHIGHCHI-26AUG18-B82.5,no,0.887,0.59,67,0.28,True,26.33
CHI,2026-08-18,KXHIGHCHI-26AUG18-B80.5,no,0.763,0.55,72,0.196,False,-40.85
CHI,2026-08-18,KXHIGHCHI-26AUG18-B78.5,yes,0.291,0.06,137,0.227,False,-8.77
CHI,2026-08-17,KXHIGHCHI-26AUG17-T78,yes,0.859,0.23,173,0.616,False,-41.94
CHI,2026-08-17,KXHIGHCHI-26AUG17-B80.5,no,0.971,0.86,46,0.102,True,6.05
CHI,2026-08-17,KXHIGHCHI-26AUG17-B78.5,no,0.893,0.4,34,0.476,False,-14.18
CHI,2026-08-16,KXHIGHCHI-26AUG16-T82,yes,0.153,0.03,13,0.121,False,-0.42
CHI,2026-08-16,KXHIGHCHI-26AUG16-B88.5,yes,0.086,0.04,51,0.044,False,-2.18
CHI,2026-08-16,KXHIGHCHI-26AUG16-B86.5,no,0.793,0.56,60,0.216,False,-34.64
CHI,2026-08-16,KXHIGHCHI-26AUG16-B84.5,no,0.71,0.6,34,0.093,True,13.02
CHI,2026-08-16,KXHIGHCHI-26AUG16-B82.5,yes,0.239,0.12,65,0.111,False,-8.29
CHI,2026-08-15,KXHIGHCHI-26AUG15-T81,yes,0.758,0.66,14,0.082,False,-9.46
CHI,2026-08-15,KXHIGHCHI-26AUG15-B81.5,no,0.832,0.77,44,0.049,False,-34.43
CHI,2026-08-14,KXHIGHCHI-26AUG14-T76,yes,0.235,0.03,409,0.203,False,-13.11
CHI,2026-08-14,KXHIGHCHI-26AUG14-B80.5,no,0.845,0.56,71,0.267,False,-40.99
CHI,2026-08-14,KXHIGHCHI-26AUG14-B76.5,yes,0.275,0.19,196,0.075,False,-39.36
CHI,2026-08-13,KXHIGHCHI-26AUG13-T76,yes,0.466,0.02,38,0.444,False,-0.82
CHI,2026-08-13,KXHIGHCHI-26AUG13-B82.5,no,0.986,0.87,45,0.108,True,5.49
CHI,2026-08-13,KXHIGHCHI-26AUG13-B80.5,no,0.936,0.58,68,0.339,True,27.4
CHI,2026-08-13,KXHIGHCHI-26AUG13-B78.5,no,0.825,0.74,54,0.072,True,13.31
CHI,2026-08-12,KXHIGHCHI-26AUG12-B82.5,no,0.881,0.77,51,0.099,False,-39.91
CHI,2026-08-12,KXHIGHCHI-26AUG12-B80.5,no,0.758,0.59,67,0.151,True,26.33
CHI,2026-08-11,KXHIGHCHI-26AUG11-T80,yes,0.832,0.5,80,0.314,False,-41.4
CHI,2026-08-11,KXHIGHCHI-26AUG11-B82.5,no,0.963,0.84,47,0.114,True,7.07
CHI,2026-08-11,KXHIGHCHI-26AUG11-B80.5,no,0.875,0.64,62,0.219,False,-40.68
CHI,2026-08-10,KXHIGHCHI-26AUG10-T82,yes,0.54,0.04,16,0.497,False,-0.69
CHI,2026-08-10,KXHIGHCHI-26AUG10-B86.5,no,0.954,0.84,39,0.105,True,5.87
CHI,2026-08-10,KXHIGHCHI-26AUG10-B84.5,no,0.857,0.49,25,0.35,True,12.31
CHI,2026-08-09,KXHIGHCHI-26AUG09-T90,yes,0.445,0.03,2,0.413,False,-0.07
CHI,2026-08-09,KXHIGHCHI-26AUG09-B89.5,yes,0.284,0.07,26,0.21,False,-1.94
CHI,2026-08-09,KXHIGHCHI-26AUG09-B87.5,no,0.816,0.78,24,0.024,True,4.99
CHI,2026-08-09,KXHIGHCHI-26AUG09-B85.5,no,0.93,0.54,74,0.373,False,-41.25
CHI,2026-08-09,KXHIGHCHI-26AUG09-B83.5,no,0.985,0.84,47,0.135,True,7.07
CHI,2026-08-08,KXHIGHCHI-26AUG08-T88,yes,0.118,0.03,6,0.086,False,-0.2
CHI,2026-08-08,KXHIGHCHI-26AUG08-B85.5,no,0.709,0.46,84,0.231,True,43.89
CHI,2026-08-08,KXHIGHCHI-26AUG08-B83.5,yes,0.233,0.2,97,0.022,True,76.51
CHI,2026-08-08,KXHIGHCHI-26AUG08-B81.5,yes,0.109,0.04,125,0.067,False,-5.34
CHI,2026-08-07,KXHIGHCHI-26AUG07-T82,yes,0.247,0.03,11,0.215,False,-0.36
CHI,2026-08-07,KXHIGHCHI-26AUG07-B86.5,no,0.851,0.44,47,0.394,False,-21.5
CHI,2026-08-07,KXHIGHCHI-26AUG07-B82.5,yes,0.279,0.05,22,0.225,False,-1.18
CHI,2026-08-06,KXHIGHCHI-26AUG06-T76,yes,0.364,0.04,216,0.321,False,-9.23
CHI,2026-08-06,KXHIGHCHI-26AUG06-B80.5,no,0.904,0.85,26,0.045,False,-22.34
CHI,2026-08-06,KXHIGHCHI-26AUG06-B78.5,no,0.781,0.52,76,0.243,True,35.15
CHI,2026-08-05,KXHIGHCHI-26AUG05-T86,yes,0.345,0.03,107,0.313,False,-3.43
CHI,2026-08-05,KXHIGHCHI-26AUG05-B85.5,yes,0.292,0.07,114,0.217,False,-8.5
CHI,2026-08-05,KXHIGHCHI-26AUG05-B81.5,no,0.896,0.66,60,0.22,True,19.45
CHI,2026-08-05,KXHIGHCHI-26AUG05-B79.5,no,0.972,0.78,51,0.18,True,10.6
CHI,2026-08-04,KXHIGHCHI-26AUG04-T88,yes,0.219,0.05,51,0.166,False,-2.72
CHI,2026-08-04,KXHIGHCHI-26AUG04-B87.5,no,0.73,0.68,58,0.034,True,17.67
CHI,2026-08-04,KXHIGHCHI-26AUG04-B85.5,no,0.725,0.5,80,0.207,False,-41.4
CHI,2026-08-04,KXHIGHCHI-26AUG04-B81.5,yes,0.057,0.03,23,0.025,False,-0.74
CHI,2026-08-03,KXHIGHCHI-26AUG03-T83,no,0.98,0.94,42,0.036,True,2.35
CHI,2026-08-03,KXHIGHCHI-26AUG03-T76,yes,0.172,0.02,12,0.15,False,-0.26
CHI,2026-08-03,KXHIGHCHI-26AUG03-B82.5,no,0.923,0.67,59,0.238,False,-40.45
CHI,2026-08-03,KXHIGHCHI-26AUG03-B80.5,no,0.806,0.53,75,0.258,True,33.94
CHI,2026-08-03,KXHIGHCHI-26AUG03-B78.5,yes,0.288,0.1,94,0.181,False,-10.0
CHI,2026-08-03,KXHIGHCHI-26AUG03-B76.5,yes,0.249,0.03,42,0.217,False,-1.35
CHI,2026-08-02,KXHIGHCHI-26AUG02-T78,no,0.971,0.9,44,0.065,True,4.12
CHI,2026-08-02,KXHIGHCHI-26AUG02-B75.5,no,0.781,0.6,66,0.164,False,-40.71
CHI,2026-08-02,KXHIGHCHI-26AUG02-B73.5,yes,0.292,0.08,135,0.207,False,-11.5
CHI,2026-08-02,KXHIGHCHI-26AUG02-B71.5,yes,0.227,0.02,9,0.206,False,-0.2
CHI,2026-08-01,KXHIGHCHI-26AUG01-B74.5,no,0.928,0.7,57,0.213,True,16.26
CHI,2026-08-01,KXHIGHCHI-26AUG01-B72.5,no,0.812,0.33,112,0.467,True,73.3
CHI,2026-08-01,KXHIGHCHI-26AUG01-B70.5,yes,0.286,0.02,45,0.264,False,-0.97
CHI,2026-07-31,KXHIGHCHI-26JUL31-T85,yes,0.704,0.07,238,0.629,False,-17.75
CHI,2026-07-31,KXHIGHCHI-26JUL31-B84.5,no,0.803,0.72,55,0.069,True,14.62
CHI,2026-07-31,KXHIGHCHI-26JUL31-B82.5,no,0.922,0.58,68,0.324,False,-40.6
CHI,2026-07-31,KXHIGHCHI-26JUL31-B80.5,no,0.982,0.81,49,0.161,True,8.78
CHI,2026-07-30,KXHIGHCHI-26JUL30-T85,yes,0.235,0.09,138,0.139,False,-13.22
CHI,2026-07-30,KXHIGHCHI-26JUL30-B91.5,yes,0.052,0.03,17,0.02,False,-0.55
CHI,2026-07-30,KXHIGHCHI-26JUL30-B87.5,no,0.73,0.51,78,0.202,True,36.85
CHI,2026-07-29,KXHIGHCHI-26JUL29-T80,yes,0.769,0.61,65,0.143,False,-40.74
CHI,2026-07-29,KXHIGHCHI-26JUL29-B80.5,no,0.838,0.62,64,0.202,False,-40.74
CHI,2026-07-28,KXHIGHCHI-26JUL28-T75,yes,0.235,0.02,147,0.214,False,-3.15
CHI,2026-07-28,KXHIGHCHI-26JUL28-B79.5,no,0.845,0.76,52,0.072,False,-40.19
CHI,2026-07-28,KXHIGHCHI-26JUL28-B77.5,no,0.73,0.67,59,0.044,True,18.55
CHI,2026-07-28,KXHIGHCHI-26JUL28-B75.5,no,0.725,0.66,60,0.049,True,19.45
CHI,2026-07-27,KXHIGHCHI-26JUL27-T97,yes,0.401,0.06,192,0.337,False,-12.28
CHI,2026-07-27,KXHIGHCHI-26JUL27-T90,no,0.997,0.67,59,0.311,False,-40.45
CHI,2026-07-27,KXHIGHCHI-26JUL27-B96.5,yes,0.29,0.05,294,0.236,False,-15.68
CHI,2026-07-27,KXHIGHCHI-26JUL27-B94.5,yes,0.203,0.09,359,0.107,False,-34.37
CHI,2026-07-27,KXHIGHCHI-26JUL27-B90.5,no,0.98,0.71,56,0.256,True,15.43
CHI,2026-07-26,KXHIGHCHI-26JUL26-T89,no,0.939,0.88,45,0.052,True,5.06
CHI,2026-07-26,KXHIGHCHI-26JUL26-B93.5,yes,0.277,0.06,77,0.213,False,-4.93
CHI,2026-07-26,KXHIGHCHI-26JUL26-B91.5,no,0.732,0.63,63,0.086,False,-40.72
CHI,2026-07-26,KXHIGHCHI-26JUL26-B89.5,no,0.848,0.57,70,0.261,True,28.89
CHI,2026-07-25,KXHIGHCHI-26JUL25-T80,no,0.924,0.61,65,0.298,False,-40.74
CHI,2026-07-25,KXHIGHCHI-26JUL25-B86.5,yes,0.149,0.02,16,0.128,False,-0.35
CHI,2026-07-25,KXHIGHCHI-26JUL25-B84.5,yes,0.266,0.04,7,0.224,False,-0.3
CHI,2026-07-24,KXHIGHCHI-26JUL24-B84.5,yes,0.137,0.04,11,0.094,False,-0.47
CHI,2026-07-24,KXHIGHCHI-26JUL24-B80.5,no,0.716,0.5,67,0.198,True,32.32
CHI,2026-07-24,KXHIGHCHI-26JUL24-B78.5,no,0.816,0.7,57,0.102,False,-40.74
CHI,2026-07-23,KXHIGHCHI-26JUL23-T76,yes,0.106,0.05,66,0.053,False,-3.52
CHI,2026-07-23,KXHIGHCHI-26JUL23-B82.5,yes,0.119,0.05,21,0.065,False,-1.12
CHI,2026-07-23,KXHIGHCHI-26JUL23-B80.5,yes,0.242,0.21,90,0.021,False,-19.95
CHI,2026-07-23,KXHIGHCHI-26JUL23-B78.5,no,0.71,0.46,86,0.233,True,44.94
CHI,2026-07-22,KXHIGHCHI-26JUL22-T69,yes,0.113,0.02,21,0.092,False,-0.45
CHI,2026-07-22,KXHIGHCHI-26JUL22-B69.5,yes,0.209,0.04,85,0.167,False,-3.63
CHI,2026-07-21,KXHIGHCHI-26JUL21-T84,yes,0.172,0.07,203,0.097,False,-15.14
CHI,2026-07-21,KXHIGHCHI-26JUL21-B90.5,yes,0.077,0.04,36,0.034,False,-1.54
CHI,2026-07-21,KXHIGHCHI-26JUL21-B86.5,no,0.712,0.6,56,0.096,False,-34.55
CHI,2026-07-21,KXHIGHCHI-26JUL21-B84.5,no,0.751,0.67,59,0.065,True,18.55
CHI,2026-07-20,KXHIGHCHI-26JUL20-B89.5,yes,0.209,0.05,80,0.156,False,-4.27
CHI,2026-07-20,KXHIGHCHI-26JUL20-B87.5,no,0.912,0.68,58,0.217,True,17.67
CHI,2026-07-20,KXHIGHCHI-26JUL20-B85.5,no,0.978,0.57,70,0.391,True,28.89
CHI,2026-07-20,KXHIGHCHI-26JUL20-B83.5,no,0.997,0.8,50,0.186,True,9.44
CHI,2026-07-19,KXHIGHCHI-26JUL19-T78,yes,0.202,0.11,73,0.085,False,-8.54
CHI,2026-07-19,KXHIGHCHI-26JUL19-B84.5,yes,0.064,0.02,70,0.042,False,-1.5
CHI,2026-07-19,KXHIGHCHI-26JUL19-B82.5,yes,0.175,0.09,444,0.079,False,-42.51
CHI,2026-07-19,KXHIGHCHI-26JUL19-B80.5,no,0.72,0.46,86,0.242,True,44.94
CHI,2026-07-18,KXHIGHCHI-26JUL18-T89,no,0.982,0.65,61,0.317,True,20.37
CHI,2026-07-18,KXHIGHCHI-26JUL18-B93.5,yes,0.284,0.05,6,0.231,False,-0.32
CHI,2026-07-18,KXHIGHCHI-26JUL18-B89.5,no,0.93,0.61,65,0.304,True,24.26
CHI,2026-07-17,KXHIGHCHI-26JUL17-B91.5,no,0.718,0.67,59,0.033,True,18.55
CHI,2026-07-16,KXHIGHCHI-26JUL16-T92,no,0.951,0.25,160,0.688,False,-42.1
CHI,2026-07-16,KXHIGHCHI-26JUL16-B96.5,yes,0.286,0.03,961,0.254,False,-30.79
CHI,2026-07-16,KXHIGHCHI-26JUL16-B94.5,yes,0.254,0.05,20,0.201,False,-1.07
CHI,2026-07-15,KXHIGHCHI-26JUL15-T96,no,0.934,0.5,80,0.417,False,-41.4
CHI,2026-07-15,KXHIGHCHI-26JUL15-B98.5,yes,0.272,0.1,113,0.165,False,-12.02
CHI,2026-07-15,KXHIGHCHI-26JUL15-B96.5,no,0.842,0.6,66,0.225,True,25.29
CHI,2026-07-15,KXHIGHCHI-26JUL15-B100.5,yes,0.274,0.03,30,0.242,False,-0.97
CHI,2026-07-14,KXHIGHCHI-26JUL14-T101,yes,0.079,0.02,61,0.058,False,-1.31
CHI,2026-07-14,KXHIGHCHI-26JUL14-B98.5,yes,0.28,0.23,93,0.038,False,-22.55
CHI,2026-07-14,KXHIGHCHI-26JUL14-B96.5,no,0.736,0.46,86,0.259,False,-41.06
CHI,2026-07-14,KXHIGHCHI-26JUL14-B100.5,yes,0.175,0.07,55,0.1,False,-4.11
CHI,2026-07-13,KXHIGHCHI-26JUL13-T94,yes,0.345,0.09,440,0.249,False,-42.13
CHI,2026-07-13,KXHIGHCHI-26JUL13-B93.5,no,0.708,0.49,81,0.201,True,39.89
CHI,2026-07-13,KXHIGHCHI-26JUL13-B91.5,no,0.773,0.7,57,0.058,False,-40.74
CHI,2026-07-12,KXHIGHCHI-26JUL12-T82,yes,0.1,0.02,15,0.078,False,-0.33
CHI,2026-07-12,KXHIGHCHI-26JUL12-B88.5,yes,0.125,0.05,163,0.071,False,-8.7
CHI,2026-07-12,KXHIGHCHI-26JUL12-B86.5,no,0.752,0.54,74,0.195,False,-41.25
CHI,2026-07-12,KXHIGHCHI-26JUL12-B84.5,no,0.712,0.52,76,0.174,True,35.15
CHI,2026-07-12,KXHIGHCHI-26JUL12-B82.5,yes,0.197,0.03,47,0.165,False,-1.51
CHI,2026-07-11,KXHIGHCHI-26JUL11-T81,yes,0.364,0.03,22,0.332,False,-0.71
CHI,2026-07-11,KXHIGHCHI-26JUL11-B83.5,no,0.781,0.47,49,0.293,False,-23.89
CHI,2026-07-11,KXHIGHCHI-26JUL11-B81.5,no,0.708,0.64,62,0.052,True,21.32
CHI,2026-07-10,KXHIGHCHI-26JUL10-T79,yes,0.627,0.03,97,0.595,False,-3.11
CHI,2026-07-10,KXHIGHCHI-26JUL10-B83.5,no,0.971,0.64,62,0.315,True,21.32
CHI,2026-07-10,KXHIGHCHI-26JUL10-B81.5,no,0.893,0.57,70,0.306,False,-41.11
CHI,2026-07-10,KXHIGHCHI-26JUL10-B79.5,yes,0.231,0.18,222,0.041,False,-42.26
CHI,2026-07-09,KXHIGHCHI-26JUL09-B88.5,no,0.979,0.84,47,0.13,True,7.07
CHI,2026-07-08,KXHIGHCHI-26JUL08-B86.5,yes,0.286,0.08,74,0.201,False,-6.31
CHI,2026-07-07,KXHIGHCHI-26JUL07-T81,yes,0.655,0.02,220,0.634,False,-4.71
CHI,2026-07-07,KXHIGHCHI-26JUL07-B85.5,no,0.975,0.64,62,0.319,True,21.32
CHI,2026-07-07,KXHIGHCHI-26JUL07-B83.5,no,0.904,0.61,65,0.277,False,-40.74
CHI,2026-07-07,KXHIGHCHI-26JUL07-B81.5,yes,0.219,0.15,143,0.06,False,-22.73
CHI,2026-07-06,KXHIGHCHI-26JUL06-T76,yes,0.859,0.05,131,0.805,False,-6.99
CHI,2026-07-06,KXHIGHCHI-26JUL06-B80.5,no,0.995,0.76,52,0.223,False,-40.19
CHI,2026-07-06,KXHIGHCHI-26JUL06-B78.5,no,0.971,0.49,81,0.463,True,39.89
CHI,2026-07-06,KXHIGHCHI-26JUL06-B76.5,no,0.893,0.81,39,0.072,True,6.98
CHI,2026-07-04,KXHIGHCHI-26JUL04-B87.5,yes,0.096,0.06,25,0.033,False,-1.6
CHI,2026-07-04,KXHIGHCHI-26JUL04-B85.5,no,0.781,0.71,56,0.056,False,-40.57
CHI,2026-07-03,KXHIGHCHI-26JUL03-T89,no,0.864,0.79,50,0.062,True,9.91
CHI,2026-07-03,KXHIGHCHI-26JUL03-B95.5,yes,0.096,0.03,25,0.064,False,-0.81
CHI,2026-07-03,KXHIGHCHI-26JUL03-B93.5,yes,0.219,0.06,5,0.155,False,-0.32
CHI,2026-07-03,KXHIGHCHI-26JUL03-B89.5,no,0.773,0.57,70,0.185,True,28.89
CHI,2026-07-02,KXHIGHCHI-26JUL02-T100,yes,0.044,0.02,68,0.022,False,-1.46
CHI,2026-07-02,KXHIGHCHI-26JUL02-B99.5,yes,0.125,0.03,12,0.092,False,-0.39
CHI,2026-07-02,KXHIGHCHI-26JUL02-B97.5,yes,0.248,0.06,465,0.184,False,-29.74
CHI,2026-07-02,KXHIGHCHI-26JUL02-B95.5,no,0.712,0.43,93,0.265,False,-41.59
CHI,2026-07-02,KXHIGHCHI-26JUL02-B93.5,no,0.803,0.74,54,0.05,True,13.31
CHI,2026-07-01,KXHIGHCHI-26JUL01-T95,no,0.765,0.71,56,0.041,False,-40.57
CHI,2026-06-29,KXHIGHCHI-26JUN29-T99,yes,0.047,0.02,12,0.026,False,-0.26
CHI,2026-06-29,KXHIGHCHI-26JUN29-B92.5,no,0.81,0.57,70,0.223,False,-41.11
CHI,2026-06-28,KXHIGHCHI-26JUN28-T82,yes,0.247,0.1,400,0.14,False,-42.52
CHI,2026-06-28,KXHIGHCHI-26JUN28-B84.5,no,0.734,0.46,86,0.256,True,44.94
CHI,2026-06-27,KXHIGHCHI-26JUN27-T74,yes,0.162,0.06,137,0.098,False,-8.77
CHI,2026-06-27,KXHIGHCHI-26JUN27-B74.5,no,0.756,0.62,64,0.119,True,23.26
CHI,2026-06-26,KXHIGHCHI-26JUN26-T70,yes,0.746,0.65,61,0.08,True,20.37
CHI,2026-06-26,KXHIGHCHI-26JUN26-B70.5,no,0.825,0.71,56,0.101,True,15.43
CHI,2026-06-25,KXHIGHCHI-26JUN25-T77,yes,0.235,0.02,307,0.214,False,-6.57
CHI,2026-06-25,KXHIGHCHI-26JUN25-B83.5,yes,0.052,0.03,188,0.02,False,-6.03
CHI,2026-06-25,KXHIGHCHI-26JUN25-B81.5,no,0.845,0.76,52,0.072,True,11.81
CHI,2026-06-25,KXHIGHCHI-26JUN25-B79.5,no,0.73,0.43,93,0.282,False,-41.59
CHI,2026-06-25,KXHIGHCHI-26JUN25-B77.5,yes,0.275,0.14,278,0.127,False,-41.27
MIA,2026-08-20,KXHIGHMIA-26AUG20-B93.5,no,0.573,0.5,80,0.056,False,-41.4
MIA,2026-08-20,KXHIGHMIA-26AUG20-B91.5,yes,0.236,0.17,186,0.056,False,-33.46
MIA,2026-08-19,KXHIGHMIA-26AUG19-T98,yes,0.274,0.15,240,0.115,False,-38.15
MIA,2026-08-18,KXHIGHMIA-26AUG18-T100,yes,0.091,0.03,113,0.059,False,-3.63
MIA,2026-08-18,KXHIGHMIA-26AUG18-B97.5,no,0.597,0.44,90,0.14,True,48.84
MIA,2026-08-17,KXHIGHMIA-26AUG17-T97,no,0.953,0.92,43,0.027,True,3.21
MIA,2026-08-17,KXHIGHMIA-26AUG17-B96.5,no,0.754,0.41,97,0.327,True,55.58
MIA,2026-08-17,KXHIGHMIA-26AUG17-B94.5,yes,0.427,0.33,121,0.081,True,79.19
MIA,2026-08-17,KXHIGHMIA-26AUG17-B92.5,yes,0.236,0.03,189,0.204,False,-6.06
MIA,2026-08-16,KXHIGHMIA-26AUG16-B95.5,no,0.889,0.72,55,0.155,True,14.62
MIA,2026-08-16,KXHIGHMIA-26AUG16-B93.5,no,0.637,0.43,93,0.19,False,-41.59
MIA,2026-08-16,KXHIGHMIA-26AUG16-B91.5,yes,0.377,0.14,285,0.228,False,-42.31
MIA,2026-08-16,KXHIGHMIA-26AUG16-B89.5,yes,0.124,0.02,35,0.103,False,-0.75
MIA,2026-08-15,KXHIGHMIA-26AUG15-B90.5,yes,0.17,0.05,124,0.117,False,-6.62
MIA,2026-08-14,KXHIGHMIA-26AUG14-B95.5,no,0.996,0.94,42,0.052,False,-39.65
MIA,2026-08-14,KXHIGHMIA-26AUG14-B93.5,no,0.938,0.3,133,0.623,True,91.14
MIA,2026-08-14,KXHIGHMIA-26AUG14-B91.5,yes,0.287,0.21,124,0.066,False,-27.49
MIA,2026-08-14,KXHIGHMIA-26AUG14-B89.5,yes,0.42,0.02,225,0.399,False,-4.81
MIA,2026-08-13,KXHIGHMIA-26AUG13-T95,yes,0.134,0.04,605,0.091,False,-25.83
MIA,2026-08-13,KXHIGHMIA-26AUG13-B92.5,no,0.634,0.49,81,0.126,True,39.89
MIA,2026-08-13,KXHIGHMIA-26AUG13-B90.5,yes,0.114,0.05,132,0.061,False,-7.04
MIA,2026-08-12,KXHIGHMIA-26AUG12-B95.5,yes,0.314,0.27,148,0.031,False,-42.01
MIA,2026-08-12,KXHIGHMIA-26AUG12-B93.5,no,0.59,0.38,105,0.194,False,-41.64
MIA,2026-08-12,KXHIGHMIA-26AUG12-B91.5,yes,0.17,0.12,152,0.043,False,-19.37
MIA,2026-08-11,KXHIGHMIA-26AUG11-T95,yes,0.111,0.03,355,0.079,False,-11.38
MIA,2026-08-10,KXHIGHMIA-26AUG10-B94.5,yes,0.414,0.15,221,0.255,False,-35.13
MIA,2026-08-10,KXHIGHMIA-26AUG10-B92.5,no,0.695,0.24,166,0.442,False,-41.96
MIA,2026-08-09,KXHIGHMIA-26AUG09-B91.5,no,0.573,0.3,56,0.258,False,-17.63
MIA,2026-08-09,KXHIGHMIA-26AUG09-B89.5,yes,0.236,0.07,34,0.162,False,-2.54
MIA,2026-08-08,KXHIGHMIA-26AUG08-T94,yes,0.101,0.03,29,0.069,False,-0.93
MIA,2026-08-08,KXHIGHMIA-26AUG08-B91.5,no,0.605,0.37,108,0.218,False,-41.73
MIA,2026-08-08,KXHIGHMIA-26AUG08-B89.5,yes,0.146,0.04,75,0.104,False,-3.21
MIA,2026-08-06,KXHIGHMIA-26AUG06-T85,yes,0.381,0.02,70,0.36,False,-1.5
MIA,2026-08-06,KXHIGHMIA-26AUG06-B85.5,yes,0.414,0.02,31,0.393,False,-0.67
MIA,2026-08-05,KXHIGHMIA-26AUG05-T86,yes,0.339,0.03,59,0.307,False,-1.9
MIA,2026-08-05,KXHIGHMIA-26AUG05-B92.5,no,0.999,0.94,42,0.055,True,2.35
MIA,2026-08-05,KXHIGHMIA-26AUG05-B90.5,no,0.969,0.62,64,0.332,False,-40.74
MIA,2026-08-05,KXHIGHMIA-26AUG05-B88.5,no,0.795,0.6,66,0.178,True,25.29
MIA,2026-08-04,KXHIGHMIA-26AUG04-T93,no,1.0,0.97,41,0.028,True,1.14
MIA,2026-08-03,KXHIGHMIA-26AUG03-B92.5,no,0.713,0.61,65,0.086,False,-40.74
MIA,2026-08-03,KXHIGHMIA-26AUG03-B88.5,yes,0.196,0.06,361,0.132,False,-23.09
MIA,2026-08-02,KXHIGHMIA-26AUG02-T88,yes,0.981,0.09,444,0.885,False,-42.51
MIA,2026-08-02,KXHIGHMIA-26AUG02-B92.5,no,1.0,0.83,48,0.16,True,7.68
MIA,2026-08-02,KXHIGHMIA-26AUG02-B90.5,no,0.999,0.5,80,0.482,False,-41.4
MIA,2026-08-02,KXHIGHMIA-26AUG02-B88.5,no,0.981,0.8,50,0.17,True,9.44
MIA,2026-08-01,KXHIGHMIA-26AUG01-T95,no,1.0,0.96,41,0.037,True,1.52
MIA,2026-08-01,KXHIGHMIA-26AUG01-T88,yes,0.447,0.02,4,0.426,False,-0.09
MIA,2026-08-01,KXHIGHMIA-26AUG01-B94.5,no,0.999,0.45,88,0.532,False,-41.13
MIA,2026-08-01,KXHIGHMIA-26AUG01-B92.5,no,0.984,0.68,58,0.288,True,17.67
MIA,2026-08-01,KXHIGHMIA-26AUG01-B90.5,yes,0.143,0.05,143,0.09,False,-7.63
MIA,2026-07-31,KXHIGHMIA-26JUL31-B93.5,yes,0.41,0.25,160,0.147,False,-42.1
MIA,2026-07-31,KXHIGHMIA-26JUL31-B91.5,yes,0.17,0.04,98,0.128,False,-4.19
MIA,2026-07-29,KXHIGHMIA-26JUL29-B94.5,no,0.657,0.45,88,0.189,False,-41.13
MIA,2026-07-29,KXHIGHMIA-26JUL29-B92.5,no,0.905,0.76,52,0.132,True,11.81
MIA,2026-07-28,KXHIGHMIA-26JUL28-T88,yes,0.492,0.02,42,0.471,False,-0.9
MIA,2026-07-28,KXHIGHMIA-26JUL28-B88.5,yes,0.374,0.04,144,0.331,False,-6.15
MIA,2026-07-27,KXHIGHMIA-26JUL27-T87,yes,0.425,0.02,236,0.404,False,-5.05
MIA,2026-07-27,KXHIGHMIA-26JUL27-B93.5,no,0.999,0.95,42,0.046,True,1.96
MIA,2026-07-27,KXHIGHMIA-26JUL27-B91.5,no,0.981,0.64,62,0.325,False,-40.68
MIA,2026-07-27,KXHIGHMIA-26JUL27-B89.5,no,0.845,0.67,59,0.16,True,18.55
MIA,2026-07-27,KXHIGHMIA-26JUL27-B87.5,yes,0.401,0.19,135,0.2,False,-27.11
MIA,2026-07-26,KXHIGHMIA-26JUL26-B93.5,no,0.972,0.52,76,0.435,False,-40.85
MIA,2026-07-26,KXHIGHMIA-26JUL26-B91.5,no,0.808,0.61,65,0.181,True,24.26
MIA,2026-07-26,KXHIGHMIA-26JUL26-B89.5,yes,0.419,0.06,339,0.355,False,-21.68
MIA,2026-07-26,KXHIGHMIA-26JUL26-B87.5,yes,0.291,0.02,413,0.27,False,-8.83
MIA,2026-07-25,KXHIGHMIA-26JUL25-B94.5,yes,0.155,0.1,118,0.048,False,-12.55
MIA,2026-07-25,KXHIGHMIA-26JUL25-B92.5,no,0.599,0.46,78,0.122,False,-37.24
MIA,2026-07-24,KXHIGHMIA-26JUL24-B93.5,no,0.965,0.8,50,0.153,False,-40.56
MIA,2026-07-24,KXHIGHMIA-26JUL24-B91.5,no,0.781,0.39,102,0.375,True,60.52
MIA,2026-07-24,KXHIGHMIA-26JUL24-B89.5,yes,0.425,0.15,242,0.266,False,-38.46
MIA,2026-07-24,KXHIGHMIA-26JUL24-B87.5,yes,0.264,0.02,14,0.242,False,-0.3
MIA,2026-07-23,KXHIGHMIA-26JUL23-T95,yes,0.313,0.02,79,0.292,False,-1.69
MIA,2026-07-23,KXHIGHMIA-26JUL23-B94.5,yes,0.426,0.11,183,0.309,False,-21.39
MIA,2026-07-23,KXHIGHMIA-26JUL23-B92.5,no,0.778,0.24,134,0.525,False,-33.88
MIA,2026-07-20,KXHIGHMIA-26JUL20-B93.5,no,0.833,0.66,60,0.158,False,-40.55
MIA,2026-07-20,KXHIGHMIA-26JUL20-B91.5,no,0.592,0.48,83,0.095,True,41.7
MIA,2026-07-20,KXHIGHMIA-26JUL20-B89.5,yes,0.318,0.08,442,0.233,False,-37.64
MIA,2026-07-19,KXHIGHMIA-26JUL19-T95,yes,0.174,0.03,17,0.142,False,-0.55
MIA,2026-07-19,KXHIGHMIA-26JUL19-B94.5,yes,0.401,0.24,105,0.148,False,-26.55
MIA,2026-07-19,KXHIGHMIA-26JUL19-B92.5,no,0.669,0.39,68,0.262,True,40.34
MIA,2026-07-19,KXHIGHMIA-26JUL19-B90.5,no,0.913,0.88,45,0.026,False,-39.94
MIA,2026-07-18,KXHIGHMIA-26JUL18-T95,yes,0.067,0.02,14,0.045,False,-0.3
MIA,2026-07-18,KXHIGHMIA-26JUL18-B88.5,no,0.971,0.9,44,0.065,True,4.12
MIA,2026-07-17,KXHIGHMIA-26JUL17-T97,yes,0.354,0.04,20,0.311,False,-0.86
MIA,2026-07-17,KXHIGHMIA-26JUL17-B96.5,yes,0.42,0.18,222,0.23,False,-42.26
MIA,2026-07-17,KXHIGHMIA-26JUL17-B94.5,no,0.804,0.49,81,0.297,False,-41.11
MIA,2026-07-17,KXHIGHMIA-26JUL17-B92.5,no,0.971,0.82,48,0.141,True,8.14
MIA,2026-07-17,KXHIGHMIA-26JUL17-B90.5,no,0.999,0.96,41,0.036,True,1.52
MIA,2026-07-16,KXHIGHMIA-26JUL16-T90,yes,0.178,0.02,28,0.157,False,-0.6
MIA,2026-07-16,KXHIGHMIA-26JUL16-B96.5,no,0.993,0.74,54,0.24,False,-40.69
MIA,2026-07-16,KXHIGHMIA-26JUL16-B94.5,no,0.916,0.46,86,0.438,True,44.94
MIA,2026-07-16,KXHIGHMIA-26JUL16-B92.5,yes,0.327,0.2,200,0.116,False,-42.24
MIA,2026-07-16,KXHIGHMIA-26JUL16-B90.5,yes,0.403,0.02,1230,0.382,False,-26.29
MIA,2026-07-15,KXHIGHMIA-26JUL15-B94.5,no,0.626,0.42,62,0.189,False,-27.1
MIA,2026-07-15,KXHIGHMIA-26JUL15-B90.5,yes,0.114,0.03,224,0.082,False,-7.18
MIA,2026-07-14,KXHIGHMIA-26JUL14-B94.5,no,0.673,0.48,83,0.175,False,-41.3
MIA,2026-07-14,KXHIGHMIA-26JUL14-B90.5,yes,0.158,0.04,149,0.115,False,-6.37
MIA,2026-07-13,KXHIGHMIA-26JUL13-B94.5,no,0.673,0.38,53,0.276,True,31.98
MIA,2026-07-13,KXHIGHMIA-26JUL13-B92.5,yes,0.403,0.32,125,0.068,True,83.09
MIA,2026-07-13,KXHIGHMIA-26JUL13-B90.5,yes,0.158,0.02,362,0.137,False,-7.74
MIA,2026-07-12,KXHIGHMIA-26JUL12-B96.5,yes,0.093,0.04,800,0.05,False,-34.16
MIA,2026-07-12,KXHIGHMIA-26JUL12-B94.5,no,0.66,0.55,72,0.093,False,-40.85
MIA,2026-07-12,KXHIGHMIA-26JUL12-B92.5,no,0.605,0.56,71,0.028,True,30.01
MIA,2026-07-12,KXHIGHMIA-26JUL12-B90.5,yes,0.146,0.04,68,0.104,False,-2.91
MIA,2026-07-11,KXHIGHMIA-26JUL11-B95.5,yes,0.143,0.05,152,0.09,False,-8.11
MIA,2026-07-11,KXHIGHMIA-26JUL11-B93.5,no,0.607,0.46,76,0.13,True,39.71
MIA,2026-07-10,KXHIGHMIA-26JUL10-B93.5,no,0.74,0.51,78,0.213,False,-41.15
MIA,2026-07-10,KXHIGHMIA-26JUL10-B89.5,yes,0.222,0.03,321,0.19,False,-10.29
MIA,2026-07-09,KXHIGHMIA-26JUL09-T90,yes,0.062,0.02,4,0.04,False,-0.09
MIA,2026-07-09,KXHIGHMIA-26JUL09-B92.5,no,0.577,0.31,122,0.252,False,-39.65
MIA,2026-07-09,KXHIGHMIA-26JUL09-B90.5,yes,0.278,0.06,299,0.214,False,-19.13
MIA,2026-07-08,KXHIGHMIA-26JUL08-B95.5,no,0.976,0.86,46,0.107,True,6.05
MIA,2026-07-08,KXHIGHMIA-26JUL08-B93.5,no,0.821,0.36,111,0.445,True,69.24
MIA,2026-07-08,KXHIGHMIA-26JUL08-B91.5,yes,0.414,0.22,181,0.182,True,139.0
MIA,2026-07-08,KXHIGHMIA-26JUL08-B89.5,yes,0.305,0.02,62,0.284,False,-1.33
MIA,2026-07-07,KXHIGHMIA-26JUL07-B92.5,no,0.726,0.39,84,0.32,False,-34.16
MIA,2026-07-07,KXHIGHMIA-26JUL07-B90.5,yes,0.424,0.27,148,0.14,False,-42.01
MIA,2026-07-07,KXHIGHMIA-26JUL07-B88.5,yes,0.209,0.04,281,0.166,False,-12.0
MIA,2026-07-06,KXHIGHMIA-26JUL06-T94,yes,0.16,0.03,9,0.128,False,-0.29
MIA,2026-07-06,KXHIGHMIA-26JUL06-B93.5,yes,0.393,0.29,111,0.088,True,77.21
MIA,2026-07-06,KXHIGHMIA-26JUL06-B91.5,no,0.657,0.48,83,0.159,True,41.7
MIA,2026-07-06,KXHIGHMIA-26JUL06-B89.5,no,0.905,0.84,47,0.055,True,7.07
MIA,2026-07-05,KXHIGHMIA-26JUL05-B93.5,yes,0.26,0.15,9,0.101,True,7.56
MIA,2026-07-05,KXHIGHMIA-26JUL05-B91.5,no,0.574,0.39,102,0.168,True,60.52
MIA,2026-07-04,KXHIGHMIA-26JUL04-B92.5,no,0.74,0.54,74,0.183,False,-41.25
MIA,2026-07-04,KXHIGHMIA-26JUL04-B88.5,yes,0.222,0.03,381,0.19,False,-12.21
MIA,2026-07-03,KXHIGHMIA-26JUL03-T95,yes,0.074,0.02,40,0.053,False,-0.86
MIA,2026-07-03,KXHIGHMIA-26JUL03-B94.5,yes,0.301,0.09,82,0.205,False,-7.86
MIA,2026-07-03,KXHIGHMIA-26JUL03-B92.5,no,0.584,0.32,76,0.249,True,50.52
MIA,2026-07-03,KXHIGHMIA-26JUL03-B90.5,no,0.817,0.77,51,0.035,False,-39.91
MIA,2026-07-02,KXHIGHMIA-26JUL02-B93.5,no,0.95,0.92,43,0.025,False,-39.79
MIA,2026-07-02,KXHIGHMIA-26JUL02-B91.5,no,0.74,0.55,72,0.173,True,31.15
MIA,2026-07-02,KXHIGHMIA-26JUL02-B87.5,yes,0.222,0.14,285,0.074,False,-42.31
MIA,2026-07-01,KXHIGHMIA-26JUL01-B94.5,yes,0.246,0.2,168,0.035,False,-35.49
MIA,2026-07-01,KXHIGHMIA-26JUL01-B92.5,no,0.573,0.34,117,0.217,False,-41.62
MIA,2026-07-01,KXHIGHMIA-26JUL01-B90.5,yes,0.236,0.18,222,0.046,False,-42.26
MIA,2026-06-30,KXHIGHMIA-26JUN30-B95.5,no,0.781,0.57,70,0.194,True,28.89
MIA,2026-06-30,KXHIGHMIA-26JUN30-B93.5,no,0.575,0.51,78,0.047,False,-41.15
MIA,2026-06-30,KXHIGHMIA-26JUN30-B91.5,yes,0.264,0.06,400,0.2,False,-25.58
MIA,2026-06-30,KXHIGHMIA-26JUN30-B89.5,yes,0.052,0.02,95,0.03,False,-2.04
MIA,2026-06-29,KXHIGHMIA-26JUN29-B93.5,no,0.592,0.31,129,0.267,False,-41.93
MIA,2026-06-29,KXHIGHMIA-26JUN29-B91.5,yes,0.318,0.18,206,0.128,False,-39.21
MIA,2026-06-29,KXHIGHMIA-26JUN29-B89.5,yes,0.079,0.02,70,0.057,False,-1.5
MIA,2026-06-28,KXHIGHMIA-26JUN28-T88,yes,0.044,0.02,9,0.022,False,-0.2
MIA,2026-06-28,KXHIGHMIA-26JUN28-B92.5,no,0.754,0.51,78,0.227,False,-41.15
MIA,2026-06-28,KXHIGHMIA-26JUN28-B88.5,yes,0.236,0.03,203,0.204,False,-6.51
MIA,2026-06-27,KXHIGHMIA-26JUN27-B94.5,yes,0.192,0.07,55,0.117,False,-4.11
MIA,2026-06-27,KXHIGHMIA-26JUN27-B92.5,no,0.581,0.33,63,0.236,False,-21.77
MIA,2026-06-27,KXHIGHMIA-26JUN27-B88.5,yes,0.064,0.03,117,0.032,False,-3.75
MIA,2026-06-26,KXHIGHMIA-26JUN26-B92.5,no,0.686,0.34,117,0.33,False,-41.62
MIA,2026-06-26,KXHIGHMIA-26JUN26-B90.5,yes,0.41,0.3,133,0.095,False,-41.86
MIA,2026-06-26,KXHIGHMIA-26JUN26-B88.5,yes,0.17,0.02,78,0.149,False,-1.67
MIA,2026-06-25,KXHIGHMIA-26JUN25-B94.5,yes,0.084,0.06,11,0.02,False,-0.71
MIA,2026-06-25,KXHIGHMIA-26JUN25-B92.5,no,0.673,0.4,100,0.256,False,-41.68
MIA,2026-06-25,KXHIGHMIA-26JUN25-B88.5,yes,0.158,0.03,109,0.126,False,-3.5
AUS,2026-08-20,KXHIGHAUS-26AUG20-T100,yes,0.434,0.02,5,0.413,False,-0.11
AUS,2026-08-20,KXHIGHAUS-26AUG20-B104.5,no,0.943,0.66,60,0.268,True,19.45
AUS,2026-08-20,KXHIGHAUS-26AUG20-B102.5,no,0.815,0.4,100,0.398,False,-41.68
AUS,2026-08-20,KXHIGHAUS-26AUG20-B100.5,yes,0.314,0.06,53,0.25,False,-3.39
AUS,2026-08-19,KXHIGHAUS-26AUG19-T100,yes,0.678,0.02,3,0.656,False,-0.07
AUS,2026-08-19,KXHIGHAUS-26AUG19-B104.5,no,0.985,0.76,52,0.212,True,11.81
AUS,2026-08-19,KXHIGHAUS-26AUG19-B102.5,no,0.919,0.37,74,0.533,False,-28.59
AUS,2026-08-19,KXHIGHAUS-26AUG19-B100.5,yes,0.225,0.12,62,0.097,False,-7.9
AUS,2026-08-18,KXHIGHAUS-26AUG18-B98.5,yes,0.323,0.03,10,0.291,False,-0.33
AUS,2026-08-18,KXHIGHAUS-26AUG18-B104.5,no,0.98,0.83,48,0.14,True,7.68
AUS,2026-08-18,KXHIGHAUS-26AUG18-B102.5,no,0.902,0.35,60,0.536,False,-21.96
AUS,2026-08-18,KXHIGHAUS-26AUG18-B100.5,yes,0.248,0.15,25,0.089,False,-3.98
AUS,2026-08-17,KXHIGHAUS-26AUG17-B98.5,yes,0.288,0.03,17,0.256,False,-0.55
AUS,2026-08-17,KXHIGHAUS-26AUG17-B104.5,no,0.952,0.8,50,0.14,False,-40.56
AUS,2026-08-17,KXHIGHAUS-26AUG17-B102.5,no,0.83,0.29,24,0.526,True,16.69
AUS,2026-08-17,KXHIGHAUS-26AUG17-B100.5,yes,0.307,0.11,54,0.19,False,-6.32
AUS,2026-08-16,KXHIGHAUS-26AUG16-B98.5,yes,0.323,0.04,15,0.28,False,-0.65
AUS,2026-08-16,KXHIGHAUS-26AUG16-B104.5,no,0.986,0.94,42,0.042,True,2.35
AUS,2026-08-16,KXHIGHAUS-26AUG16-B102.5,no,0.924,0.35,100,0.558,False,-36.6
AUS,2026-08-15,KXHIGHAUS-26AUG15-T98,yes,0.402,0.03,77,0.37,False,-2.47
AUS,2026-08-15,KXHIGHAUS-26AUG15-B98.5,yes,0.319,0.05,5,0.266,False,-0.27
AUS,2026-08-15,KXHIGHAUS-26AUG15-B102.5,no,0.934,0.45,88,0.467,False,-41.13
AUS,2026-08-15,KXHIGHAUS-26AUG15-B100.5,no,0.799,0.65,61,0.133,True,20.37
AUS,2026-08-14,KXHIGHAUS-26AUG14-B99.5,no,0.875,0.39,45,0.469,True,26.7
AUS,2026-08-14,KXHIGHAUS-26AUG14-B97.5,yes,0.275,0.22,118,0.043,True,90.62
AUS,2026-08-14,KXHIGHAUS-26AUG14-B95.5,yes,0.314,0.04,66,0.272,False,-2.82
AUS,2026-08-14,KXHIGHAUS-26AUG14-B101.5,no,0.971,0.89,43,0.074,True,4.43
AUS,2026-08-13,KXHIGHAUS-26AUG13-B99.5,yes,0.298,0.08,72,0.213,False,-6.14
AUS,2026-08-13,KXHIGHAUS-26AUG13-B103.5,no,0.959,0.89,44,0.062,True,4.53
AUS,2026-08-13,KXHIGHAUS-26AUG13-B101.5,no,0.846,0.21,16,0.624,False,-3.55
AUS,2026-08-12,KXHIGHAUS-26AUG12-T99,yes,0.517,0.04,13,0.475,False,-0.56
AUS,2026-08-12,KXHIGHAUS-26AUG12-B99.5,yes,0.293,0.12,79,0.165,False,-10.07
AUS,2026-08-12,KXHIGHAUS-26AUG12-B103.5,no,0.962,0.86,26,0.094,True,3.42
AUS,2026-08-12,KXHIGHAUS-26AUG12-B101.5,no,0.853,0.3,46,0.539,False,-14.48
AUS,2026-08-11,KXHIGHAUS-26AUG11-T97,yes,0.28,0.04,68,0.237,False,-2.91
AUS,2026-08-11,KXHIGHAUS-26AUG11-B99.5,no,0.738,0.55,72,0.171,True,31.15
AUS,2026-08-11,KXHIGHAUS-26AUG11-B97.5,yes,0.32,0.04,51,0.277,False,-2.18
AUS,2026-08-11,KXHIGHAUS-26AUG11-B101.5,no,0.889,0.51,78,0.361,False,-41.15
AUS,2026-08-10,KXHIGHAUS-26AUG10-B98.5,no,0.815,0.42,25,0.378,False,-10.93
AUS,2026-08-10,KXHIGHAUS-26AUG10-B94.5,yes,0.276,0.05,10,0.222,False,-0.54
AUS,2026-08-09,KXHIGHAUS-26AUG09-T95,yes,0.253,0.03,4,0.221,False,-0.13
AUS,2026-08-09,KXHIGHAUS-26AUG09-B99.5,no,0.875,0.5,80,0.358,False,-41.4
AUS,2026-08-09,KXHIGHAUS-26AUG09-B97.5,no,0.725,0.57,45,0.138,True,18.57
AUS,2026-08-09,KXHIGHAUS-26AUG09-B95.5,yes,0.314,0.04,17,0.272,False,-0.73
AUS,2026-08-08,KXHIGHAUS-26AUG08-B99.5,no,0.846,0.37,108,0.46,False,-41.73
AUS,2026-08-08,KXHIGHAUS-26AUG08-B97.5,yes,0.298,0.25,150,0.035,False,-39.47
AUS,2026-08-08,KXHIGHAUS-26AUG08-B95.5,yes,0.298,0.04,142,0.256,False,-6.07
AUS,2026-08-07,KXHIGHAUS-26AUG07-B99.5,no,0.853,0.37,104,0.467,False,-40.18
AUS,2026-08-07,KXHIGHAUS-26AUG07-B95.5,yes,0.303,0.03,11,0.271,False,-0.36
AUS,2026-08-06,KXHIGHAUS-26AUG06-B96.5,yes,0.303,0.04,23,0.26,False,-0.99
AUS,2026-08-06,KXHIGHAUS-26AUG06-B100.5,no,0.853,0.4,53,0.437,False,-22.1
AUS,2026-08-05,KXHIGHAUS-26AUG05-B98.5,no,0.731,0.67,59,0.046,True,18.55
AUS,2026-08-05,KXHIGHAUS-26AUG05-B96.5,yes,0.317,0.03,44,0.285,False,-1.41
AUS,2026-08-05,KXHIGHAUS-26AUG05-B100.5,no,0.882,0.41,97,0.455,False,-41.42
AUS,2026-08-04,KXHIGHAUS-26AUG04-T97,yes,0.354,0.03,74,0.322,False,-2.38
AUS,2026-08-04,KXHIGHAUS-26AUG04-B99.5,no,0.775,0.48,83,0.278,True,41.7
AUS,2026-08-04,KXHIGHAUS-26AUG04-B97.5,yes,0.323,0.05,130,0.27,False,-6.94
AUS,2026-08-04,KXHIGHAUS-26AUG04-B101.5,no,0.919,0.63,30,0.273,False,-19.39
AUS,2026-08-03,KXHIGHAUS-26AUG03-T100,yes,0.434,0.12,270,0.307,False,-34.4
AUS,2026-08-03,KXHIGHAUS-26AUG03-B102.5,no,0.815,0.65,33,0.149,False,-21.98
AUS,2026-08-03,KXHIGHAUS-26AUG03-B100.5,no,0.686,0.53,75,0.138,True,33.94
AUS,2026-08-02,KXHIGHAUS-26AUG02-T99,yes,0.616,0.24,166,0.363,False,-41.96
AUS,2026-08-02,KXHIGHAUS-26AUG02-B99.5,no,0.745,0.4,100,0.328,False,-41.68
AUS,2026-08-01,KXHIGHAUS-26AUG01-T96,yes,0.191,0.06,50,0.127,False,-3.2
AUS,2026-08-01,KXHIGHAUS-26AUG01-B98.5,no,0.697,0.6,66,0.081,True,25.29
AUS,2026-08-01,KXHIGHAUS-26AUG01-B96.5,yes,0.293,0.24,78,0.041,True,58.28
AUS,2026-08-01,KXHIGHAUS-26AUG01-B100.5,no,0.838,0.67,20,0.153,True,6.29
AUS,2026-07-31,KXHIGHAUS-26JUL31-T98,yes,0.402,0.02,13,0.38,False,-0.28
AUS,2026-07-31,KXHIGHAUS-26JUL31-B98.5,yes,0.319,0.25,81,0.056,False,-21.32
AUS,2026-07-31,KXHIGHAUS-26JUL31-B102.5,no,0.934,0.9,23,0.028,True,2.15
AUS,2026-07-31,KXHIGHAUS-26JUL31-B100.5,no,0.799,0.36,71,0.423,False,-26.71
AUS,2026-07-30,KXHIGHAUS-26JUL30-T98,yes,0.451,0.06,30,0.387,False,-1.92
AUS,2026-07-30,KXHIGHAUS-26JUL30-B100.5,no,0.823,0.45,86,0.355,False,-40.19
AUS,2026-07-29,KXHIGHAUS-26JUL29-T96,yes,0.309,0.02,5,0.287,False,-0.11
AUS,2026-07-29,KXHIGHAUS-26JUL29-B98.5,no,0.752,0.44,43,0.295,False,-19.67
AUS,2026-07-29,KXHIGHAUS-26JUL29-B96.5,yes,0.323,0.11,32,0.206,False,-3.74
AUS,2026-07-29,KXHIGHAUS-26JUL29-B100.5,no,0.902,0.69,20,0.197,True,5.9
AUS,2026-07-28,KXHIGHAUS-26JUL28-T97,yes,0.354,0.04,13,0.312,False,-0.56
AUS,2026-07-28,KXHIGHAUS-26JUL28-B99.5,no,0.775,0.45,26,0.308,False,-12.16
AUS,2026-07-28,KXHIGHAUS-26JUL28-B97.5,no,0.677,0.64,62,0.02,True,21.32
AUS,2026-07-28,KXHIGHAUS-26JUL28-B101.5,yes,0.081,0.04,20,0.038,False,-0.86
AUS,2026-07-27,KXHIGHAUS-26JUL27-T96,yes,0.266,0.03,19,0.234,False,-0.61
AUS,2026-07-27,KXHIGHAUS-26JUL27-B98.5,no,0.731,0.36,98,0.355,False,-36.87
AUS,2026-07-27,KXHIGHAUS-26JUL27-B96.5,yes,0.317,0.23,173,0.075,False,-41.94
AUS,2026-07-26,KXHIGHAUS-26JUL26-T96,yes,0.517,0.05,7,0.464,False,-0.38
AUS,2026-07-26,KXHIGHAUS-26JUL26-B98.5,no,0.853,0.69,4,0.149,True,1.18
AUS,2026-07-26,KXHIGHAUS-26JUL26-B96.5,no,0.707,0.41,44,0.28,False,-18.79
AUS,2026-07-25,KXHIGHAUS-26JUL25-T95,yes,0.37,0.05,24,0.317,False,-1.28
AUS,2026-07-25,KXHIGHAUS-26JUL25-B97.5,no,0.783,0.43,70,0.336,False,-31.31
AUS,2026-07-24,KXHIGHAUS-26JUL24-T93,yes,0.501,0.04,18,0.458,False,-0.77
AUS,2026-07-24,KXHIGHAUS-26JUL24-B97.5,no,0.959,0.66,44,0.283,True,14.26
AUS,2026-07-24,KXHIGHAUS-26JUL24-B95.5,no,0.846,0.54,23,0.289,False,-12.82
AUS,2026-07-24,KXHIGHAUS-26JUL24-B93.5,yes,0.298,0.14,80,0.149,False,-11.88
AUS,2026-07-23,KXHIGHAUS-26JUL23-T97,yes,0.191,0.04,120,0.148,False,-5.13
AUS,2026-07-23,KXHIGHAUS-26JUL23-B99.5,no,0.697,0.56,71,0.12,False,-40.99
AUS,2026-07-23,KXHIGHAUS-26JUL23-B101.5,no,0.838,0.76,52,0.065,True,11.81
AUS,2026-07-22,KXHIGHAUS-26JUL22-T106,yes,0.158,0.06,84,0.094,False,-5.38
AUS,2026-07-22,KXHIGHAUS-26JUL22-B103.5,no,0.686,0.44,24,0.228,False,-10.98
AUS,2026-07-22,KXHIGHAUS-26JUL22-B101.5,yes,0.186,0.12,170,0.059,False,-21.66
AUS,2026-07-21,KXHIGHAUS-26JUL21-B97.5,yes,0.248,0.1,26,0.142,False,-2.77
AUS,2026-07-21,KXHIGHAUS-26JUL21-B95.5,yes,0.099,0.02,25,0.078,False,-0.54
AUS,2026-07-21,KXHIGHAUS-26JUL21-B101.5,no,0.783,0.51,78,0.255,False,-41.15
AUS,2026-07-20,KXHIGHAUS-26JUL20-T93,yes,0.106,0.02,7,0.084,False,-0.15
AUS,2026-07-20,KXHIGHAUS-26JUL20-B97.5,no,0.767,0.49,81,0.26,False,-41.11
AUS,2026-07-20,KXHIGHAUS-26JUL20-B93.5,yes,0.233,0.04,42,0.191,False,-1.8
AUS,2026-07-19,KXHIGHAUS-26JUL19-T93,yes,0.18,0.04,26,0.137,False,-1.11
AUS,2026-07-19,KXHIGHAUS-26JUL19-B95.5,no,0.693,0.4,25,0.276,False,-10.42
AUS,2026-07-19,KXHIGHAUS-26JUL19-B93.5,yes,0.288,0.22,57,0.056,False,-13.23
AUS,2026-07-18,KXHIGHAUS-26JUL18-T97,yes,0.158,0.12,24,0.03,False,-3.06
AUS,2026-07-18,KXHIGHAUS-26JUL18-B96.5,no,0.725,0.61,65,0.098,True,24.26
AUS,2026-07-17,KXHIGHAUS-26JUL17-B94.5,no,0.745,0.68,41,0.05,False,-28.51
AUS,2026-07-17,KXHIGHAUS-26JUL17-B92.5,no,0.679,0.58,21,0.082,True,8.46
AUS,2026-07-17,KXHIGHAUS-26JUL17-B90.5,yes,0.21,0.17,216,0.03,False,-38.86
AUS,2026-07-17,KXHIGHAUS-26JUL17-B88.5,yes,0.071,0.04,109,0.028,False,-4.66
AUS,2026-07-16,KXHIGHAUS-26JUL16-B90.5,no,0.846,0.8,50,0.035,False,-40.56
AUS,2026-07-16,KXHIGHAUS-26JUL16-B88.5,no,0.702,0.64,15,0.046,True,5.15
AUS,2026-07-16,KXHIGHAUS-26JUL16-B86.5,yes,0.298,0.26,13,0.025,False,-3.56
AUS,2026-07-15,KXHIGHAUS-26JUL15-T82,yes,0.81,0.76,52,0.037,True,11.81
AUS,2026-07-14,KXHIGHAUS-26JUL14-T85,yes,0.922,0.87,7,0.044,True,0.85
AUS,2026-07-13,KXHIGHAUS-26JUL13-B91.5,no,0.718,0.64,19,0.062,True,6.53
AUS,2026-07-12,KXHIGHAUS-26JUL12-B96.5,no,0.976,0.88,20,0.088,False,-17.75
AUS,2026-07-12,KXHIGHAUS-26JUL12-B94.5,no,0.889,0.57,17,0.302,True,7.01
AUS,2026-07-12,KXHIGHAUS-26JUL12-B92.5,no,0.738,0.62,1,0.102,True,0.36
AUS,2026-07-12,KXHIGHAUS-26JUL12-B90.5,yes,0.32,0.04,97,0.277,False,-4.15
AUS,2026-07-11,KXHIGHAUS-26JUL11-T91,yes,0.91,0.18,67,0.719,True,54.24
AUS,2026-07-11,KXHIGHAUS-26JUL11-B95.5,no,0.999,0.91,43,0.083,True,3.62
AUS,2026-07-11,KXHIGHAUS-26JUL11-B93.5,no,0.986,0.81,37,0.166,True,6.63
AUS,2026-07-11,KXHIGHAUS-26JUL11-B91.5,no,0.924,0.5,80,0.407,True,38.6
AUS,2026-07-10,KXHIGHAUS-26JUL10-T93,yes,0.517,0.09,26,0.422,False,-2.49
AUS,2026-07-10,KXHIGHAUS-26JUL10-B95.5,no,0.853,0.62,33,0.217,False,-21.01
AUS,2026-07-10,KXHIGHAUS-26JUL10-B93.5,no,0.707,0.51,57,0.18,True,26.93
AUS,2026-07-09,KXHIGHAUS-26JUL09-T94,yes,0.159,0.02,9,0.137,False,-0.2
AUS,2026-07-09,KXHIGHAUS-26JUL09-B98.5,no,0.815,0.34,30,0.459,False,-10.68
AUS,2026-07-09,KXHIGHAUS-26JUL09-B96.5,yes,0.314,0.2,40,0.103,False,-8.45
AUS,2026-07-09,KXHIGHAUS-26JUL09-B100.5,no,0.943,0.9,44,0.037,True,4.12
AUS,2026-07-08,KXHIGHAUS-26JUL08-T95,yes,0.266,0.02,2000,0.245,False,-42.75
AUS,2026-07-08,KXHIGHAUS-26JUL08-B99.5,no,0.882,0.55,72,0.315,False,-40.85
AUS,2026-07-08,KXHIGHAUS-26JUL08-B97.5,no,0.731,0.53,70,0.184,True,31.67
AUS,2026-07-08,KXHIGHAUS-26JUL08-B95.5,yes,0.317,0.06,88,0.253,False,-5.63
AUS,2026-07-07,KXHIGHAUS-26JUL07-T94,yes,0.122,0.03,14,0.09,False,-0.45
AUS,2026-07-07,KXHIGHAUS-26JUL07-B98.5,no,0.783,0.59,44,0.176,False,-26.71
AUS,2026-07-07,KXHIGHAUS-26JUL07-B96.5,no,0.677,0.5,80,0.16,True,38.6
AUS,2026-07-07,KXHIGHAUS-26JUL07-B94.5,yes,0.248,0.06,80,0.184,False,-5.12
AUS,2026-07-07,KXHIGHAUS-26JUL07-B100.5,yes,0.076,0.04,80,0.033,False,-3.42
AUS,2026-07-06,KXHIGHAUS-26JUL06-T94,yes,0.078,0.03,2,0.046,False,-0.07
AUS,2026-07-06,KXHIGHAUS-26JUL06-B98.5,no,0.738,0.66,18,0.062,False,-12.17
AUS,2026-07-06,KXHIGHAUS-26JUL06-B96.5,no,0.68,0.43,33,0.233,True,18.24
AUS,2026-07-06,KXHIGHAUS-26JUL06-B94.5,yes,0.202,0.1,14,0.096,False,-1.49
AUS,2026-07-06,KXHIGHAUS-26JUL06-B100.5,yes,0.111,0.03,21,0.079,False,-0.68
AUS,2026-07-05,KXHIGHAUS-26JUL05-T94,yes,0.084,0.02,42,0.063,False,-0.9
AUS,2026-07-05,KXHIGHAUS-26JUL05-B98.5,no,0.745,0.5,75,0.228,True,36.18
AUS,2026-07-05,KXHIGHAUS-26JUL05-B96.5,no,0.679,0.59,67,0.072,False,-40.67
AUS,2026-07-05,KXHIGHAUS-26JUL05-B94.5,yes,0.21,0.06,75,0.146,False,-4.8
AUS,2026-07-05,KXHIGHAUS-26JUL05-B100.5,yes,0.105,0.05,95,0.051,False,-5.07
AUS,2026-07-04,KXHIGHAUS-26JUL04-T95,yes,0.214,0.05,73,0.161,False,-3.9
AUS,2026-07-04,KXHIGHAUS-26JUL04-B99.5,yes,0.147,0.11,82,0.03,False,-9.59
AUS,2026-07-04,KXHIGHAUS-26JUL04-B97.5,no,0.707,0.42,95,0.27,False,-41.52
AUS,2026-07-03,KXHIGHAUS-26JUL03-T94,yes,0.294,0.03,13,0.262,False,-0.42
AUS,2026-07-03,KXHIGHAUS-26JUL03-B98.5,no,0.895,0.79,21,0.094,False,-16.84
AUS,2026-07-03,KXHIGHAUS-26JUL03-B96.5,no,0.745,0.33,42,0.4,True,27.48
AUS,2026-07-03,KXHIGHAUS-26JUL03-B94.5,yes,0.321,0.13,65,0.183,False,-8.97
AUS,2026-07-02,KXHIGHAUS-26JUL02-B99.5,yes,0.057,0.02,3,0.035,False,-0.07
AUS,2026-07-02,KXHIGHAUS-26JUL02-B97.5,no,0.815,0.66,53,0.139,True,17.18
AUS,2026-07-02,KXHIGHAUS-26JUL02-B95.5,no,0.686,0.39,32,0.279,False,-13.02
AUS,2026-07-02,KXHIGHAUS-26JUL02-B93.5,yes,0.276,0.08,77,0.191,False,-6.56
AUS,2026-07-01,KXHIGHAUS-26JUL01-T93,yes,0.214,0.04,9,0.172,False,-0.39
AUS,2026-07-01,KXHIGHAUS-26JUL01-B97.5,no,0.853,0.72,49,0.119,True,13.02
AUS,2026-07-01,KXHIGHAUS-26JUL01-B95.5,no,0.707,0.39,29,0.301,False,-11.8
AUS,2026-07-01,KXHIGHAUS-26JUL01-B93.5,yes,0.303,0.1,45,0.197,False,-4.79
AUS,2026-06-30,KXHIGHAUS-26JUN30-T93,yes,0.266,0.03,8,0.234,False,-0.26
AUS,2026-06-30,KXHIGHAUS-26JUN30-B97.5,no,0.882,0.75,43,0.119,True,10.18
AUS,2026-06-30,KXHIGHAUS-26JUN30-B95.5,no,0.731,0.39,61,0.325,False,-24.81
AUS,2026-06-30,KXHIGHAUS-26JUN30-B93.5,yes,0.317,0.16,162,0.148,False,-27.45
AUS,2026-06-29,KXHIGHAUS-26JUN29-T96,yes,0.721,0.23,76,0.479,False,-18.43
AUS,2026-06-29,KXHIGHAUS-26JUN29-B96.5,no,0.799,0.41,92,0.372,False,-39.28
AUS,2026-06-28,KXHIGHAUS-26JUN28-T94,yes,0.663,0.05,12,0.609,False,-0.64
AUS,2026-06-28,KXHIGHAUS-26JUN28-B98.5,no,0.983,0.94,6,0.039,True,0.33
AUS,2026-06-28,KXHIGHAUS-26JUN28-B96.5,no,0.913,0.47,85,0.426,True,43.56
AUS,2026-06-28,KXHIGHAUS-26JUN28-B94.5,no,0.767,0.63,63,0.121,False,-40.72
AUS,2026-06-27,KXHIGHAUS-26JUN27-T94,yes,0.632,0.06,91,0.568,False,-5.82
AUS,2026-06-27,KXHIGHAUS-26JUN27-B96.5,no,0.902,0.6,44,0.285,True,16.86
AUS,2026-06-27,KXHIGHAUS-26JUN27-B94.5,no,0.752,0.45,44,0.285,False,-20.57
AUS,2026-06-26,KXHIGHAUS-26JUN26-T94,yes,0.663,0.09,121,0.567,False,-11.59
AUS,2026-06-26,KXHIGHAUS-26JUN26-B96.5,no,0.913,0.72,54,0.179,True,14.35
AUS,2026-06-26,KXHIGHAUS-26JUN26-B94.5,no,0.767,0.45,9,0.3,False,-4.21
AUS,2026-06-25,KXHIGHAUS-26JUN25-T93,yes,0.678,0.29,84,0.373,False,-25.58
AUS,2026-06-25,KXHIGHAUS-26JUN25-B95.5,no,0.919,0.83,45,0.079,True,7.2
AUS,2026-06-25,KXHIGHAUS-26JUN25-B93.5,no,0.775,0.45,88,0.308,False,-41.13
DEN,2026-08-20,KXHIGHDEN-26AUG20-B94.5,no,0.851,0.78,51,0.059,True,10.6
DEN,2026-08-20,KXHIGHDEN-26AUG20-B92.5,no,0.729,0.42,2,0.292,False,-0.88
DEN,2026-08-20,KXHIGHDEN-26AUG20-B90.5,yes,0.282,0.09,12,0.187,False,-1.15
DEN,2026-08-19,KXHIGHDEN-26AUG19-T84,yes,0.252,0.06,37,0.188,False,-2.37
DEN,2026-08-19,KXHIGHDEN-26AUG19-B90.5,no,0.956,0.63,12,0.31,False,-7.76
DEN,2026-08-19,KXHIGHDEN-26AUG19-B88.5,no,0.857,0.51,1,0.33,True,0.47
DEN,2026-08-19,KXHIGHDEN-26AUG19-B86.5,yes,0.267,0.13,19,0.129,False,-2.63
DEN,2026-08-19,KXHIGHDEN-26AUG19-B84.5,yes,0.286,0.04,25,0.243,False,-1.07
DEN,2026-08-18,KXHIGHDEN-26AUG18-T89,yes,0.583,0.1,11,0.477,True,9.83
DEN,2026-08-18,KXHIGHDEN-26AUG18-B93.5,no,0.965,0.94,5,0.021,True,0.28
DEN,2026-08-18,KXHIGHDEN-26AUG18-B91.5,no,0.876,0.52,14,0.338,True,6.47
DEN,2026-08-18,KXHIGHDEN-26AUG18-B89.5,no,0.748,0.65,12,0.083,True,4.0
DEN,2026-08-17,KXHIGHDEN-26AUG17-T92,no,0.924,0.8,2,0.112,False,-1.63
DEN,2026-08-17,KXHIGHDEN-26AUG17-B91.5,no,0.824,0.44,11,0.367,True,5.97
DEN,2026-08-17,KXHIGHDEN-26AUG17-B89.5,yes,0.286,0.18,17,0.095,False,-3.24
DEN,2026-08-16,KXHIGHDEN-26AUG16-T80,yes,0.462,0.11,74,0.345,False,-8.65
DEN,2026-08-16,KXHIGHDEN-26AUG16-B86.5,no,0.987,0.96,5,0.025,True,0.18
DEN,2026-08-16,KXHIGHDEN-26AUG16-B84.5,no,0.938,0.7,54,0.223,True,15.4
DEN,2026-08-16,KXHIGHDEN-26AUG16-B82.5,no,0.824,0.59,32,0.217,False,-19.43
DEN,2026-08-16,KXHIGHDEN-26AUG16-B80.5,yes,0.286,0.11,75,0.169,False,-8.77
DEN,2026-08-15,KXHIGHDEN-26AUG15-T84,no,0.987,0.89,44,0.09,True,4.53
DEN,2026-08-15,KXHIGHDEN-26AUG15-T77,yes,0.206,0.03,22,0.174,False,-0.71
DEN,2026-08-15,KXHIGHDEN-26AUG15-B83.5,no,0.942,0.65,45,0.276,True,15.03
DEN,2026-08-15,KXHIGHDEN-26AUG15-B81.5,no,0.831,0.75,3,0.068,False,-2.29
DEN,2026-08-15,KXHIGHDEN-26AUG15-B79.5,yes,0.283,0.19,4,0.082,False,-0.81
DEN,2026-08-15,KXHIGHDEN-26AUG15-B77.5,yes,0.271,0.05,5,0.218,False,-0.27
DEN,2026-08-14,KXHIGHDEN-26AUG14-T88,no,0.965,0.89,44,0.068,True,4.53
DEN,2026-08-14,KXHIGHDEN-26AUG14-B87.5,no,0.888,0.54,32,0.33,False,-17.84
DEN,2026-08-14,KXHIGHDEN-26AUG14-B83.5,yes,0.296,0.09,2,0.2,False,-0.2
DEN,2026-08-13,KXHIGHDEN-26AUG13-T78,no,0.984,0.94,42,0.04,True,2.35
DEN,2026-08-13,KXHIGHDEN-26AUG13-B80.5,no,0.817,0.58,17,0.22,True,6.85
DEN,2026-08-13,KXHIGHDEN-26AUG13-B78.5,no,0.934,0.85,21,0.075,True,2.96
DEN,2026-08-12,KXHIGHDEN-26AUG12-T94,no,0.815,0.45,3,0.347,False,-1.41
DEN,2026-08-12,KXHIGHDEN-26AUG12-B93.5,no,0.738,0.65,36,0.072,True,12.02
DEN,2026-08-12,KXHIGHDEN-26AUG12-B91.5,yes,0.288,0.06,1,0.224,False,-0.07
DEN,2026-08-12,KXHIGHDEN-26AUG12-B89.5,yes,0.183,0.03,2,0.151,False,-0.07
DEN,2026-08-11,KXHIGHDEN-26AUG11-T93,yes,0.358,0.04,15,0.316,False,-0.65
DEN,2026-08-11,KXHIGHDEN-26AUG11-B97.5,no,0.905,0.58,68,0.308,False,-40.6
DEN,2026-08-11,KXHIGHDEN-26AUG11-B95.5,no,0.778,0.55,72,0.211,True,31.15
DEN,2026-08-11,KXHIGHDEN-26AUG11-B93.5,yes,0.297,0.11,17,0.18,False,-1.99
DEN,2026-08-10,KXHIGHDEN-26AUG10-B96.5,no,0.915,0.53,34,0.368,True,15.38
DEN,2026-08-10,KXHIGHDEN-26AUG10-B94.5,no,0.791,0.58,28,0.194,False,-16.72
DEN,2026-08-10,KXHIGHDEN-26AUG10-B92.5,yes,0.296,0.06,5,0.232,False,-0.32
DEN,2026-08-09,KXHIGHDEN-26AUG09-T94,yes,0.492,0.02,17,0.471,False,-0.37
DEN,2026-08-09,KXHIGHDEN-26AUG09-B98.5,no,0.946,0.45,12,0.478,True,6.39
DEN,2026-08-09,KXHIGHDEN-26AUG09-B96.5,no,0.837,0.71,34,0.113,False,-24.64
DEN,2026-08-09,KXHIGHDEN-26AUG09-B100.5,no,0.99,0.92,30,0.064,True,2.24
DEN,2026-08-08,KXHIGHDEN-26AUG08-T96,yes,0.303,0.02,4,0.282,False,-0.09
DEN,2026-08-08,KXHIGHDEN-26AUG08-B98.5,no,0.754,0.64,62,0.098,True,21.32
DEN,2026-08-08,KXHIGHDEN-26AUG08-B96.5,yes,0.294,0.03,19,0.262,False,-0.61
DEN,2026-08-08,KXHIGHDEN-26AUG08-B102.5,no,0.967,0.89,18,0.071,True,1.85
DEN,2026-08-08,KXHIGHDEN-26AUG08-B100.5,no,0.882,0.54,30,0.324,False,-16.73
DEN,2026-08-07,KXHIGHDEN-26AUG07-T93,yes,0.277,0.03,1,0.245,False,-0.04
DEN,2026-08-07,KXHIGHDEN-26AUG07-B97.5,no,0.87,0.59,29,0.263,True,11.39
DEN,2026-08-07,KXHIGHDEN-26AUG07-B95.5,no,0.743,0.56,49,0.166,False,-28.29
DEN,2026-08-06,KXHIGHDEN-26AUG06-T92,yes,0.447,0.02,88,0.425,False,-1.89
DEN,2026-08-06,KXHIGHDEN-26AUG06-B98.5,no,0.986,0.92,43,0.061,True,3.21
DEN,2026-08-06,KXHIGHDEN-26AUG06-B96.5,no,0.934,0.45,53,0.466,False,-24.77
DEN,2026-08-06,KXHIGHDEN-26AUG06-B94.5,no,0.817,0.69,45,0.112,True,13.27
DEN,2026-08-06,KXHIGHDEN-26AUG06-B92.5,yes,0.288,0.05,32,0.235,False,-1.71
DEN,2026-08-05,KXHIGHDEN-26AUG05-T83,yes,0.655,0.18,91,0.465,False,-17.33
DEN,2026-08-05,KXHIGHDEN-26AUG05-B87.5,no,0.976,0.85,32,0.118,True,4.51
DEN,2026-08-05,KXHIGHDEN-26AUG05-B85.5,no,0.905,0.65,30,0.239,True,10.02
DEN,2026-08-05,KXHIGHDEN-26AUG05-B83.5,no,0.778,0.66,49,0.102,False,-33.11
DEN,2026-08-04,KXHIGHDEN-26AUG04-T75,yes,0.962,0.16,51,0.792,True,42.36
DEN,2026-08-04,KXHIGHDEN-26AUG04-B79.5,no,1.0,0.85,47,0.141,True,6.63
DEN,2026-08-04,KXHIGHDEN-26AUG04-B77.5,no,0.995,0.6,66,0.378,True,25.29
DEN,2026-08-04,KXHIGHDEN-26AUG04-B75.5,no,0.967,0.69,57,0.262,True,16.81
DEN,2026-08-03,KXHIGHDEN-26AUG03-T95,yes,0.101,0.02,6,0.079,False,-0.13
DEN,2026-08-03,KXHIGHDEN-26AUG03-B99.5,no,0.754,0.55,72,0.187,True,31.15
DEN,2026-08-03,KXHIGHDEN-26AUG03-B97.5,yes,0.294,0.07,26,0.22,False,-1.94
DEN,2026-08-03,KXHIGHDEN-26AUG03-B95.5,yes,0.203,0.03,12,0.171,False,-0.39
DEN,2026-08-03,KXHIGHDEN-26AUG03-B101.5,no,0.882,0.58,27,0.285,False,-16.13
DEN,2026-08-02,KXHIGHDEN-26AUG02-B98.5,yes,0.283,0.08,21,0.197,False,-1.79
DEN,2026-08-02,KXHIGHDEN-26AUG02-B102.5,no,0.942,0.56,37,0.364,False,-21.36
DEN,2026-08-02,KXHIGHDEN-26AUG02-B100.5,no,0.831,0.55,5,0.263,True,2.16
DEN,2026-08-01,KXHIGHDEN-26AUG01-B94.5,no,0.844,0.57,27,0.257,False,-15.86
DEN,2026-08-01,KXHIGHDEN-26AUG01-B92.5,no,0.725,0.57,27,0.138,True,11.14
DEN,2026-08-01,KXHIGHDEN-26AUG01-B90.5,yes,0.279,0.07,3,0.204,False,-0.23
DEN,2026-07-31,KXHIGHDEN-26JUL31-B91.5,no,0.956,0.56,15,0.379,True,6.34
DEN,2026-07-31,KXHIGHDEN-26JUL31-B89.5,no,0.857,0.58,4,0.26,False,-2.39
DEN,2026-07-31,KXHIGHDEN-26JUL31-B87.5,yes,0.267,0.08,1,0.181,False,-0.09
DEN,2026-07-30,KXHIGHDEN-26JUL30-T89,yes,0.277,0.03,49,0.245,False,-1.57
DEN,2026-07-30,KXHIGHDEN-26JUL30-B95.5,no,0.962,0.81,29,0.141,False,-23.81
DEN,2026-07-30,KXHIGHDEN-26JUL30-B93.5,no,0.87,0.58,68,0.273,True,27.4
DEN,2026-07-30,KXHIGHDEN-26JUL30-B91.5,no,0.743,0.7,17,0.028,True,4.85
DEN,2026-07-30,KXHIGHDEN-26JUL30-B89.5,yes,0.291,0.06,154,0.227,False,-9.85
DEN,2026-07-29,KXHIGHDEN-26JUL29-T93,no,0.955,0.77,51,0.173,True,11.09
DEN,2026-07-29,KXHIGHDEN-26JUL29-T86,yes,0.088,0.02,24,0.067,False,-0.52
DEN,2026-07-29,KXHIGHDEN-26JUL29-B92.5,no,0.87,0.52,51,0.332,True,23.58
DEN,2026-07-29,KXHIGHDEN-26JUL29-B88.5,yes,0.291,0.04,26,0.248,False,-1.11
DEN,2026-07-29,KXHIGHDEN-26JUL29-B86.5,yes,0.189,0.03,18,0.157,False,-0.58
DEN,2026-07-28,KXHIGHDEN-26JUL28-T93,no,0.991,0.59,67,0.384,True,26.33
DEN,2026-07-28,KXHIGHDEN-26JUL28-B92.5,no,0.956,0.52,43,0.418,False,-23.12
DEN,2026-07-28,KXHIGHDEN-26JUL28-B90.5,yes,0.143,0.11,130,0.026,False,-15.2
DEN,2026-07-28,KXHIGHDEN-26JUL28-B88.5,yes,0.267,0.04,29,0.224,False,-1.24
DEN,2026-07-28,KXHIGHDEN-26JUL28-B86.5,yes,0.286,0.03,46,0.254,False,-1.48
DEN,2026-07-27,KXHIGHDEN-26JUL27-T93,yes,0.432,0.21,180,0.21,False,-39.9
DEN,2026-07-27,KXHIGHDEN-26JUL27-B95.5,no,0.811,0.65,61,0.145,True,20.37
DEN,2026-07-27,KXHIGHDEN-26JUL27-B93.5,no,0.709,0.6,47,0.092,False,-28.99
DEN,2026-07-26,KXHIGHDEN-26JUL26-B98.5,yes,0.296,0.03,33,0.264,False,-1.06
DEN,2026-07-26,KXHIGHDEN-26JUL26-B96.5,yes,0.209,0.02,11,0.188,False,-0.24
DEN,2026-07-26,KXHIGHDEN-26JUL26-B102.5,no,0.888,0.4,100,0.471,False,-41.68
DEN,2026-07-26,KXHIGHDEN-26JUL26-B100.5,no,0.76,0.68,30,0.064,True,9.14
DEN,2026-07-25,KXHIGHDEN-26JUL25-T101,no,0.943,0.87,16,0.065,True,1.95
DEN,2026-07-25,KXHIGHDEN-26JUL25-B96.5,yes,0.282,0.03,6,0.25,False,-0.2
DEN,2026-07-25,KXHIGHDEN-26JUL25-B94.5,yes,0.169,0.03,8,0.137,False,-0.26
DEN,2026-07-25,KXHIGHDEN-26JUL25-B100.5,no,0.851,0.48,30,0.353,False,-14.93
DEN,2026-07-24,KXHIGHDEN-26JUL24-T96,no,0.965,0.33,40,0.619,True,26.18
DEN,2026-07-24,KXHIGHDEN-26JUL24-B95.5,no,0.888,0.75,33,0.125,False,-25.19
DEN,2026-07-24,KXHIGHDEN-26JUL24-B93.5,yes,0.24,0.05,44,0.187,False,-2.35
DEN,2026-07-24,KXHIGHDEN-26JUL24-B91.5,yes,0.296,0.03,14,0.264,False,-0.45
DEN,2026-07-23,KXHIGHDEN-26JUL23-T89,no,0.975,0.86,46,0.107,True,6.05
DEN,2026-07-23,KXHIGHDEN-26JUL23-B88.5,no,0.91,0.57,52,0.323,False,-30.54
DEN,2026-07-23,KXHIGHDEN-26JUL23-B86.5,no,0.784,0.71,56,0.06,True,15.43
DEN,2026-07-23,KXHIGHDEN-26JUL23-B84.5,yes,0.297,0.06,15,0.233,False,-0.96
DEN,2026-07-22,KXHIGHDEN-26JUL22-T95,no,0.877,0.45,48,0.41,True,25.56
DEN,2026-07-22,KXHIGHDEN-26JUL22-B94.5,no,0.778,0.62,64,0.141,False,-40.74
DEN,2026-07-22,KXHIGHDEN-26JUL22-B92.5,yes,0.297,0.07,81,0.222,False,-6.04
DEN,2026-07-22,KXHIGHDEN-26JUL22-B90.5,yes,0.228,0.03,23,0.196,False,-0.74
DEN,2026-07-22,KXHIGHDEN-26JUL22-B88.5,yes,0.101,0.03,29,0.069,False,-0.93
DEN,2026-07-21,KXHIGHDEN-26JUL21-T89,yes,0.088,0.02,14,0.067,False,-0.3
DEN,2026-07-21,KXHIGHDEN-26JUL21-B95.5,no,0.87,0.56,29,0.292,False,-16.75
DEN,2026-07-21,KXHIGHDEN-26JUL21-B93.5,no,0.743,0.58,68,0.146,True,27.4
DEN,2026-07-21,KXHIGHDEN-26JUL21-B91.5,yes,0.291,0.05,8,0.237,False,-0.43
DEN,2026-07-21,KXHIGHDEN-26JUL21-B89.5,yes,0.189,0.04,11,0.147,False,-0.47
DEN,2026-07-20,KXHIGHDEN-26JUL20-T95,yes,0.206,0.02,7,0.185,False,-0.15
DEN,2026-07-20,KXHIGHDEN-26JUL20-B99.5,no,0.831,0.37,45,0.444,False,-17.39
DEN,2026-07-20,KXHIGHDEN-26JUL20-B97.5,yes,0.283,0.07,31,0.208,False,-2.32
DEN,2026-07-20,KXHIGHDEN-26JUL20-B101.5,no,0.942,0.75,53,0.179,True,12.55
DEN,2026-07-19,KXHIGHDEN-26JUL19-B99.5,no,0.965,0.69,22,0.26,True,6.49
DEN,2026-07-19,KXHIGHDEN-26JUL19-B97.5,no,0.876,0.43,93,0.429,False,-41.59
DEN,2026-07-19,KXHIGHDEN-26JUL19-B95.5,yes,0.252,0.07,16,0.177,False,-1.2
DEN,2026-07-19,KXHIGHDEN-26JUL19-B93.5,yes,0.293,0.04,4,0.25,False,-0.18
DEN,2026-07-18,KXHIGHDEN-26JUL18-T91,yes,0.771,0.03,6,0.739,False,-0.2
DEN,2026-07-18,KXHIGHDEN-26JUL18-B95.5,no,0.99,0.71,56,0.265,True,15.43
DEN,2026-07-18,KXHIGHDEN-26JUL18-B93.5,no,0.946,0.41,92,0.519,False,-39.28
DEN,2026-07-18,KXHIGHDEN-26JUL18-B91.5,yes,0.163,0.08,44,0.077,False,-3.75
DEN,2026-07-17,KXHIGHDEN-26JUL17-B96.5,no,0.997,0.97,17,0.025,True,0.47
DEN,2026-07-17,KXHIGHDEN-26JUL17-B94.5,no,0.976,0.66,38,0.301,True,12.32
DEN,2026-07-17,KXHIGHDEN-26JUL17-B92.5,no,0.905,0.51,16,0.377,False,-8.44
DEN,2026-07-17,KXHIGHDEN-26JUL17-B90.5,yes,0.222,0.12,10,0.095,False,-1.28
DEN,2026-07-16,KXHIGHDEN-26JUL16-T89,yes,0.655,0.03,15,0.623,False,-0.49
DEN,2026-07-16,KXHIGHDEN-26JUL16-B95.5,no,0.997,0.96,16,0.034,True,0.59
DEN,2026-07-16,KXHIGHDEN-26JUL16-B93.5,no,0.976,0.54,45,0.419,False,-25.09
DEN,2026-07-16,KXHIGHDEN-26JUL16-B91.5,no,0.905,0.58,30,0.308,True,12.08
DEN,2026-07-16,KXHIGHDEN-26JUL16-B89.5,yes,0.222,0.08,47,0.137,False,-4.01
DEN,2026-07-15,KXHIGHDEN-26JUL15-B95.5,no,0.98,0.84,47,0.131,True,7.07
DEN,2026-07-15,KXHIGHDEN-26JUL15-B93.5,no,0.915,0.51,46,0.387,False,-24.27
DEN,2026-07-15,KXHIGHDEN-26JUL15-B91.5,no,0.791,0.74,5,0.037,True,1.23
DEN,2026-07-14,KXHIGHDEN-26JUL14-T93,yes,0.76,0.08,31,0.674,False,-2.64
DEN,2026-07-14,KXHIGHDEN-26JUL14-B97.5,no,0.989,0.9,14,0.082,True,1.31
DEN,2026-07-14,KXHIGHDEN-26JUL14-B95.5,no,0.942,0.63,22,0.295,False,-14.22
DEN,2026-07-14,KXHIGHDEN-26JUL14-B93.5,no,0.831,0.53,32,0.283,True,14.48
DEN,2026-07-13,KXHIGHDEN-26JUL13-T93,yes,0.373,0.02,19,0.351,False,-0.41
DEN,2026-07-13,KXHIGHDEN-26JUL13-B97.5,no,0.91,0.46,14,0.432,False,-6.69
DEN,2026-07-13,KXHIGHDEN-26JUL13-B95.5,no,0.784,0.65,44,0.118,True,14.69
DEN,2026-07-13,KXHIGHDEN-26JUL13-B93.5,yes,0.297,0.05,5,0.243,False,-0.27
DEN,2026-07-12,KXHIGHDEN-26JUL12-T92,yes,0.387,0.03,3,0.355,False,-0.1
DEN,2026-07-12,KXHIGHDEN-26JUL12-B96.5,no,0.915,0.66,5,0.239,True,1.62
DEN,2026-07-12,KXHIGHDEN-26JUL12-B94.5,no,0.791,0.51,4,0.263,False,-2.11
DEN,2026-07-12,KXHIGHDEN-26JUL12-B92.5,yes,0.296,0.13,20,0.158,False,-2.76
DEN,2026-07-11,KXHIGHDEN-26JUL11-T91,yes,0.139,0.02,7,0.117,False,-0.15
DEN,2026-07-11,KXHIGHDEN-26JUL11-B97.5,no,0.91,0.66,60,0.234,True,19.45
DEN,2026-07-11,KXHIGHDEN-26JUL11-B95.5,no,0.784,0.49,81,0.277,True,39.89
DEN,2026-07-11,KXHIGHDEN-26JUL11-B93.5,yes,0.297,0.15,72,0.138,True,60.55
DEN,2026-07-11,KXHIGHDEN-26JUL11-B91.5,yes,0.234,0.03,54,0.202,False,-1.73
DEN,2026-07-10,KXHIGHDEN-26JUL10-T91,no,0.975,0.8,50,0.164,True,9.44
DEN,2026-07-10,KXHIGHDEN-26JUL10-T84,yes,0.139,0.02,17,0.117,False,-0.37
DEN,2026-07-10,KXHIGHDEN-26JUL10-B90.5,no,0.91,0.49,81,0.402,True,39.89
DEN,2026-07-10,KXHIGHDEN-26JUL10-B86.5,yes,0.297,0.08,47,0.211,False,-4.01
DEN,2026-07-09,KXHIGHDEN-26JUL09-T91,no,0.962,0.74,49,0.208,True,12.08
DEN,2026-07-09,KXHIGHDEN-26JUL09-T84,yes,0.101,0.03,20,0.069,False,-0.65
DEN,2026-07-09,KXHIGHDEN-26JUL09-B90.5,no,0.882,0.53,67,0.334,False,-36.68
DEN,2026-07-09,KXHIGHDEN-26JUL09-B86.5,yes,0.294,0.07,18,0.22,False,-1.35
DEN,2026-07-09,KXHIGHDEN-26JUL09-B84.5,yes,0.203,0.04,31,0.16,False,-1.33
DEN,2026-07-08,KXHIGHDEN-26JUL08-T93,no,0.853,0.66,60,0.177,False,-40.55
DEN,2026-07-08,KXHIGHDEN-26JUL08-B92.5,no,0.76,0.6,15,0.143,True,5.74
DEN,2026-07-08,KXHIGHDEN-26JUL08-B90.5,yes,0.296,0.22,11,0.064,False,-2.56
DEN,2026-07-08,KXHIGHDEN-26JUL08-B88.5,yes,0.209,0.08,100,0.124,False,-8.52
DEN,2026-07-08,KXHIGHDEN-26JUL08-B86.5,yes,0.085,0.04,6,0.042,False,-0.26
DEN,2026-07-07,KXHIGHDEN-26JUL07-T96,no,0.877,0.66,36,0.202,False,-24.33
DEN,2026-07-07,KXHIGHDEN-26JUL07-B95.5,no,0.778,0.56,16,0.201,True,6.76
DEN,2026-07-07,KXHIGHDEN-26JUL07-B93.5,yes,0.297,0.19,37,0.096,False,-7.43
DEN,2026-07-07,KXHIGHDEN-26JUL07-B91.5,yes,0.228,0.04,35,0.185,False,-1.5
DEN,2026-07-07,KXHIGHDEN-26JUL07-B89.5,yes,0.101,0.02,69,0.079,False,-1.48
DEN,2026-07-06,KXHIGHDEN-26JUL06-T92,yes,0.088,0.02,28,0.067,False,-0.6
DEN,2026-07-06,KXHIGHDEN-26JUL06-B96.5,no,0.743,0.43,13,0.296,False,-5.82
DEN,2026-07-06,KXHIGHDEN-26JUL06-B92.5,yes,0.189,0.04,52,0.147,False,-2.22
DEN,2026-07-05,KXHIGHDEN-26JUL05-T94,no,0.853,0.56,40,0.275,False,-23.09
DEN,2026-07-05,KXHIGHDEN-26JUL05-B93.5,no,0.76,0.53,58,0.212,True,26.24
DEN,2026-07-05,KXHIGHDEN-26JUL05-B91.5,yes,0.296,0.1,74,0.189,False,-7.87
DEN,2026-07-05,KXHIGHDEN-26JUL05-B89.5,yes,0.209,0.04,18,0.166,False,-0.77
DEN,2026-07-04,KXHIGHDEN-26JUL04-T85,yes,0.627,0.04,34,0.584,False,-1.46
DEN,2026-07-04,KXHIGHDEN-26JUL04-B91.5,no,0.996,0.65,23,0.33,False,-15.32
DEN,2026-07-04,KXHIGHDEN-26JUL04-B89.5,no,0.972,0.54,27,0.415,True,11.95
DEN,2026-07-04,KXHIGHDEN-26JUL04-B85.5,yes,0.234,0.03,115,0.202,False,-3.69
DEN,2026-07-03,KXHIGHDEN-26JUL03-T88,yes,0.317,0.03,110,0.285,False,-3.53
DEN,2026-07-03,KXHIGHDEN-26JUL03-B94.5,no,0.97,0.93,29,0.035,True,1.89
DEN,2026-07-03,KXHIGHDEN-26JUL03-B92.5,no,0.888,0.69,41,0.183,True,12.09
DEN,2026-07-03,KXHIGHDEN-26JUL03-B90.5,no,0.76,0.59,31,0.153,False,-18.82
DEN,2026-07-03,KXHIGHDEN-26JUL03-B88.5,yes,0.296,0.14,2,0.147,False,-0.3
DEN,2026-07-02,KXHIGHDEN-26JUL02-T89,yes,0.33,0.11,50,0.214,False,-5.85
DEN,2026-07-02,KXHIGHDEN-26JUL02-B89.5,no,0.703,0.49,15,0.196,False,-7.62
DEN,2026-07-01,KXHIGHDEN-26JUL01-T86,yes,0.108,0.03,97,0.076,False,-3.11
DEN,2026-07-01,KXHIGHDEN-26JUL01-B90.5,no,0.76,0.59,32,0.153,True,12.57
DEN,2026-07-01,KXHIGHDEN-26JUL01-B88.5,no,0.704,0.65,8,0.038,False,-5.33
DEN,2026-07-01,KXHIGHDEN-26JUL01-B86.5,yes,0.209,0.06,71,0.145,False,-4.55
DEN,2026-06-30,KXHIGHDEN-26JUN30-T89,yes,0.641,0.27,131,0.357,False,-37.18
DEN,2026-06-30,KXHIGHDEN-26JUN30-B91.5,no,0.899,0.63,63,0.253,False,-40.72
DEN,2026-06-30,KXHIGHDEN-26JUN30-B89.5,no,0.772,0.65,57,0.106,True,19.04
DEN,2026-06-29,KXHIGHDEN-26JUN29-T87,yes,0.655,0.07,571,0.581,False,-42.58
DEN,2026-06-29,KXHIGHDEN-26JUN29-B91.5,no,0.976,0.95,9,0.023,True,0.42
DEN,2026-06-29,KXHIGHDEN-26JUN29-B89.5,no,0.905,0.58,15,0.308,True,6.04
DEN,2026-06-29,KXHIGHDEN-26JUN29-B87.5,no,0.778,0.7,24,0.063,False,-17.16
DEN,2026-06-28,KXHIGHDEN-26JUN28-T90,yes,0.13,0.03,11,0.098,False,-0.36
DEN,2026-06-28,KXHIGHDEN-26JUN28-B96.5,no,0.905,0.84,47,0.055,True,7.07
DEN,2026-06-28,KXHIGHDEN-26JUN28-B94.5,no,0.778,0.49,79,0.27,False,-40.1
DEN,2026-06-28,KXHIGHDEN-26JUN28-B90.5,yes,0.228,0.05,9,0.175,False,-0.48
DEN,2026-06-27,KXHIGHDEN-26JUN27-B96.5,no,0.938,0.73,37,0.194,False,-27.53
DEN,2026-06-27,KXHIGHDEN-26JUN27-B94.5,no,0.824,0.45,88,0.357,True,46.87
DEN,2026-06-27,KXHIGHDEN-26JUN27-B92.5,yes,0.286,0.13,17,0.148,False,-2.35
DEN,2026-06-27,KXHIGHDEN-26JUN27-B90.5,yes,0.266,0.03,19,0.234,False,-0.61
DEN,2026-06-26,KXHIGHDEN-26JUN26-T90,no,0.99,0.93,43,0.056,True,2.81
DEN,2026-06-26,KXHIGHDEN-26JUN26-T83,yes,0.24,0.02,10,0.219,False,-0.22
DEN,2026-06-26,KXHIGHDEN-26JUN26-B89.5,no,0.953,0.79,50,0.151,False,-40.09
DEN,2026-06-26,KXHIGHDEN-26JUN26-B87.5,no,0.851,0.49,49,0.343,True,24.13
DEN,2026-06-26,KXHIGHDEN-26JUN26-B85.5,yes,0.271,0.16,91,0.102,False,-15.42
DEN,2026-06-26,KXHIGHDEN-26JUN26-B83.5,yes,0.282,0.06,31,0.219,False,-1.99
DEN,2026-06-25,KXHIGHDEN-26JUN25-T75,yes,1.0,0.89,36,0.103,False,-32.29
DEN,2026-06-25,KXHIGHDEN-26JUN25-B75.5,no,1.0,0.9,44,0.094,False,-39.88
PHIL,2026-08-20,KXHIGHPHIL-26AUG20-T87,no,0.831,0.72,55,0.097,True,14.62
PHIL,2026-08-20,KXHIGHPHIL-26AUG20-B86.5,yes,0.321,0.26,70,0.047,False,-19.15
PHIL,2026-08-19,KXHIGHPHIL-26AUG19-B90.5,no,0.92,0.54,33,0.363,False,-18.4
PHIL,2026-08-19,KXHIGHPHIL-26AUG19-B88.5,no,0.747,0.53,75,0.199,True,33.94
PHIL,2026-08-19,KXHIGHPHIL-26AUG19-B86.5,yes,0.358,0.04,22,0.315,False,-0.94
PHIL,2026-08-18,KXHIGHPHIL-26AUG18-B90.5,no,0.964,0.69,28,0.259,True,8.26
PHIL,2026-08-18,KXHIGHPHIL-26AUG18-B88.5,no,0.833,0.44,29,0.376,False,-13.27
PHIL,2026-08-18,KXHIGHPHIL-26AUG18-B86.5,yes,0.339,0.07,55,0.264,False,-4.11
PHIL,2026-08-18,KXHIGHPHIL-26AUG18-B84.5,yes,0.307,0.03,9,0.275,False,-0.29
PHIL,2026-08-17,KXHIGHPHIL-26AUG17-B91.5,no,0.926,0.88,36,0.039,True,4.05
PHIL,2026-08-17,KXHIGHPHIL-26AUG17-B89.5,no,0.756,0.44,5,0.299,False,-2.29
PHIL,2026-08-17,KXHIGHPHIL-26AUG17-B87.5,yes,0.359,0.24,31,0.106,False,-7.84
PHIL,2026-08-17,KXHIGHPHIL-26AUG17-B85.5,yes,0.235,0.09,7,0.14,False,-0.68
PHIL,2026-08-16,KXHIGHPHIL-26AUG16-T79,yes,0.602,0.09,250,0.506,False,-23.94
PHIL,2026-08-16,KXHIGHPHIL-26AUG16-B83.5,no,0.984,0.93,43,0.05,True,2.81
PHIL,2026-08-16,KXHIGHPHIL-26AUG16-B81.5,no,0.9,0.44,90,0.443,True,48.84
PHIL,2026-08-15,KXHIGHPHIL-26AUG15-B89.5,no,0.756,0.43,23,0.309,False,-10.29
PHIL,2026-08-15,KXHIGHPHIL-26AUG15-B85.5,yes,0.235,0.04,60,0.193,False,-2.57
PHIL,2026-08-14,KXHIGHPHIL-26AUG14-T84,yes,0.045,0.02,14,0.023,False,-0.3
PHIL,2026-08-14,KXHIGHPHIL-26AUG14-B90.5,no,0.885,0.45,26,0.418,False,-12.16
PHIL,2026-08-14,KXHIGHPHIL-26AUG14-B86.5,yes,0.344,0.06,24,0.28,False,-1.54
PHIL,2026-08-14,KXHIGHPHIL-26AUG14-B84.5,yes,0.177,0.02,58,0.156,False,-1.24
PHIL,2026-08-13,KXHIGHPHIL-26AUG13-B92.5,no,0.964,0.91,31,0.048,True,2.61
PHIL,2026-08-13,KXHIGHPHIL-26AUG13-B90.5,no,0.833,0.32,1,0.498,False,-0.34
PHIL,2026-08-13,KXHIGHPHIL-26AUG13-B88.5,yes,0.339,0.19,4,0.138,False,-0.81
PHIL,2026-08-12,KXHIGHPHIL-26AUG12-T91,yes,0.077,0.03,42,0.045,False,-1.35
PHIL,2026-08-12,KXHIGHPHIL-26AUG12-B90.5,no,0.766,0.6,57,0.149,False,-35.16
PHIL,2026-08-12,KXHIGHPHIL-26AUG12-B88.5,no,0.641,0.59,67,0.034,True,26.33
PHIL,2026-08-12,KXHIGHPHIL-26AUG12-B86.5,yes,0.245,0.13,18,0.107,False,-2.49
PHIL,2026-08-11,KXHIGHPHIL-26AUG11-T87,yes,0.638,0.05,35,0.584,False,-1.87
PHIL,2026-08-11,KXHIGHPHIL-26AUG11-B91.5,no,0.987,0.89,19,0.091,True,1.95
PHIL,2026-08-11,KXHIGHPHIL-26AUG11-B89.5,no,0.914,0.52,29,0.376,True,13.41
PHIL,2026-08-11,KXHIGHPHIL-26AUG11-B87.5,no,0.737,0.68,58,0.042,False,-40.33
PHIL,2026-08-10,KXHIGHPHIL-26AUG10-T90,yes,0.313,0.06,503,0.249,False,-32.17
PHIL,2026-08-10,KXHIGHPHIL-26AUG10-B94.5,no,0.926,0.72,55,0.192,True,14.62
PHIL,2026-08-10,KXHIGHPHIL-26AUG10-B92.5,no,0.756,0.6,66,0.139,True,25.29
PHIL,2026-08-10,KXHIGHPHIL-26AUG10-B90.5,yes,0.359,0.23,173,0.116,True,131.06
PHIL,2026-08-09,KXHIGHPHIL-26AUG09-T91,yes,0.584,0.04,2,0.541,False,-0.09
PHIL,2026-08-09,KXHIGHPHIL-26AUG09-B95.5,no,0.982,0.87,12,0.104,True,1.46
PHIL,2026-08-09,KXHIGHPHIL-26AUG09-B93.5,no,0.893,0.44,85,0.435,False,-38.87
PHIL,2026-08-08,KXHIGHPHIL-26AUG08-T89,yes,0.4,0.04,7,0.357,False,-0.3
PHIL,2026-08-08,KXHIGHPHIL-26AUG08-B95.5,no,0.995,0.96,3,0.032,True,0.11
PHIL,2026-08-08,KXHIGHPHIL-26AUG08-B93.5,no,0.952,0.55,18,0.385,True,7.78
PHIL,2026-08-08,KXHIGHPHIL-26AUG08-B91.5,no,0.805,0.64,3,0.149,False,-1.97
PHIL,2026-08-08,KXHIGHPHIL-26AUG08-B89.5,yes,0.351,0.08,2,0.266,False,-0.18
PHIL,2026-08-07,KXHIGHPHIL-26AUG07-B95.5,no,0.989,0.86,1,0.12,True,0.13
PHIL,2026-08-07,KXHIGHPHIL-26AUG07-B93.5,no,0.92,0.57,27,0.333,False,-15.86
PHIL,2026-08-07,KXHIGHPHIL-26AUG07-B91.5,no,0.747,0.69,24,0.042,True,7.08
PHIL,2026-08-06,KXHIGHPHIL-26AUG06-B94.5,no,0.989,0.72,21,0.255,True,5.58
PHIL,2026-08-06,KXHIGHPHIL-26AUG06-B92.5,no,0.92,0.43,39,0.473,False,-17.44
PHIL,2026-08-06,KXHIGHPHIL-26AUG06-B90.5,yes,0.253,0.13,27,0.116,False,-3.73
PHIL,2026-08-06,KXHIGHPHIL-26AUG06-B88.5,yes,0.358,0.05,11,0.305,False,-0.59
PHIL,2026-08-05,KXHIGHPHIL-26AUG05-T82,yes,0.281,0.03,29,0.249,False,-0.93
PHIL,2026-08-05,KXHIGHPHIL-26AUG05-B88.5,no,0.987,0.92,22,0.062,True,1.64
PHIL,2026-08-05,KXHIGHPHIL-26AUG05-B86.5,no,0.914,0.55,13,0.346,True,5.62
PHIL,2026-08-05,KXHIGHPHIL-26AUG05-B84.5,no,0.737,0.67,59,0.052,False,-40.45
PHIL,2026-08-05,KXHIGHPHIL-26AUG05-B82.5,yes,0.357,0.05,26,0.303,False,-1.39
PHIL,2026-08-04,KXHIGHPHIL-26AUG04-B89.5,no,1.0,0.68,58,0.304,False,-40.33
PHIL,2026-08-04,KXHIGHPHIL-26AUG04-B87.5,no,0.992,0.55,72,0.425,True,31.15
PHIL,2026-08-04,KXHIGHPHIL-26AUG04-B85.5,no,0.937,0.87,15,0.06,True,1.83
PHIL,2026-08-04,KXHIGHPHIL-26AUG04-B83.5,yes,0.224,0.03,28,0.192,False,-0.9
PHIL,2026-08-03,KXHIGHPHIL-26AUG03-T87,no,0.964,0.56,14,0.387,False,-8.09
PHIL,2026-08-03,KXHIGHPHIL-26AUG03-B86.5,no,0.843,0.63,9,0.196,True,3.18
PHIL,2026-08-03,KXHIGHPHIL-26AUG03-B84.5,yes,0.333,0.12,80,0.206,False,-10.2
PHIL,2026-08-03,KXHIGHPHIL-26AUG03-B82.5,yes,0.314,0.05,22,0.261,False,-1.18
PHIL,2026-08-02,KXHIGHPHIL-26AUG02-T85,yes,0.382,0.03,118,0.35,False,-3.79
PHIL,2026-08-02,KXHIGHPHIL-26AUG02-B91.5,no,0.994,0.94,13,0.05,False,-12.28
PHIL,2026-08-02,KXHIGHPHIL-26AUG02-B89.5,no,0.947,0.49,78,0.44,True,38.41
PHIL,2026-08-02,KXHIGHPHIL-26AUG02-B87.5,no,0.795,0.7,57,0.08,True,16.26
PHIL,2026-08-02,KXHIGHPHIL-26AUG02-B85.5,yes,0.354,0.08,46,0.269,False,-3.92
PHIL,2026-08-01,KXHIGHPHIL-26AUG01-T86,yes,0.655,0.03,11,0.623,False,-0.36
PHIL,2026-08-01,KXHIGHPHIL-26AUG01-B90.5,no,0.989,0.67,43,0.303,False,-29.48
PHIL,2026-08-01,KXHIGHPHIL-26AUG01-B88.5,no,0.92,0.52,50,0.383,True,23.12
PHIL,2026-08-01,KXHIGHPHIL-26AUG01-B86.5,yes,0.253,0.12,22,0.126,False,-2.81
PHIL,2026-07-31,KXHIGHPHIL-26JUL31-B90.5,no,0.998,0.85,47,0.139,True,6.63
PHIL,2026-07-31,KXHIGHPHIL-26JUL31-B88.5,no,0.976,0.46,39,0.498,False,-18.62
PHIL,2026-07-31,KXHIGHPHIL-26JUL31-B86.5,no,0.869,0.75,53,0.106,True,12.55
PHIL,2026-07-31,KXHIGHPHIL-26JUL31-B84.5,yes,0.314,0.04,30,0.271,False,-1.29
PHIL,2026-07-30,KXHIGHPHIL-26JUL30-T80,yes,0.364,0.04,60,0.322,False,-2.57
PHIL,2026-07-30,KXHIGHPHIL-26JUL30-B86.5,no,0.993,0.87,45,0.115,True,5.49
PHIL,2026-07-30,KXHIGHPHIL-26JUL30-B84.5,no,0.943,0.51,40,0.415,True,18.9
PHIL,2026-07-30,KXHIGHPHIL-26JUL30-B82.5,no,0.785,0.72,55,0.051,False,-40.38
PHIL,2026-07-30,KXHIGHPHIL-26JUL30-B80.5,yes,0.356,0.09,90,0.261,False,-8.62
PHIL,2026-07-29,KXHIGHPHIL-26JUL29-T86,no,0.987,0.9,44,0.08,True,4.12
PHIL,2026-07-29,KXHIGHPHIL-26JUL29-B85.5,no,0.914,0.53,17,0.366,False,-9.31
PHIL,2026-07-29,KXHIGHPHIL-26JUL29-B83.5,no,0.737,0.69,57,0.032,True,16.81
PHIL,2026-07-29,KXHIGHPHIL-26JUL29-B81.5,yes,0.357,0.06,74,0.293,False,-4.74
PHIL,2026-07-28,KXHIGHPHIL-26JUL28-T84,no,0.96,0.74,54,0.206,False,-40.69
PHIL,2026-07-28,KXHIGHPHIL-26JUL28-B83.5,no,0.833,0.58,46,0.236,True,18.53
PHIL,2026-07-28,KXHIGHPHIL-26JUL28-B81.5,yes,0.339,0.26,151,0.065,False,-41.3
PHIL,2026-07-28,KXHIGHPHIL-26JUL28-B79.5,yes,0.307,0.05,135,0.254,False,-7.2
PHIL,2026-07-28,KXHIGHPHIL-26JUL28-B77.5,yes,0.124,0.02,80,0.102,False,-1.71
PHIL,2026-07-27,KXHIGHPHIL-26JUL27-B89.5,yes,0.167,0.04,64,0.124,False,-2.74
PHIL,2026-07-27,KXHIGHPHIL-26JUL27-B87.5,no,0.661,0.44,63,0.204,False,-28.81
PHIL,2026-07-27,KXHIGHPHIL-26JUL27-B85.5,no,0.693,0.64,62,0.037,True,21.32
PHIL,2026-07-27,KXHIGHPHIL-26JUL27-B83.5,yes,0.124,0.05,83,0.07,False,-4.43
PHIL,2026-07-26,KXHIGHPHIL-26JUL26-T84,yes,0.672,0.05,2,0.619,False,-0.11
PHIL,2026-07-26,KXHIGHPHIL-26JUL26-B88.5,no,0.99,0.95,19,0.037,True,0.88
PHIL,2026-07-26,KXHIGHPHIL-26JUL26-B86.5,no,0.926,0.49,31,0.419,True,15.26
PHIL,2026-07-26,KXHIGHPHIL-26JUL26-B84.5,no,0.756,0.63,24,0.11,False,-15.52
PHIL,2026-07-25,KXHIGHPHIL-26JUL25-T83,yes,0.473,0.09,16,0.377,False,-1.54
PHIL,2026-07-25,KXHIGHPHIL-26JUL25-B85.5,no,0.843,0.49,18,0.335,False,-9.14
PHIL,2026-07-24,KXHIGHPHIL-26JUL24-T82,yes,0.62,0.03,42,0.588,False,-1.35
PHIL,2026-07-24,KXHIGHPHIL-26JUL24-B86.5,no,0.986,0.66,17,0.31,True,5.51
PHIL,2026-07-24,KXHIGHPHIL-26JUL24-B84.5,no,0.907,0.5,32,0.39,False,-16.56
PHIL,2026-07-24,KXHIGHPHIL-26JUL24-B82.5,yes,0.272,0.13,267,0.134,False,-36.83
PHIL,2026-07-23,KXHIGHPHIL-26JUL23-B85.5,no,1.0,0.83,48,0.16,True,7.68
PHIL,2026-07-23,KXHIGHPHIL-26JUL23-B83.5,no,0.991,0.44,60,0.534,False,-27.44
PHIL,2026-07-23,KXHIGHPHIL-26JUL23-B81.5,no,0.932,0.86,46,0.064,True,6.05
PHIL,2026-07-23,KXHIGHPHIL-26JUL23-B79.5,yes,0.234,0.05,14,0.181,False,-0.75
PHIL,2026-07-22,KXHIGHPHIL-26JUL22-T89,no,0.951,0.89,5,0.054,False,-4.49
PHIL,2026-07-22,KXHIGHPHIL-26JUL22-B88.5,no,0.815,0.58,14,0.217,True,5.64
PHIL,2026-07-22,KXHIGHPHIL-26JUL22-B84.5,yes,0.291,0.04,1,0.248,False,-0.05
PHIL,2026-07-22,KXHIGHPHIL-26JUL22-B82.5,yes,0.108,0.03,15,0.076,False,-0.49
PHIL,2026-07-21,KXHIGHPHIL-26JUL21-B87.5,no,0.661,0.61,65,0.035,False,-40.74
PHIL,2026-07-21,KXHIGHPHIL-26JUL21-B83.5,yes,0.124,0.07,109,0.049,False,-8.13
PHIL,2026-07-20,KXHIGHPHIL-26JUL20-B86.5,no,0.98,0.55,72,0.413,True,31.15
PHIL,2026-07-20,KXHIGHPHIL-26JUL20-B84.5,no,0.885,0.5,50,0.368,False,-25.88
PHIL,2026-07-20,KXHIGHPHIL-26JUL20-B82.5,yes,0.298,0.05,61,0.245,False,-3.26
PHIL,2026-07-19,KXHIGHPHIL-26JUL19-T82,yes,0.473,0.02,5,0.452,False,-0.11
PHIL,2026-07-19,KXHIGHPHIL-26JUL19-B88.5,no,0.997,0.94,14,0.053,True,0.78
PHIL,2026-07-19,KXHIGHPHIL-26JUL19-B86.5,no,0.967,0.57,67,0.38,True,27.66
PHIL,2026-07-19,KXHIGHPHIL-26JUL19-B84.5,no,0.843,0.56,71,0.265,False,-40.99
PHIL,2026-07-19,KXHIGHPHIL-26JUL19-B82.5,yes,0.333,0.08,36,0.248,False,-3.07
PHIL,2026-07-18,KXHIGHPHIL-26JUL18-T89,yes,0.993,0.19,62,0.792,True,49.55
PHIL,2026-07-18,KXHIGHPHIL-26JUL18-T82,no,1.0,0.97,37,0.028,True,1.03
PHIL,2026-07-18,KXHIGHPHIL-26JUL18-B88.5,no,0.993,0.78,45,0.201,True,9.35
PHIL,2026-07-18,KXHIGHPHIL-26JUL18-B86.5,no,1.0,0.81,49,0.179,True,8.78
PHIL,2026-07-18,KXHIGHPHIL-26JUL18-B84.5,no,1.0,0.74,54,0.247,True,13.31
PHIL,2026-07-18,KXHIGHPHIL-26JUL18-B82.5,no,1.0,0.92,37,0.075,True,2.76
PHIL,2026-07-17,KXHIGHPHIL-26JUL17-T88,yes,0.923,0.37,97,0.536,False,-37.48
PHIL,2026-07-17,KXHIGHPHIL-26JUL17-B92.5,no,1.0,0.96,4,0.037,True,0.14
PHIL,2026-07-17,KXHIGHPHIL-26JUL17-B90.5,no,0.991,0.78,18,0.199,True,3.74
PHIL,2026-07-17,KXHIGHPHIL-26JUL17-B88.5,no,0.932,0.61,29,0.305,False,-18.18
PHIL,2026-07-16,KXHIGHPHIL-26JUL16-T94,yes,0.819,0.54,74,0.262,False,-41.25
PHIL,2026-07-16,KXHIGHPHIL-26JUL16-B98.5,no,0.997,0.97,28,0.025,True,0.78
PHIL,2026-07-16,KXHIGHPHIL-26JUL16-B96.5,no,0.97,0.88,45,0.083,True,5.06
PHIL,2026-07-16,KXHIGHPHIL-26JUL16-B94.5,no,0.852,0.69,51,0.147,False,-35.96
PHIL,2026-07-15,KXHIGHPHIL-26JUL15-T98,yes,0.33,0.2,121,0.119,False,-25.56
PHIL,2026-07-15,KXHIGHPHIL-26JUL15-B98.5,no,0.641,0.53,57,0.094,False,-31.21
PHIL,2026-07-15,KXHIGHPHIL-26JUL15-B100.5,no,0.766,0.68,37,0.071,True,11.27
PHIL,2026-07-14,KXHIGHPHIL-26JUL14-B95.5,no,0.998,0.76,8,0.225,True,1.81
PHIL,2026-07-14,KXHIGHPHIL-26JUL14-B93.5,no,0.976,0.51,6,0.448,True,2.83
PHIL,2026-07-14,KXHIGHPHIL-26JUL14-B91.5,no,0.869,0.78,8,0.077,False,-6.34
PHIL,2026-07-14,KXHIGHPHIL-26JUL14-B89.5,yes,0.314,0.06,50,0.25,False,-3.2
PHIL,2026-07-13,KXHIGHPHIL-26JUL13-T83,yes,0.584,0.03,1,0.552,False,-0.04
PHIL,2026-07-13,KXHIGHPHIL-26JUL13-B89.5,no,0.999,0.97,16,0.027,True,0.44
PHIL,2026-07-13,KXHIGHPHIL-26JUL13-B87.5,no,0.982,0.4,31,0.566,True,18.07
PHIL,2026-07-13,KXHIGHPHIL-26JUL13-B85.5,no,0.893,0.66,32,0.217,False,-21.63
PHIL,2026-07-13,KXHIGHPHIL-26JUL13-B83.5,yes,0.29,0.05,17,0.236,False,-0.91
PHIL,2026-07-12,KXHIGHPHIL-26JUL12-T84,yes,0.78,0.07,38,0.705,False,-2.84
PHIL,2026-07-12,KXHIGHPHIL-26JUL12-B88.5,no,0.996,0.88,5,0.109,False,-4.44
PHIL,2026-07-12,KXHIGHPHIL-26JUL12-B86.5,no,0.96,0.47,33,0.473,True,16.91
PHIL,2026-07-12,KXHIGHPHIL-26JUL12-B84.5,no,0.824,0.78,29,0.032,True,6.03
PHIL,2026-07-11,KXHIGHPHIL-26JUL11-T82,yes,0.222,0.02,146,0.2,False,-3.13
PHIL,2026-07-11,KXHIGHPHIL-26JUL11-B84.5,no,0.702,0.56,23,0.125,True,9.72
PHIL,2026-07-11,KXHIGHPHIL-26JUL11-B82.5,yes,0.344,0.27,42,0.06,False,-11.92
PHIL,2026-07-10,KXHIGHPHIL-26JUL10-T86,yes,0.4,0.03,115,0.368,False,-3.69
PHIL,2026-07-10,KXHIGHPHIL-26JUL10-B92.5,no,0.995,0.96,3,0.032,True,0.11
PHIL,2026-07-10,KXHIGHPHIL-26JUL10-B90.5,no,0.952,0.79,48,0.15,True,9.52
PHIL,2026-07-10,KXHIGHPHIL-26JUL10-B88.5,no,0.805,0.59,67,0.198,True,26.33
PHIL,2026-07-10,KXHIGHPHIL-26JUL10-B86.5,yes,0.351,0.2,46,0.14,True,36.28
PHIL,2026-07-09,KXHIGHPHIL-26JUL09-T83,yes,0.892,0.05,70,0.839,True,66.26
PHIL,2026-07-09,KXHIGHPHIL-26JUL09-B87.5,no,0.999,0.9,44,0.093,True,4.12
PHIL,2026-07-09,KXHIGHPHIL-26JUL09-B85.5,no,0.986,0.53,46,0.439,True,20.81
PHIL,2026-07-09,KXHIGHPHIL-26JUL09-B83.5,no,0.907,0.65,61,0.241,True,20.37
PHIL,2026-07-08,KXHIGHPHIL-26JUL08-T88,no,1.0,0.97,35,0.028,True,0.97
PHIL,2026-07-08,KXHIGHPHIL-26JUL08-B87.5,no,0.994,0.71,7,0.27,True,1.92
PHIL,2026-07-08,KXHIGHPHIL-26JUL08-B85.5,no,0.947,0.51,5,0.42,False,-2.64
PHIL,2026-07-08,KXHIGHPHIL-26JUL08-B83.5,yes,0.205,0.11,82,0.088,False,-9.59
PHIL,2026-07-08,KXHIGHPHIL-26JUL08-B81.5,yes,0.354,0.04,29,0.312,False,-1.24
PHIL,2026-07-07,KXHIGHPHIL-26JUL07-T77,yes,0.364,0.1,161,0.258,False,-17.12
PHIL,2026-07-07,KXHIGHPHIL-26JUL07-B81.5,no,0.943,0.91,6,0.027,True,0.5
PHIL,2026-07-07,KXHIGHPHIL-26JUL07-B79.5,no,0.785,0.64,62,0.129,True,21.32
PHIL,2026-07-07,KXHIGHPHIL-26JUL07-B77.5,no,0.644,0.59,29,0.037,False,-17.61
PHIL,2026-07-06,KXHIGHPHIL-26JUL06-T84,no,1.0,0.81,49,0.179,True,8.78
PHIL,2026-07-06,KXHIGHPHIL-26JUL06-B83.5,no,1.0,0.68,41,0.305,True,12.49
PHIL,2026-07-06,KXHIGHPHIL-26JUL06-B81.5,no,0.996,0.65,61,0.33,False,-40.63
PHIL,2026-07-06,KXHIGHPHIL-26JUL06-B77.5,yes,0.176,0.04,95,0.133,False,-4.06
PHIL,2026-07-05,KXHIGHPHIL-26JUL05-B95.5,yes,0.107,0.04,21,0.065,False,-0.9
PHIL,2026-07-05,KXHIGHPHIL-26JUL05-B91.5,no,0.652,0.49,17,0.144,True,8.37
PHIL,2026-07-05,KXHIGHPHIL-26JUL05-B89.5,yes,0.187,0.09,115,0.091,False,-11.01
PHIL,2026-07-04,KXHIGHPHIL-26JUL04-B105.5,yes,0.123,0.02,4,0.102,False,-0.09
PHIL,2026-07-04,KXHIGHPHIL-26JUL04-B103.5,yes,0.306,0.2,73,0.095,False,-15.42
PHIL,2026-07-04,KXHIGHPHIL-26JUL04-B101.5,no,0.661,0.4,100,0.244,False,-41.68
PHIL,2026-07-03,KXHIGHPHIL-26JUL03-T101,yes,0.065,0.02,3,0.044,False,-0.07
PHIL,2026-07-03,KXHIGHPHIL-26JUL03-B105.5,no,0.737,0.69,57,0.032,True,16.81
PHIL,2026-07-03,KXHIGHPHIL-26JUL03-B103.5,no,0.643,0.42,95,0.206,True,53.48
PHIL,2026-07-03,KXHIGHPHIL-26JUL03-B101.5,yes,0.216,0.11,155,0.099,True,136.88
PHIL,2026-07-02,KXHIGHPHIL-26JUL02-B107.5,yes,0.123,0.02,184,0.102,False,-3.94
PHIL,2026-07-02,KXHIGHPHIL-26JUL02-B105.5,yes,0.306,0.27,17,0.022,False,-4.83
PHIL,2026-07-02,KXHIGHPHIL-26JUL02-B103.5,no,0.661,0.41,52,0.234,False,-22.21
PHIL,2026-07-02,KXHIGHPHIL-26JUL02-B101.5,yes,0.168,0.13,226,0.03,False,-31.17
PHIL,2026-07-01,KXHIGHPHIL-26JUL01-T95,yes,0.054,0.03,27,0.022,False,-0.87
PHIL,2026-07-01,KXHIGHPHIL-26JUL01-B99.5,no,0.719,0.62,18,0.082,True,6.54
PHIL,2026-07-01,KXHIGHPHIL-26JUL01-B97.5,no,0.648,0.58,68,0.051,False,-40.6
PHIL,2026-07-01,KXHIGHPHIL-26JUL01-B95.5,yes,0.196,0.1,157,0.09,False,-16.69
PHIL,2026-07-01,KXHIGHPHIL-26JUL01-B101.5,yes,0.1,0.05,10,0.047,False,-0.54
PHIL,2026-06-30,KXHIGHPHIL-26JUN30-B92.5,no,0.702,0.43,53,0.255,True,29.3
PHIL,2026-06-30,KXHIGHPHIL-26JUN30-B88.5,yes,0.177,0.02,3,0.156,False,-0.07
PHIL,2026-06-29,KXHIGHPHIL-26JUN29-T91,no,0.935,0.77,51,0.153,True,11.09
PHIL,2026-06-29,KXHIGHPHIL-26JUN29-B90.5,no,0.785,0.48,83,0.288,False,-41.3
PHIL,2026-06-29,KXHIGHPHIL-26JUN29-B88.5,yes,0.356,0.25,160,0.093,False,-42.1
PHIL,2026-06-29,KXHIGHPHIL-26JUN29-B86.5,yes,0.264,0.06,185,0.2,False,-11.84
PHIL,2026-06-29,KXHIGHPHIL-26JUN29-B84.5,yes,0.087,0.02,6,0.066,False,-0.13
PHIL,2026-06-28,KXHIGHPHIL-26JUN28-T81,yes,0.62,0.06,7,0.556,False,-0.45
PHIL,2026-06-28,KXHIGHPHIL-26JUN28-B85.5,no,0.986,0.94,42,0.042,True,2.35
PHIL,2026-06-28,KXHIGHPHIL-26JUN28-B83.5,no,0.907,0.61,35,0.28,False,-21.94
PHIL,2026-06-28,KXHIGHPHIL-26JUN28-B81.5,no,0.728,0.65,12,0.062,True,4.0
PHIL,2026-06-27,KXHIGHPHIL-26JUN27-T84,yes,0.362,0.03,67,0.33,False,-2.15
PHIL,2026-06-27,KXHIGHPHIL-26JUN27-B83.5,yes,0.357,0.09,49,0.261,False,-4.7
PHIL,2026-06-27,KXHIGHPHIL-26JUN27-B79.5,no,0.942,0.54,74,0.385,True,32.75
PHIL,2026-06-27,KXHIGHPHIL-26JUN27-B77.5,no,0.993,0.77,51,0.211,False,-39.91
PHIL,2026-06-26,KXHIGHPHIL-26JUN26-T85,yes,0.118,0.04,10,0.075,True,9.57
PHIL,2026-06-26,KXHIGHPHIL-26JUN26-B89.5,no,0.805,0.68,41,0.11,True,12.49
PHIL,2026-06-26,KXHIGHPHIL-26JUN26-B87.5,no,0.649,0.53,63,0.101,True,28.51
PHIL,2026-06-26,KXHIGHPHIL-26JUN26-B85.5,yes,0.282,0.12,45,0.155,False,-5.74
PHIL,2026-06-25,KXHIGHPHIL-26JUN25-B88.5,no,0.869,0.56,71,0.292,True,30.01
PHIL,2026-06-25,KXHIGHPHIL-26JUN25-B86.5,no,0.686,0.65,61,0.021,False,-40.63
PHIL,2026-06-25,KXHIGHPHIL-26JUN25-B84.5,yes,0.334,0.08,2,0.249,False,-0.18
