ticker,series,category,p_t,y,volume,close
KXWNBA1QWINNER-26JUL16NYDAL-NY,KXWNBA1QWINNER,Sports,0.52,1,5446.76,2026-07-21T00:50:06Z
KXWNBA1QWINNER-26JUL16NYDAL-DAL,KXWNBA1QWINNER,Sports,0.6,0,1835.45,2026-07-21T00:50:06Z
KXZECMAXMON-ZEC-26JUL31-48000,KXZECMAXMON,Crypto,0.99,1,886.15,2026-07-07T15:54:43Z
KXZECMAXMON-ZEC-26JUL31-47000,KXZECMAXMON,Crypto,0.99,1,12286.14,2026-07-07T15:14:38Z
KXPRIMARYCOUNTY-CAGOVPRIMARY1ST26JUN021ST-SCLA,KXPRIMARYCOUNTY,Elections,0.99,1,2209.53,2026-07-11T00:54:19Z
KXPRIMARYCOUNTY-CAGOVPRIMARY1ST26JUN021ST-SBER,KXPRIMARYCOUNTY,Elections,0.99,1,8607.07,2026-07-11T00:54:19Z
KXPRIMARYCOUNTY-CAGOVPRIMARY1ST26JUN021ST-LANG,KXPRIMARYCOUNTY,Elections,0.99,1,1028.91,2026-07-11T00:54:19Z
KXPRIMARYCOUNTY-CAGOVPRIMARY1ST26JUN021ST-CCOS,KXPRIMARYCOUNTY,Elections,0.99,1,547.0,2026-07-11T00:54:19Z
KXPRIMARYCOUNTY-CAGOVPRIMARY1ST26JUN021ST-SDIE,KXPRIMARYCOUNTY,Elections,0.03,0,35859.42,2026-07-11T00:53:56Z
KXPRIMARYCOUNTY-CAGOVPRIMARY1ST26JUN021ST-FRES,KXPRIMARYCOUNTY,Elections,0.04,0,4479.2,2026-07-11T00:53:56Z
KXPRIMARYCOUNTY-CAGOVPRIMARY1ST26JUN021STTSTE-SONO,KXPRIMARYCOUNTY,Elections,0.01,0,615.01,2026-07-11T00:53:31Z
KXPRIMARYCOUNTY-CAGOVPRIMARY1ST26JUN021STTSTE-SMAT,KXPRIMARYCOUNTY,Elections,0.02,0,1899.14,2026-07-11T00:53:31Z
KXPRIMARYCOUNTY-CAGOVPRIMARY1ST26JUN021STTSTE-SCLA,KXPRIMARYCOUNTY,Elections,0.01,0,7745.08,2026-07-11T00:53:31Z
KXPRIMARYCOUNTY-CAGOVPRIMARY1ST26JUN021STTSTE-NAPA,KXPRIMARYCOUNTY,Elections,0.01,0,947.14,2026-07-11T00:53:31Z
KXPRIMARYCOUNTY-CAGOVPRIMARY1ST26JUN021STTSTE-CCOS,KXPRIMARYCOUNTY,Elections,0.02,0,505.02,2026-07-11T00:53:31Z
KXPRIMARYCOUNTY-CAGOVPRIMARY1ST26JUN021STTSTE-SFRA,KXPRIMARYCOUNTY,Elections,0.99,1,6780.95,2026-07-11T00:53:12Z
KXPRIMARYCOUNTY-CAGOVPRIMARY1ST26JUN021STTSTE-SCRU,KXPRIMARYCOUNTY,Elections,0.99,1,2294.08,2026-07-11T00:53:12Z
KXPRIMARYCOUNTY-CAGOVPRIMARY1ST26JUN021STTSTE-SBAR,KXPRIMARYCOUNTY,Elections,0.99,1,884.94,2026-07-11T00:53:12Z
KXPRIMARYCOUNTY-CAGOVPRIMARY1ST26JUN021STTSTE-MARI,KXPRIMARYCOUNTY,Elections,0.99,1,3169.32,2026-07-11T00:53:12Z
KXPRIMARYCOUNTY-CAGOVPRIMARY1ST26JUN021STTSTE-ALAM,KXPRIMARYCOUNTY,Elections,0.99,1,2661.14,2026-07-11T00:53:12Z
KXPRIMARYCOUNTY-CAGOVPRIMARY1ST26JUN021STSHIL-TULA,KXPRIMARYCOUNTY,Elections,0.99,1,1028.94,2026-07-11T00:52:30Z
KXPRIMARYCOUNTY-CAGOVPRIMARY1ST26JUN021STSHIL-SDIE,KXPRIMARYCOUNTY,Elections,0.99,1,10732.01,2026-07-11T00:52:30Z
KXPRIMARYCOUNTY-CAGOVPRIMARY1ST26JUN021STSHIL-PLAC,KXPRIMARYCOUNTY,Elections,0.99,1,1113.34,2026-07-11T00:52:30Z
KXPRIMARYCOUNTY-CAGOVPRIMARY1ST26JUN021STSHIL-ORAN,KXPRIMARYCOUNTY,Elections,0.99,1,1108.82,2026-07-11T00:52:30Z
KXPRIMARYCOUNTY-CAGOVPRIMARY1ST26JUN021STSHIL-KERN,KXPRIMARYCOUNTY,Elections,0.99,1,1279.0,2026-07-11T00:52:30Z
KXPRIMARYCOUNTY-CAGOVPRIMARY1ST26JUN021STSHIL-FRES,KXPRIMARYCOUNTY,Elections,0.99,1,730.79,2026-07-11T00:52:30Z
KXPRIMARYCOUNTY-CAGOVPRIMARY1ST26JUN021STSHIL-EDOR,KXPRIMARYCOUNTY,Elections,0.99,1,3252.44,2026-07-11T00:52:30Z
KXPRIMARYCOUNTY-CAGOVPRIMARY1ST26JUN021STSHIL-BUTT,KXPRIMARYCOUNTY,Elections,0.98,1,985.27,2026-07-11T00:52:30Z
KXPRIMARYCOUNTY-CAGOVPRIMARY1ST26JUN021STSHIL-SBER,KXPRIMARYCOUNTY,Elections,0.01,0,1852.86,2026-07-11T00:52:16Z
KXPRIMARYCOUNTY-CAGOVPRIMARY1ST26JUN021STSHIL-RIVE,KXPRIMARYCOUNTY,Elections,0.01,0,11248.05,2026-07-11T00:52:16Z
KXMLBHRDERBYR1LEAD-26-MMURAKAMI5,KXMLBHRDERBYR1LEAD,Sports,0.16,0,137400.51,2026-07-14T01:39:00Z
KXMLBHRDERBYR1LEAD-26-KSCHWARBER12,KXMLBHRDERBYR1LEAD,Sports,0.2,0,245371.99,2026-07-14T01:38:57Z
KXMLBHRDERBYR1LEAD-26-BRICE22,KXMLBHRDERBYR1LEAD,Sports,0.09,0,113001.72,2026-07-14T01:38:53Z
KXMLBHRDERBYR1LEAD-26-BHARPER3,KXMLBHRDERBYR1LEAD,Sports,0.09,0,183554.47,2026-07-14T01:38:37Z
KXMLBHRDERBYR1LEAD-26-JCAMINERO13,KXMLBHRDERBYR1LEAD,Sports,0.16,0,312980.43,2026-07-14T01:38:34Z
KXMLBHRDERBYR1LEAD-26-JCAGLIANONE14,KXMLBHRDERBYR1LEAD,Sports,0.04,0,129299.88,2026-07-14T01:38:31Z
KXWCTCORNERS-26JUL19ESPARG-ARG8,KXWCTCORNERS,Sports,0.1,0,245551.91,2026-07-19T22:04:37Z
KXWCTCORNERS-26JUL19ESPARG-ESP9,KXWCTCORNERS,Sports,0.1,1,316052.17,2026-07-19T22:04:36Z
KXWCTCORNERS-26JUL19ESPARG-ESP7,KXWCTCORNERS,Sports,0.24,1,245281.95,2026-07-19T22:04:36Z
KXWCTCORNERS-26JUL19ESPARG-ESP5,KXWCTCORNERS,Sports,0.56,1,295571.14,2026-07-19T22:04:36Z
KXWCTCORNERS-26JUL19ESPARG-ARG6,KXWCTCORNERS,Sports,0.25,0,716759.9,2026-07-19T22:04:36Z
KXWCTCORNERS-26JUL19ESPARG-ARG4,KXWCTCORNERS,Sports,0.59,1,1571077.6,2026-07-19T22:04:36Z
KXWCTCORNERS-26JUL18FRAENG-FRA8,KXWCTCORNERS,Sports,0.24,0,137781.98,2026-07-18T23:04:31Z
KXWCTCORNERS-26JUL18FRAENG-FRA10,KXWCTCORNERS,Sports,0.11,0,60810.73,2026-07-18T23:04:31Z
KXWCTCORNERS-26JUL18FRAENG-ENG8,KXWCTCORNERS,Sports,0.11,0,105892.09,2026-07-18T23:04:31Z
KXWCTCORNERS-26JUL18FRAENG-ENG6,KXWCTCORNERS,Sports,0.29,0,366641.02,2026-07-18T23:04:31Z
KXWCTCORNERS-26JUL18FRAENG-ENG4,KXWCTCORNERS,Sports,0.62,1,434648.2,2026-07-18T23:04:31Z
KXWCTCORNERS-26JUL18FRAENG-FRA6,KXWCTCORNERS,Sports,0.49,0,378813.37,2026-07-18T23:04:30Z
KXWCTCORNERS-26JUL15ENGARG-ENG9,KXWCTCORNERS,Sports,0.09,0,86213.8,2026-07-15T21:04:27Z
KXWCTCORNERS-26JUL15ENGARG-ENG7,KXWCTCORNERS,Sports,0.25,0,149777.22,2026-07-15T21:04:27Z
KXWCTCORNERS-26JUL15ENGARG-ARG8,KXWCTCORNERS,Sports,0.12,0,335766.93,2026-07-15T21:04:27Z
KXWCTCORNERS-26JUL15ENGARG-ARG6,KXWCTCORNERS,Sports,0.33,1,630827.21,2026-07-15T21:04:27Z
KXWCTCORNERS-26JUL15ENGARG-ARG4,KXWCTCORNERS,Sports,0.65,1,567022.01,2026-07-15T21:04:27Z
KXWCTCORNERS-26JUL15ENGARG-ENG5,KXWCTCORNERS,Sports,0.53,0,341703.97,2026-07-15T21:04:26Z
KXWCTCORNERS-26JUL14FRAESP-ESP9,KXWCTCORNERS,Sports,0.14,0,70810.73,2026-07-14T20:59:53Z
KXWCTCORNERS-26JUL14FRAESP-FRA9,KXWCTCORNERS,Sports,0.16,0,320997.19,2026-07-14T20:59:52Z
KXWCTCORNERS-26JUL14FRAESP-FRA7,KXWCTCORNERS,Sports,0.31,1,484170.5,2026-07-14T20:59:52Z
KXWCTCORNERS-26JUL14FRAESP-FRA5,KXWCTCORNERS,Sports,0.6,1,417305.22,2026-07-14T20:59:52Z
KXWCTCORNERS-26JUL14FRAESP-ESP7,KXWCTCORNERS,Sports,0.28,0,104656.7,2026-07-14T20:59:52Z
KXWCTCORNERS-26JUL14FRAESP-ESP5,KXWCTCORNERS,Sports,0.59,0,275233.79,2026-07-14T20:59:52Z
KXWCTCORNERS-26JUL11ARGSUI-SUI8,KXWCTCORNERS,Sports,0.07,0,57858.11,2026-07-12T03:44:50Z
KXWCTCORNERS-26JUL11ARGSUI-SUI6,KXWCTCORNERS,Sports,0.18,0,173020.34,2026-07-12T03:44:50Z
KXWCTCORNERS-26JUL11ARGSUI-SUI4,KXWCTCORNERS,Sports,0.52,0,420821.56,2026-07-12T03:44:50Z
KXWCTCORNERS-26JUL11ARGSUI-ARG9,KXWCTCORNERS,Sports,0.13,0,249150.68,2026-07-12T03:44:49Z
KXWCTCORNERS-26JUL11ARGSUI-ARG7,KXWCTCORNERS,Sports,0.32,1,292402.2,2026-07-12T03:44:49Z
KXWCTCORNERS-26JUL11ARGSUI-ARG5,KXWCTCORNERS,Sports,0.62,1,481820.97,2026-07-12T03:44:49Z
KXWCTCORNERS-26JUL11NORENG-NOR8,KXWCTCORNERS,Sports,0.15,0,302072.3,2026-07-11T23:49:41Z
KXWCTCORNERS-26JUL11NORENG-NOR6,KXWCTCORNERS,Sports,0.33,1,391560.91,2026-07-11T23:49:41Z
KXWCTCORNERS-26JUL11NORENG-ENG8,KXWCTCORNERS,Sports,0.25,0,102689.29,2026-07-11T23:49:41Z
KXWCTCORNERS-26JUL11NORENG-ENG6,KXWCTCORNERS,Sports,0.52,0,325795.49,2026-07-11T23:49:41Z
KXWCTCORNERS-26JUL11NORENG-ENG10,KXWCTCORNERS,Sports,0.12,0,44724.75,2026-07-11T23:49:41Z
KXWCTCORNERS-26JUL11NORENG-NOR4,KXWCTCORNERS,Sports,0.68,1,345449.69,2026-07-11T23:49:40Z
KXWCTCORNERS-26JUL10ESPBEL-ESP10,KXWCTCORNERS,Sports,0.15,0,73709.31,2026-07-10T20:59:46Z
KXWCTCORNERS-26JUL10ESPBEL-BEL8,KXWCTCORNERS,Sports,0.08,0,113438.58,2026-07-10T20:59:46Z
KXWCTCORNERS-26JUL10ESPBEL-BEL6,KXWCTCORNERS,Sports,0.19,0,235827.6,2026-07-10T20:59:46Z
KXWCTCORNERS-26JUL10ESPBEL-BEL4,KXWCTCORNERS,Sports,0.46,0,514698.39,2026-07-10T20:59:46Z
KXWCTCORNERS-26JUL10ESPBEL-ESP8,KXWCTCORNERS,Sports,0.33,0,212706.52,2026-07-10T20:59:45Z
KXWCTCORNERS-26JUL10ESPBEL-ESP6,KXWCTCORNERS,Sports,0.58,0,412924.74,2026-07-10T20:59:45Z
KXWCTCORNERS-26JUL09FRAMAR-MAR8,KXWCTCORNERS,Sports,0.07,0,201505.8,2026-07-09T21:59:51Z
KXWCTCORNERS-26JUL09FRAMAR-MAR6,KXWCTCORNERS,Sports,0.2,0,446161.3,2026-07-09T21:59:51Z
KXWCTCORNERS-26JUL09FRAMAR-MAR4,KXWCTCORNERS,Sports,0.51,1,585199.66,2026-07-09T21:59:51Z
KXWCTCORNERS-26JUL09FRAMAR-FRA8,KXWCTCORNERS,Sports,0.39,0,230559.51,2026-07-09T21:59:50Z
KXWCTCORNERS-26JUL09FRAMAR-FRA6,KXWCTCORNERS,Sports,0.65,0,477870.38,2026-07-09T21:59:50Z
KXWCTCORNERS-26JUL09FRAMAR-FRA10,KXWCTCORNERS,Sports,0.2,0,162679.56,2026-07-09T21:59:50Z
KXWCTCORNERS-26JUL07SUICOL-COL9,KXWCTCORNERS,Sports,0.14,0,192500.78,2026-07-07T22:54:31Z
KXWCTCORNERS-26JUL07SUICOL-SUI8,KXWCTCORNERS,Sports,0.1,0,86639.81,2026-07-07T22:54:30Z
KXWCTCORNERS-26JUL07SUICOL-COL7,KXWCTCORNERS,Sports,0.29,1,353320.18,2026-07-07T22:54:30Z
KXWCTCORNERS-26JUL07SUICOL-COL5,KXWCTCORNERS,Sports,0.57,1,356230.67,2026-07-07T22:54:30Z
KXWCTCORNERS-26JUL07SUICOL-SUI6,KXWCTCORNERS,Sports,0.28,0,133724.34,2026-07-07T22:54:29Z
KXWCTCORNERS-26JUL07SUICOL-SUI4,KXWCTCORNERS,Sports,0.62,0,332733.07,2026-07-07T22:54:29Z
KXWCTCORNERS-26JUL07ARGEGY-EGY7,KXWCTCORNERS,Sports,0.12,0,117511.18,2026-07-07T18:04:29Z
KXWCTCORNERS-26JUL07ARGEGY-EGY5,KXWCTCORNERS,Sports,0.22,0,260208.67,2026-07-07T18:04:28Z
KXWCTCORNERS-26JUL07ARGEGY-EGY3,KXWCTCORNERS,Sports,0.62,0,402200.3,2026-07-07T18:04:28Z
KXWCTCORNERS-26JUL07ARGEGY-ARG8,KXWCTCORNERS,Sports,0.25,0,220995.95,2026-07-07T18:04:28Z
KXWCTCORNERS-26JUL07ARGEGY-ARG6,KXWCTCORNERS,Sports,0.48,1,422645.91,2026-07-07T18:04:28Z
KXWCTCORNERS-26JUL07ARGEGY-ARG10,KXWCTCORNERS,Sports,0.12,0,156155.21,2026-07-07T18:04:28Z
KXWCTCORNERS-26JUL06USABEL-USA9,KXWCTCORNERS,Sports,0.14,0,198856.59,2026-07-07T01:59:48Z
KXWCTCORNERS-26JUL06USABEL-USA7,KXWCTCORNERS,Sports,0.31,0,291693.33,2026-07-07T01:59:48Z
KXWCTCORNERS-26JUL06USABEL-BEL9,KXWCTCORNERS,Sports,0.12,0,89498.43,2026-07-07T01:59:48Z
KXWCTCORNERS-26JUL06USABEL-BEL7,KXWCTCORNERS,Sports,0.32,0,256302.06,2026-07-07T01:59:48Z
KXWCTCORNERS-26JUL06USABEL-BEL5,KXWCTCORNERS,Sports,0.55,1,318979.59,2026-07-07T01:59:48Z
KXWCTCORNERS-26JUL06USABEL-USA5,KXWCTCORNERS,Sports,0.61,0,487153.43,2026-07-07T01:59:47Z
KXWCTCORNERS-26JUL06PORESP-ESP10,KXWCTCORNERS,Sports,0.12,0,131600.29,2026-07-06T21:04:34Z
KXWCTCORNERS-26JUL06PORESP-POR8,KXWCTCORNERS,Sports,0.1,0,335484.17,2026-07-06T21:04:33Z
KXWCTCORNERS-26JUL06PORESP-POR6,KXWCTCORNERS,Sports,0.28,0,452323.29,2026-07-06T21:04:33Z
KXWCTCORNERS-26JUL06PORESP-ESP8,KXWCTCORNERS,Sports,0.31,0,245439.91,2026-07-06T21:04:33Z
KXWCTCORNERS-26JUL06PORESP-ESP6,KXWCTCORNERS,Sports,0.49,1,304177.54,2026-07-06T21:04:33Z
KXWCTCORNERS-26JUL06PORESP-POR4,KXWCTCORNERS,Sports,0.57,0,350001.41,2026-07-06T21:04:32Z
KXWCTCORNERS-26JUL05MEXENG-MEX8,KXWCTCORNERS,Sports,0.11,1,455192.52,2026-07-06T03:04:30Z
KXWCTCORNERS-26JUL05MEXENG-MEX6,KXWCTCORNERS,Sports,0.29,1,453367.75,2026-07-06T03:04:30Z
KXWCTCORNERS-26JUL05MEXENG-ENG9,KXWCTCORNERS,Sports,0.13,0,181962.57,2026-07-06T03:04:30Z
KXWCTCORNERS-26JUL05MEXENG-ENG7,KXWCTCORNERS,Sports,0.3,0,311034.0,2026-07-06T03:04:30Z
KXWCTCORNERS-26JUL05MEXENG-ENG5,KXWCTCORNERS,Sports,0.57,0,490196.0,2026-07-06T03:04:30Z
KXWCTCORNERS-26JUL05MEXENG-MEX4,KXWCTCORNERS,Sports,0.59,1,317576.48,2026-07-06T03:04:29Z
KXWCTCORNERS-26JUL05BRANOR-NOR8,KXWCTCORNERS,Sports,0.12,0,168723.09,2026-07-05T22:04:48Z
KXWCTCORNERS-26JUL05BRANOR-NOR6,KXWCTCORNERS,Sports,0.29,0,294111.93,2026-07-05T22:04:48Z
KXWCTCORNERS-26JUL05BRANOR-NOR4,KXWCTCORNERS,Sports,0.6,1,195741.65,2026-07-05T22:04:47Z
KXWCTCORNERS-26JUL05BRANOR-BRA9,KXWCTCORNERS,Sports,0.15,0,153823.74,2026-07-05T22:04:47Z
KXWCTCORNERS-26JUL05BRANOR-BRA7,KXWCTCORNERS,Sports,0.33,0,276719.66,2026-07-05T22:04:47Z
KXWCTCORNERS-26JUL05BRANOR-BRA5,KXWCTCORNERS,Sports,0.6,1,317855.92,2026-07-05T22:04:47Z
KXWCTCORNERS-26JUL04PARFRA-FRA11,KXWCTCORNERS,Sports,0.24,1,305434.87,2026-07-04T23:04:29Z
KXWCTCORNERS-26JUL04PARFRA-PAR7,KXWCTCORNERS,Sports,0.48,0,195493.68,2026-07-04T23:04:28Z
KXWCTCORNERS-26JUL04PARFRA-PAR5,KXWCTCORNERS,Sports,0.18,0,280432.21,2026-07-04T23:04:28Z
KXWCTCORNERS-26JUL04PARFRA-PAR3,KXWCTCORNERS,Sports,0.5,0,561836.92,2026-07-04T23:04:28Z
KXWCTCORNERS-26JUL04PARFRA-FRA9,KXWCTCORNERS,Sports,0.36,1,165680.09,2026-07-04T23:04:28Z
KXWCTCORNERS-26JUL04PARFRA-FRA7,KXWCTCORNERS,Sports,0.61,1,226239.74,2026-07-04T23:04:28Z
KXWCTCORNERS-26JUL04CANMAR-MAR8,KXWCTCORNERS,Sports,0.31,0,73945.61,2026-07-04T19:04:42Z
KXWCTCORNERS-26JUL04CANMAR-MAR10,KXWCTCORNERS,Sports,0.16,0,40416.31,2026-07-04T19:04:42Z
KXWCTCORNERS-26JUL04CANMAR-MAR6,KXWCTCORNERS,Sports,0.53,0,264088.47,2026-07-04T19:04:41Z
KXWCTCORNERS-26JUL04CANMAR-CAN8,KXWCTCORNERS,Sports,0.13,1,242862.48,2026-07-04T19:04:41Z
KXWCTCORNERS-26JUL04CANMAR-CAN6,KXWCTCORNERS,Sports,0.29,1,199528.29,2026-07-04T19:04:41Z
KXWCTCORNERS-26JUL04CANMAR-CAN4,KXWCTCORNERS,Sports,0.64,1,184596.02,2026-07-04T19:04:41Z
KXWCTCORNERS-26JUL03COLGHA-GHA7,KXWCTCORNERS,Sports,0.09,0,125440.62,2026-07-04T03:34:31Z
KXWCTCORNERS-26JUL03COLGHA-GHA5,KXWCTCORNERS,Sports,0.27,0,264206.7,2026-07-04T03:34:30Z
KXWCTCORNERS-26JUL03COLGHA-GHA3,KXWCTCORNERS,Sports,0.62,0,237284.15,2026-07-04T03:34:30Z
KXWCTCORNERS-26JUL03COLGHA-COL8,KXWCTCORNERS,Sports,0.3,0,64856.99,2026-07-04T03:34:30Z
KXWCTCORNERS-26JUL03COLGHA-COL6,KXWCTCORNERS,Sports,0.53,0,244648.6,2026-07-04T03:34:30Z
KXWCTCORNERS-26JUL03COLGHA-COL10,KXWCTCORNERS,Sports,0.14,0,43574.01,2026-07-04T03:34:30Z
KXWCTCORNERS-26JUL03ARGCPV-CPV7,KXWCTCORNERS,Sports,0.18,1,287504.43,2026-07-04T00:44:37Z
KXWCTCORNERS-26JUL03ARGCPV-CPV5,KXWCTCORNERS,Sports,0.11,1,288199.34,2026-07-04T00:44:37Z
KXWCTCORNERS-26JUL03ARGCPV-CPV3,KXWCTCORNERS,Sports,0.41,1,504561.12,2026-07-04T00:44:36Z
KXWCTCORNERS-26JUL03ARGCPV-ARG9,KXWCTCORNERS,Sports,0.29,0,446840.76,2026-07-04T00:44:36Z
KXWCTCORNERS-26JUL03ARGCPV-ARG7,KXWCTCORNERS,Sports,0.53,1,656749.54,2026-07-04T00:44:36Z
KXWCTCORNERS-26JUL03ARGCPV-ARG11,KXWCTCORNERS,Sports,0.15,0,179383.24,2026-07-04T00:44:36Z
KXWCTCORNERS-26JUL03AUSEGY-EGY9,KXWCTCORNERS,Sports,0.17,0,106538.9,2026-07-03T20:54:30Z
KXWCTCORNERS-26JUL03AUSEGY-EGY7,KXWCTCORNERS,Sports,0.31,1,175157.95,2026-07-03T20:54:30Z
KXWCTCORNERS-26JUL03AUSEGY-EGY5,KXWCTCORNERS,Sports,0.52,1,348201.03,2026-07-03T20:54:30Z
KXWCTCORNERS-26JUL03AUSEGY-AUS8,KXWCTCORNERS,Sports,0.14,0,58309.66,2026-07-03T20:54:29Z
KXWCTCORNERS-26JUL03AUSEGY-AUS6,KXWCTCORNERS,Sports,0.28,0,290305.14,2026-07-03T20:54:29Z
KXWCTCORNERS-26JUL03AUSEGY-AUS4,KXWCTCORNERS,Sports,0.64,1,199366.32,2026-07-03T20:54:29Z
KXWCTCORNERS-26JUL02SUIDZA-DZA8,KXWCTCORNERS,Sports,0.09,0,38468.45,2026-07-03T04:59:50Z
KXWCTCORNERS-26JUL02SUIDZA-SUI8,KXWCTCORNERS,Sports,0.22,0,96531.23,2026-07-03T04:59:49Z
KXWCTCORNERS-26JUL02SUIDZA-SUI6,KXWCTCORNERS,Sports,0.46,0,424070.14,2026-07-03T04:59:49Z
KXWCTCORNERS-26JUL02SUIDZA-SUI10,KXWCTCORNERS,Sports,0.09,0,41645.49,2026-07-03T04:59:49Z
KXWCTCORNERS-26JUL02SUIDZA-DZA6,KXWCTCORNERS,Sports,0.23,0,96863.42,2026-07-03T04:59:49Z
KXWCTCORNERS-26JUL02SUIDZA-DZA4,KXWCTCORNERS,Sports,0.56,0,223433.46,2026-07-03T04:59:49Z
KXWCTCORNERS-26JUL02PORCRO-CRO8,KXWCTCORNERS,Sports,0.1,0,115659.85,2026-07-03T01:09:44Z
KXWCTCORNERS-26JUL02PORCRO-CRO6,KXWCTCORNERS,Sports,0.24,0,312338.51,2026-07-03T01:09:44Z
KXWCTCORNERS-26JUL02PORCRO-POR9,KXWCTCORNERS,Sports,0.13,1,195118.26,2026-07-03T01:09:43Z
KXWCTCORNERS-26JUL02PORCRO-POR7,KXWCTCORNERS,Sports,0.29,1,255919.55,2026-07-03T01:09:43Z
KXWCTCORNERS-26JUL02PORCRO-POR5,KXWCTCORNERS,Sports,0.6,1,105849.99,2026-07-03T01:09:43Z
KXWCTCORNERS-26JUL02PORCRO-CRO4,KXWCTCORNERS,Sports,0.5,1,392987.89,2026-07-03T01:09:43Z
KXWCTCORNERS-26JUL02ESPAUT-ESP11,KXWCTCORNERS,Sports,0.14,0,251670.46,2026-07-02T20:59:54Z
KXWCTCORNERS-26JUL02ESPAUT-AUT7,KXWCTCORNERS,Sports,0.06,0,71295.92,2026-07-02T20:59:54Z
KXWCTCORNERS-26JUL02ESPAUT-AUT5,KXWCTCORNERS,Sports,0.22,0,122431.52,2026-07-02T20:59:54Z
KXWCTCORNERS-26JUL02ESPAUT-AUT3,KXWCTCORNERS,Sports,0.59,0,283552.71,2026-07-02T20:59:54Z
KXWCTCORNERS-26JUL02ESPAUT-ESP9,KXWCTCORNERS,Sports,0.23,1,348138.45,2026-07-02T20:59:53Z
KXWCTCORNERS-26JUL02ESPAUT-ESP7,KXWCTCORNERS,Sports,0.47,1,260673.26,2026-07-02T20:59:53Z
KXWCTCORNERS-26JUL01USABIH-USA10,KXWCTCORNERS,Sports,0.16,0,154830.6,2026-07-02T02:09:45Z
KXWCTCORNERS-26JUL01USABIH-BIH6,KXWCTCORNERS,Sports,0.15,0,247936.43,2026-07-02T02:09:45Z
KXWCTCORNERS-26JUL01USABIH-BIH4,KXWCTCORNERS,Sports,0.46,0,368959.61,2026-07-02T02:09:45Z
KXWCTCORNERS-26JUL01BELSEN-SEN9,KXWCTCORNERS,Sports,0.08,0,82874.31,2026-07-01T22:49:46Z
KXWCTCORNERS-26JUL01BELSEN-SEN7,KXWCTCORNERS,Sports,0.17,0,88581.86,2026-07-01T22:49:45Z
KXWCTCORNERS-26JUL01BELSEN-SEN5,KXWCTCORNERS,Sports,0.44,0,241176.45,2026-07-01T22:49:45Z
KXWCTCORNERS-26JUL01BELSEN-BEL9,KXWCTCORNERS,Sports,0.09,0,74403.31,2026-07-01T22:49:45Z
KXWCTCORNERS-26JUL01BELSEN-BEL7,KXWCTCORNERS,Sports,0.29,0,180994.16,2026-07-01T22:49:45Z
KXWCTCORNERS-26JUL01BELSEN-BEL5,KXWCTCORNERS,Sports,0.53,0,356755.89,2026-07-01T22:49:45Z
KXWCTCORNERS-26JUL01ENGCOD-ENG11,KXWCTCORNERS,Sports,0.12,0,124929.48,2026-07-01T18:00:00Z
KXWCTCORNERS-26JUL01ENGCOD-COD7,KXWCTCORNERS,Sports,0.05,0,97760.09,2026-07-01T18:00:00Z
KXWCTCORNERS-26JUL01ENGCOD-COD5,KXWCTCORNERS,Sports,0.14,0,295225.65,2026-07-01T18:00:00Z
KXWCTCORNERS-26JUL01ENGCOD-COD3,KXWCTCORNERS,Sports,0.5,1,356397.77,2026-07-01T18:00:00Z
KXWCTCORNERS-26JUL01ENGCOD-ENG9,KXWCTCORNERS,Sports,0.25,0,210119.49,2026-07-01T17:59:59Z
KXWCTCORNERS-26JUL01ENGCOD-ENG7,KXWCTCORNERS,Sports,0.58,0,285788.25,2026-07-01T17:59:59Z
KXWCTCORNERS-26JUN30MEXECU-ECU8,KXWCTCORNERS,Sports,0.11,1,327788.29,2026-07-01T04:04:29Z
KXWCTCORNERS-26JUN30MEXECU-ECU6,KXWCTCORNERS,Sports,0.22,1,231461.39,2026-07-01T04:04:29Z
KXWCTCORNERS-26JUN30MEXECU-MEX9,KXWCTCORNERS,Sports,0.09,0,147964.15,2026-07-01T04:04:28Z
KXWCTCORNERS-26JUN30MEXECU-MEX7,KXWCTCORNERS,Sports,0.17,0,244166.21,2026-07-01T04:04:28Z
KXWCTCORNERS-26JUN30MEXECU-MEX5,KXWCTCORNERS,Sports,0.43,0,580141.76,2026-07-01T04:04:28Z
KXWCTCORNERS-26JUN30MEXECU-ECU4,KXWCTCORNERS,Sports,0.49,1,268845.6,2026-07-01T04:04:28Z
KXWCTCORNERS-26JUN30FRASWE-SWE7,KXWCTCORNERS,Sports,0.06,0,103974.64,2026-06-30T22:54:36Z
KXWCTCORNERS-26JUN30FRASWE-SWE5,KXWCTCORNERS,Sports,0.29,0,213483.9,2026-06-30T22:54:36Z
KXWCTCORNERS-26JUN30FRASWE-SWE3,KXWCTCORNERS,Sports,0.57,0,326009.12,2026-06-30T22:54:36Z
KXWCTCORNERS-26JUN30FRASWE-FRA8,KXWCTCORNERS,Sports,0.25,1,212924.63,2026-06-30T22:54:35Z
KXWCTCORNERS-26JUN30FRASWE-FRA6,KXWCTCORNERS,Sports,0.56,1,143489.22,2026-06-30T22:54:35Z
KXWCTCORNERS-26JUN30FRASWE-FRA10,KXWCTCORNERS,Sports,0.09,0,303389.0,2026-06-30T22:54:35Z
KXWCTCORNERS-26JUN30CIVNOR-NOR9,KXWCTCORNERS,Sports,0.12,0,69917.36,2026-06-30T18:59:57Z
KXWCTCORNERS-26JUN30CIVNOR-NOR7,KXWCTCORNERS,Sports,0.27,0,148276.55,2026-06-30T18:59:56Z
KXWCTCORNERS-26JUN30CIVNOR-NOR5,KXWCTCORNERS,Sports,0.58,0,525280.42,2026-06-30T18:59:56Z
KXWCTCORNERS-26JUN30CIVNOR-CIV8,KXWCTCORNERS,Sports,0.08,1,167881.04,2026-06-30T18:59:56Z
KXWCTCORNERS-26JUN30CIVNOR-CIV6,KXWCTCORNERS,Sports,0.22,1,104903.61,2026-06-30T18:59:56Z
KXWCTCORNERS-26JUN30CIVNOR-CIV4,KXWCTCORNERS,Sports,0.52,1,123003.41,2026-06-30T18:59:56Z
KXWCTCORNERS-26JUN29NEDMAR-MAR8,KXWCTCORNERS,Sports,0.08,1,321142.83,2026-06-30T03:54:31Z
KXWCTCORNERS-26JUN29NEDMAR-NED9,KXWCTCORNERS,Sports,0.1,0,146931.74,2026-06-30T03:54:30Z
KXWCTCORNERS-26JUN29NEDMAR-NED7,KXWCTCORNERS,Sports,0.27,0,367883.25,2026-06-30T03:54:30Z
KXWCTCORNERS-26JUN29NEDMAR-NED5,KXWCTCORNERS,Sports,0.55,1,358126.6,2026-06-30T03:54:30Z
KXWCTCORNERS-26JUN29NEDMAR-MAR4,KXWCTCORNERS,Sports,0.59,1,148544.38,2026-06-30T03:54:30Z
KXWCTCORNERS-26JUN29GERPAR-PAR7,KXWCTCORNERS,Sports,0.09,0,110123.91,2026-06-29T23:29:46Z
KXWCTCORNERS-26JUN29GERPAR-PAR5,KXWCTCORNERS,Sports,0.17,1,437919.21,2026-06-29T23:29:46Z
KXWCTCORNERS-26JUN29GERPAR-PAR3,KXWCTCORNERS,Sports,0.52,1,266511.17,2026-06-29T23:29:46Z
KXWCTCORNERS-26JUN29GERPAR-GER9,KXWCTCORNERS,Sports,0.23,1,136205.16,2026-06-29T23:29:46Z
KXWCTCORNERS-26JUN29GERPAR-GER11,KXWCTCORNERS,Sports,0.13,1,390181.59,2026-06-29T23:29:46Z
KXWCTCORNERS-26JUN29GERPAR-GER7,KXWCTCORNERS,Sports,0.44,1,259341.22,2026-06-29T23:29:45Z
KXWCTCORNERS-26JUN29BRAJPN-JPN8,KXWCTCORNERS,Sports,0.06,0,14611.45,2026-06-29T19:04:51Z
KXWCTCORNERS-26JUN29BRAJPN-JPN6,KXWCTCORNERS,Sports,0.22,0,52023.11,2026-06-29T19:04:51Z
KXWCTCORNERS-26JUN29BRAJPN-JPN4,KXWCTCORNERS,Sports,0.54,0,223291.5,2026-06-29T19:04:51Z
KXWCTCORNERS-26JUN29BRAJPN-BRA8,KXWCTCORNERS,Sports,0.24,0,133848.5,2026-06-29T19:04:50Z
KXWCTCORNERS-26JUN29BRAJPN-BRA6,KXWCTCORNERS,Sports,0.48,1,432950.02,2026-06-29T19:04:50Z
KXWCTCORNERS-26JUN29BRAJPN-BRA10,KXWCTCORNERS,Sports,0.11,0,40365.01,2026-06-29T19:04:50Z
KXWCTCORNERS-26JUN27DZAAUT-DZA9,KXWCTCORNERS,Sports,0.02,0,2085.75,2026-06-28T04:00:22Z
KXWCTCORNERS-26JUN27DZAAUT-AUT9,KXWCTCORNERS,Sports,0.02,0,514.87,2026-06-28T04:00:22Z
KXWCTCORNERS-26JUN27DZAAUT-AUT7,KXWCTCORNERS,Sports,0.13,0,7168.49,2026-06-28T04:00:22Z
KXWCTCORNERS-26JUN27DZAAUT-AUT5,KXWCTCORNERS,Sports,0.17,0,53025.13,2026-06-28T04:00:22Z
KXWCTCORNERS-26JUN27JORARG-ARG8,KXWCTCORNERS,Sports,0.18,0,58514.46,2026-06-28T04:00:21Z
KXWCTCORNERS-26JUN27JORARG-ARG10,KXWCTCORNERS,Sports,0.14,0,15905.81,2026-06-28T04:00:21Z
KXWCTCORNERS-26JUN27DZAAUT-DZA7,KXWCTCORNERS,Sports,0.22,0,3812.05,2026-06-28T04:00:21Z
KXWCTCORNERS-26JUN27DZAAUT-DZA5,KXWCTCORNERS,Sports,0.47,0,37032.94,2026-06-28T04:00:21Z
KXWCTCORNERS-26JUN27JORARG-JOR7,KXWCTCORNERS,Sports,0.09,0,10010.48,2026-06-28T04:00:20Z
KXWCTCORNERS-26JUN27JORARG-JOR5,KXWCTCORNERS,Sports,0.24,0,28215.5,2026-06-28T04:00:20Z
KXWCTCORNERS-26JUN27JORARG-JOR3,KXWCTCORNERS,Sports,0.53,0,95921.44,2026-06-28T04:00:20Z
KXWCTCORNERS-26JUN27JORARG-ARG6,KXWCTCORNERS,Sports,0.53,1,190026.07,2026-06-28T04:00:20Z
KXWCTCORNERS-26JUN27CODUZB-UZB8,KXWCTCORNERS,Sports,0.05,0,4016.41,2026-06-28T01:34:32Z
KXWCTCORNERS-26JUN27CODUZB-UZB4,KXWCTCORNERS,Sports,0.53,1,85455.69,2026-06-28T01:34:32Z
KXWCTCORNERS-26JUN27CODUZB-COD9,KXWCTCORNERS,Sports,0.15,0,5963.9,2026-06-28T01:34:32Z
KXWCTCORNERS-26JUN27CODUZB-COD7,KXWCTCORNERS,Sports,0.3,0,21788.01,2026-06-28T01:34:32Z
KXWCTCORNERS-26JUN27CODUZB-COD5,KXWCTCORNERS,Sports,0.54,0,81871.9,2026-06-28T01:34:31Z
KXWCTCORNERS-26JUN27COLPOR-POR7,KXWCTCORNERS,Sports,0.36,0,31148.27,2026-06-28T01:29:55Z
KXWCTCORNERS-26JUN27COLPOR-POR5,KXWCTCORNERS,Sports,0.59,0,55350.15,2026-06-28T01:29:55Z
KXWCTCORNERS-26JUN27COLPOR-COL8,KXWCTCORNERS,Sports,0.11,0,24557.2,2026-06-28T01:29:55Z
KXWCTCORNERS-26JUN27COLPOR-COL6,KXWCTCORNERS,Sports,0.27,0,77938.78,2026-06-28T01:29:55Z
KXWCTCORNERS-26JUN27COLPOR-COL4,KXWCTCORNERS,Sports,0.59,1,213314.48,2026-06-28T01:29:55Z
KXWCTCORNERS-26JUN27CROGHA-GHA8,KXWCTCORNERS,Sports,0.09,0,5442.25,2026-06-27T23:00:04Z
KXWCTCORNERS-26JUN27CROGHA-GHA6,KXWCTCORNERS,Sports,0.23,0,20044.76,2026-06-27T23:00:03Z
KXWCTCORNERS-26JUN27CROGHA-GHA4,KXWCTCORNERS,Sports,0.48,0,89121.31,2026-06-27T23:00:03Z
KXWCTCORNERS-26JUN27CROGHA-CRO8,KXWCTCORNERS,Sports,0.24,0,17567.03,2026-06-27T23:00:03Z
KXWCTCORNERS-26JUN27CROGHA-CRO6,KXWCTCORNERS,Sports,0.47,0,61994.24,2026-06-27T23:00:03Z
KXWCTCORNERS-26JUN27CROGHA-CRO10,KXWCTCORNERS,Sports,0.12,0,5560.64,2026-06-27T23:00:03Z
KXWCTCORNERS-26JUN27PANENG-PAN7,KXWCTCORNERS,Sports,0.09,0,12896.31,2026-06-27T22:54:33Z
KXWCTCORNERS-26JUN27PANENG-PAN5,KXWCTCORNERS,Sports,0.22,0,42025.02,2026-06-27T22:54:33Z
KXWCTCORNERS-26JUN27PANENG-PAN3,KXWCTCORNERS,Sports,0.53,1,172116.09,2026-06-27T22:54:33Z
KXWCTCORNERS-26JUN27PANENG-ENG9,KXWCTCORNERS,Sports,0.35,0,147030.72,2026-06-27T22:54:33Z
KXWCTCORNERS-26JUN27PANENG-ENG7,KXWCTCORNERS,Sports,0.55,1,243635.42,2026-06-27T22:54:33Z
KXWCTCORNERS-26JUN27PANENG-ENG11,KXWCTCORNERS,Sports,0.18,0,69002.07,2026-06-27T22:54:33Z
KXWCTCORNERS-26JUN26EGYIRI-IRI6,KXWCTCORNERS,Sports,0.23,0,13894.54,2026-06-27T05:04:31Z
KXWCTCORNERS-26JUN26EGYIRI-IRI4,KXWCTCORNERS,Sports,0.55,0,49502.11,2026-06-27T05:04:31Z
KXWCTCORNERS-26JUN26EGYIRI-EGY9,KXWCTCORNERS,Sports,0.08,0,46723.46,2026-06-27T05:04:30Z
KXWCTCORNERS-26JUN26EGYIRI-EGY7,KXWCTCORNERS,Sports,0.18,1,81059.55,2026-06-27T05:04:30Z
KXWCTCORNERS-26JUN26EGYIRI-EGY5,KXWCTCORNERS,Sports,0.43,1,74312.09,2026-06-27T05:04:30Z
KXWCTCORNERS-26JUN26NZLBEL-NZL7,KXWCTCORNERS,Sports,0.08,0,17721.69,2026-06-27T04:59:55Z
KXWCTCORNERS-26JUN26NZLBEL-NZL5,KXWCTCORNERS,Sports,0.28,1,76494.02,2026-06-27T04:59:55Z
KXWCTCORNERS-26JUN26NZLBEL-NZL3,KXWCTCORNERS,Sports,0.56,1,141084.45,2026-06-27T04:59:55Z
KXWCTCORNERS-26JUN26NZLBEL-BEL7,KXWCTCORNERS,Sports,0.49,1,113237.11,2026-06-27T04:59:55Z
KXWCTCORNERS-26JUN26URUESP-ESP8,KXWCTCORNERS,Sports,0.28,0,203740.76,2026-06-27T02:04:34Z
KXWCTCORNERS-26JUN26URUESP-ESP6,KXWCTCORNERS,Sports,0.51,1,147993.5,2026-06-27T02:04:34Z
KXWCTCORNERS-26JUN26URUESP-ESP10,KXWCTCORNERS,Sports,0.15,0,108582.63,2026-06-27T02:04:34Z
KXWCTCORNERS-26JUN26URUESP-URU8,KXWCTCORNERS,Sports,0.09,0,61294.95,2026-06-27T02:04:33Z
KXWCTCORNERS-26JUN26URUESP-URU6,KXWCTCORNERS,Sports,0.19,0,117714.95,2026-06-27T02:04:33Z
KXWCTCORNERS-26JUN26URUESP-URU4,KXWCTCORNERS,Sports,0.5,0,374871.83,2026-06-27T02:04:33Z
KXWCTCORNERS-26JUN26CPVKSA-KSA9,KXWCTCORNERS,Sports,0.1,0,10036.28,2026-06-27T01:59:52Z
KXWCTCORNERS-26JUN26CPVKSA-KSA5,KXWCTCORNERS,Sports,0.43,0,45082.56,2026-06-27T01:59:52Z
KXWCTCORNERS-26JUN26CPVKSA-CPV5,KXWCTCORNERS,Sports,0.45,0,90072.03,2026-06-27T01:59:52Z
KXWCTCORNERS-26JUN26SENIRQ-IRQ8,KXWCTCORNERS,Sports,0.02,0,8771.5,2026-06-26T21:04:38Z
KXWCTCORNERS-26JUN26SENIRQ-IRQ6,KXWCTCORNERS,Sports,0.17,0,42665.31,2026-06-26T21:04:38Z
KXWCTCORNERS-26JUN26SENIRQ-IRQ4,KXWCTCORNERS,Sports,0.43,0,121183.08,2026-06-26T21:04:38Z
KXWCTCORNERS-26JUN26SENIRQ-SEN8,KXWCTCORNERS,Sports,0.3,1,57066.2,2026-06-26T21:04:37Z
KXWCTCORNERS-26JUN26SENIRQ-SEN6,KXWCTCORNERS,Sports,0.55,1,61372.16,2026-06-26T21:04:37Z
KXWCTCORNERS-26JUN26SENIRQ-SEN10,KXWCTCORNERS,Sports,0.08,1,61576.82,2026-06-26T21:04:37Z
KXWCTCORNERS-26JUN26NORFRA-FRA8,KXWCTCORNERS,Sports,0.19,0,77451.6,2026-06-26T20:59:51Z
KXWCTCORNERS-26JUN26NORFRA-FRA10,KXWCTCORNERS,Sports,0.07,0,21091.88,2026-06-26T20:59:51Z
KXWCTCORNERS-26JUN26NORFRA-NOR8,KXWCTCORNERS,Sports,0.1,0,19309.01,2026-06-26T20:59:50Z
KXWCTCORNERS-26JUN26NORFRA-NOR6,KXWCTCORNERS,Sports,0.31,0,64782.45,2026-06-26T20:59:50Z
KXWCTCORNERS-26JUN26NORFRA-NOR4,KXWCTCORNERS,Sports,0.58,1,213498.24,2026-06-26T20:59:50Z
KXWCTCORNERS-26JUN26NORFRA-FRA6,KXWCTCORNERS,Sports,0.47,0,173721.55,2026-06-26T20:59:50Z
KXWCTCORNERS-26JUN25TURUSA-USA8,KXWCTCORNERS,Sports,0.18,1,186937.67,2026-06-26T04:04:33Z
KXWCTCORNERS-26JUN25TURUSA-USA10,KXWCTCORNERS,Sports,0.07,0,164119.77,2026-06-26T04:04:33Z
KXWCTCORNERS-26JUN25TURUSA-USA6,KXWCTCORNERS,Sports,0.43,1,161765.58,2026-06-26T04:04:32Z
KXWCTCORNERS-26JUN25TURUSA-TUR9,KXWCTCORNERS,Sports,0.07,0,70109.07,2026-06-26T04:04:32Z
KXWCTCORNERS-26JUN25TURUSA-TUR7,KXWCTCORNERS,Sports,0.23,0,97681.51,2026-06-26T04:04:32Z
KXWCTCORNERS-26JUN25TURUSA-TUR5,KXWCTCORNERS,Sports,0.44,0,261210.93,2026-06-26T04:04:32Z
KXWCTCORNERS-26JUN25PARAUS-PAR9,KXWCTCORNERS,Sports,0.14,0,5149.92,2026-06-26T03:59:58Z
KXWCTCORNERS-26JUN25PARAUS-PAR7,KXWCTCORNERS,Sports,0.06,0,22812.19,2026-06-26T03:59:58Z
KXWCTCORNERS-26JUN25PARAUS-PAR5,KXWCTCORNERS,Sports,0.5,0,47623.57,2026-06-26T03:59:58Z
KXWCTCORNERS-26JUN25PARAUS-AUS8,KXWCTCORNERS,Sports,0.02,0,22119.23,2026-06-26T03:59:58Z
KXWCTCORNERS-26JUN25PARAUS-AUS6,KXWCTCORNERS,Sports,0.23,0,77206.83,2026-06-26T03:59:58Z
KXWCTCORNERS-26JUN25PARAUS-AUS4,KXWCTCORNERS,Sports,0.51,0,112034.34,2026-06-26T03:59:58Z
KXWCTCORNERS-26JUN25JPNSWE-SWE6,KXWCTCORNERS,Sports,0.25,1,180427.68,2026-06-26T00:59:58Z
KXWCTCORNERS-26JUN25JPNSWE-SWE4,KXWCTCORNERS,Sports,0.59,1,142620.55,2026-06-26T00:59:57Z
KXWCTCORNERS-26JUN25JPNSWE-JPN8,KXWCTCORNERS,Sports,0.2,0,15739.76,2026-06-26T00:59:57Z
KXWCTCORNERS-26JUN25JPNSWE-JPN6,KXWCTCORNERS,Sports,0.42,0,55463.94,2026-06-26T00:59:57Z
KXWCTCORNERS-26JUN25JPNSWE-JPN10,KXWCTCORNERS,Sports,0.07,0,11642.76,2026-06-26T00:59:57Z
KXWCTCORNERS-26JUN25TUNNED-NED11,KXWCTCORNERS,Sports,0.09,0,7357.18,2026-06-26T00:54:35Z
KXWCTCORNERS-26JUN25TUNNED-TUN7,KXWCTCORNERS,Sports,0.06,0,7729.22,2026-06-26T00:54:34Z
KXWCTCORNERS-26JUN25TUNNED-TUN5,KXWCTCORNERS,Sports,0.19,0,24213.08,2026-06-26T00:54:34Z
KXWCTCORNERS-26JUN25TUNNED-TUN3,KXWCTCORNERS,Sports,0.52,1,98722.47,2026-06-26T00:54:34Z
KXWCTCORNERS-26JUN25TUNNED-NED9,KXWCTCORNERS,Sports,0.23,0,10973.12,2026-06-26T00:54:34Z
KXWCTCORNERS-26JUN25TUNNED-NED7,KXWCTCORNERS,Sports,0.51,0,81977.94,2026-06-26T00:54:34Z
KXWCTCORNERS-26JUN25CUWCIV-CUW7,KXWCTCORNERS,Sports,0.03,0,17814.97,2026-06-25T22:00:04Z
KXWCTCORNERS-26JUN25CUWCIV-CUW5,KXWCTCORNERS,Sports,0.13,0,73228.97,2026-06-25T22:00:04Z
KXWCTCORNERS-26JUN25CUWCIV-CUW3,KXWCTCORNERS,Sports,0.45,1,115847.47,2026-06-25T22:00:04Z
KXWCTCORNERS-26JUN25CUWCIV-CIV9,KXWCTCORNERS,Sports,0.23,0,18573.87,2026-06-25T22:00:04Z
KXWCTCORNERS-26JUN25CUWCIV-CIV7,KXWCTCORNERS,Sports,0.52,0,68826.38,2026-06-25T22:00:04Z
KXWCTCORNERS-26JUN25CUWCIV-CIV11,KXWCTCORNERS,Sports,0.11,0,3174.1,2026-06-25T22:00:04Z
KXWCTCORNERS-26JUN25ECUGER-GER9,KXWCTCORNERS,Sports,0.06,0,20881.68,2026-06-25T22:00:03Z
KXWCTCORNERS-26JUN25ECUGER-GER7,KXWCTCORNERS,Sports,0.28,0,68787.61,2026-06-25T22:00:03Z
KXWCTCORNERS-26JUN25ECUGER-GER5,KXWCTCORNERS,Sports,0.55,0,201436.86,2026-06-25T22:00:03Z
KXWCTCORNERS-26JUN25ECUGER-ECU9,KXWCTCORNERS,Sports,0.03,0,14085.06,2026-06-25T22:00:02Z
KXWCTCORNERS-26JUN25ECUGER-ECU7,KXWCTCORNERS,Sports,0.21,0,34814.46,2026-06-25T22:00:02Z
KXWCTCORNERS-26JUN25ECUGER-ECU5,KXWCTCORNERS,Sports,0.42,0,217537.45,2026-06-25T22:00:02Z
KXWCTCORNERS-26JUN24CZEMEX-MEX9,KXWCTCORNERS,Sports,0.13,0,17687.88,2026-06-25T02:59:51Z
KXWCTCORNERS-26JUN24CZEMEX-MEX7,KXWCTCORNERS,Sports,0.2,0,54867.1,2026-06-25T02:59:51Z
KXWCTCORNERS-26JUN24CZEMEX-MEX5,KXWCTCORNERS,Sports,0.44,0,122736.83,2026-06-25T02:59:51Z
KXWCTCORNERS-26JUN24CZEMEX-CZE9,KXWCTCORNERS,Sports,0.08,0,24256.95,2026-06-25T02:59:51Z
KXWCTCORNERS-26JUN24CZEMEX-CZE7,KXWCTCORNERS,Sports,0.19,0,75873.33,2026-06-25T02:59:51Z
KXWCTCORNERS-26JUN24CZEMEX-CZE5,KXWCTCORNERS,Sports,0.46,1,308306.46,2026-06-25T02:59:51Z
KXWCTCORNERS-26JUN24RSAKOR-KOR8,KXWCTCORNERS,Sports,0.21,0,44358.65,2026-06-25T02:59:50Z
KXWCTCORNERS-26JUN24RSAKOR-KOR10,KXWCTCORNERS,Sports,0.07,0,9108.05,2026-06-25T02:59:50Z
KXWCTCORNERS-26JUN24RSAKOR-RSA8,KXWCTCORNERS,Sports,0.1,0,75486.77,2026-06-25T02:59:49Z
KXWCTCORNERS-26JUN24RSAKOR-RSA6,KXWCTCORNERS,Sports,0.24,0,124072.77,2026-06-25T02:59:49Z
KXWCTCORNERS-26JUN24RSAKOR-RSA4,KXWCTCORNERS,Sports,0.51,1,181221.69,2026-06-25T02:59:49Z
KXWCTCORNERS-26JUN24RSAKOR-KOR6,KXWCTCORNERS,Sports,0.46,1,186397.04,2026-06-25T02:59:49Z
KXWCTCORNERS-26JUN24MARHTI-HTI7,KXWCTCORNERS,Sports,0.01,0,8484.13,2026-06-25T00:04:36Z
KXWCTCORNERS-26JUN24MARHTI-HTI5,KXWCTCORNERS,Sports,0.14,0,44207.24,2026-06-25T00:04:36Z
KXWCTCORNERS-26JUN24MARHTI-MAR9,KXWCTCORNERS,Sports,0.21,1,139263.75,2026-06-25T00:04:35Z
KXWCTCORNERS-26JUN24MARHTI-MAR7,KXWCTCORNERS,Sports,0.46,1,149965.16,2026-06-25T00:04:35Z
KXWCTCORNERS-26JUN24MARHTI-MAR11,KXWCTCORNERS,Sports,0.1,0,59580.83,2026-06-25T00:04:35Z
KXWCTCORNERS-26JUN24MARHTI-HTI3,KXWCTCORNERS,Sports,0.52,0,102845.79,2026-06-25T00:04:35Z
KXWCTCORNERS-26JUN24SCOBRA-BRA8,KXWCTCORNERS,Sports,0.29,0,90542.83,2026-06-25T00:04:34Z
KXWCTCORNERS-26JUN24SCOBRA-BRA6,KXWCTCORNERS,Sports,0.52,1,276860.91,2026-06-25T00:04:34Z
KXWCTCORNERS-26JUN24SCOBRA-BRA10,KXWCTCORNERS,Sports,0.08,0,16948.82,2026-06-25T00:04:34Z
KXWCTCORNERS-26JUN24SCOBRA-SCO7,KXWCTCORNERS,Sports,0.07,1,87385.39,2026-06-25T00:04:33Z
KXWCTCORNERS-26JUN24SCOBRA-SCO5,KXWCTCORNERS,Sports,0.21,1,129988.62,2026-06-25T00:04:33Z
KXWCTCORNERS-26JUN24SCOBRA-SCO3,KXWCTCORNERS,Sports,0.6,1,188463.89,2026-06-25T00:04:33Z
KXWCTCORNERS-26JUN24BIHQAT-QAT8,KXWCTCORNERS,Sports,0.1,0,1652.72,2026-06-24T21:00:00Z
KXWCTCORNERS-26JUN24BIHQAT-QAT6,KXWCTCORNERS,Sports,0.16,0,20593.93,2026-06-24T20:59:59Z
KXWCTCORNERS-26JUN24BIHQAT-QAT4,KXWCTCORNERS,Sports,0.47,1,83001.77,2026-06-24T20:59:59Z
KXWCTCORNERS-26JUN24BIHQAT-BIH8,KXWCTCORNERS,Sports,0.26,0,59674.06,2026-06-24T20:59:59Z
KXWCTCORNERS-26JUN24BIHQAT-BIH6,KXWCTCORNERS,Sports,0.57,0,104414.67,2026-06-24T20:59:59Z
KXWCTCORNERS-26JUN24BIHQAT-BIH10,KXWCTCORNERS,Sports,0.1,0,25584.09,2026-06-24T20:59:59Z
KXWCTCORNERS-26JUN24SUICAN-SUI9,KXWCTCORNERS,Sports,0.12,0,21509.35,2026-06-24T20:59:58Z
KXWCTCORNERS-26JUN24SUICAN-SUI7,KXWCTCORNERS,Sports,0.26,0,61166.52,2026-06-24T20:59:58Z
KXWCTCORNERS-26JUN24SUICAN-SUI5,KXWCTCORNERS,Sports,0.55,0,211509.32,2026-06-24T20:59:58Z
KXWCTCORNERS-26JUN24SUICAN-CAN9,KXWCTCORNERS,Sports,0.13,0,64710.81,2026-06-24T20:59:58Z
KXWCTCORNERS-26JUN24SUICAN-CAN7,KXWCTCORNERS,Sports,0.25,1,131523.46,2026-06-24T20:59:58Z
KXWCTCORNERS-26JUN24SUICAN-CAN5,KXWCTCORNERS,Sports,0.51,1,296452.32,2026-06-24T20:59:58Z
KXCANPLTOTAL-26JUL18CAVHFX-5,KXCANPLTOTAL,Sports,0.14,0,1995.25,2026-07-18T21:32:04Z
KXNASCARH2H-WINW26CHBERYBL-RYBL,KXNASCARH2H,Sports,0.51,1,12620.43,2026-07-20T05:58:37Z
KXNASCARH2H-WINW26CHBERYBL-CHBE,KXNASCARH2H,Sports,0.53,0,6733.37,2026-07-20T05:58:37Z
KXNASCARH2H-WINW26TOGICHEL-TOGI,KXNASCARH2H,Sports,0.19,1,6694.19,2026-07-20T05:58:36Z
KXNASCARH2H-WINW26TOGICHEL-CHEL,KXNASCARH2H,Sports,0.93,0,9501.54,2026-07-20T05:58:36Z
KXNASCARH2H-QUAS4AA26CHBRCHEL-CHEL,KXNASCARH2H,Sports,0.58,1,8948.56,2026-07-13T15:56:48Z
KXNASCARH2H-QUAS4AA26CHBRCHEL-CHBR,KXNASCARH2H,Sports,0.48,0,3163.4,2026-07-13T15:56:48Z
KXNASCARH2H-QUAS4AA26ALBOTOGI-TOGI,KXNASCARH2H,Sports,0.42,1,7027.33,2026-07-13T15:56:48Z
KXNASCARH2H-QUAS4AA26ALBOTOGI-ALBO,KXNASCARH2H,Sports,0.63,0,13528.95,2026-07-13T15:56:48Z
KXNASCARH2H-QUAS4AA26DEHACHBE-DEHA,KXNASCARH2H,Sports,0.53,0,5873.69,2026-07-13T15:56:47Z
KXNASCARH2H-QUAS4AA26DEHACHBE-CHBE,KXNASCARH2H,Sports,0.53,1,11144.17,2026-07-13T15:56:47Z
KXNASCARH2H-QUAS4AA26WIBYRYBL-WIBY,KXNASCARH2H,Sports,0.44,0,8800.46,2026-07-13T15:56:46Z
KXNASCARH2H-QUAS4AA26WIBYRYBL-RYBL,KXNASCARH2H,Sports,0.59,1,15158.06,2026-07-13T15:56:46Z
KXNASCARH2H-EER26ALBOAUCI-AUCI,KXNASCARH2H,Sports,0.52,0,1963.86,2026-07-06T02:28:27Z
KXNASCARH2H-EER26ALBOAUCI-ALBO,KXNASCARH2H,Sports,0.47,1,4583.4,2026-07-06T02:28:27Z
KXNASCARH2H-EER26CHBRTYGI-TYGI,KXNASCARH2H,Sports,0.52,0,801.95,2026-07-06T02:28:09Z
KXNASCARH2H-EER26CHBRTYGI-CHBR,KXNASCARH2H,Sports,0.54,1,1324.64,2026-07-06T02:28:09Z
KXNASCARH2H-EER26CHBUCHBE-CHBU,KXNASCARH2H,Sports,0.47,0,2460.93,2026-07-06T02:27:55Z
KXNASCARH2H-EER26CHBUCHBE-CHBE,KXNASCARH2H,Sports,0.56,1,1364.22,2026-07-06T02:27:55Z
KXNASCARH2H-EER26DEHAERJO-ERJO,KXNASCARH2H,Sports,0.1,0,1876.66,2026-07-06T02:27:10Z
KXNASCARH2H-EER26DEHAERJO-DEHA,KXNASCARH2H,Sports,0.89,1,1112.81,2026-07-06T02:27:10Z
KXNASCARH2H-EER26MIMCCHEL-CHEL,KXNASCARH2H,Sports,0.82,1,2462.01,2026-07-06T02:26:52Z
KXNASCARH2H-EER26SHVARYBL-SHVA,KXNASCARH2H,Sports,0.27,0,1126.49,2026-07-06T02:26:29Z
KXNASCARH2H-EER26SHVARYBL-RYBL,KXNASCARH2H,Sports,0.79,1,923.07,2026-07-06T02:26:29Z
KXNASCARH2H-EER26TOGICAHO-TOGI,KXNASCARH2H,Sports,0.28,1,2117.92,2026-07-06T02:25:39Z
KXNASCARH2H-EER26TOGICAHO-CAHO,KXNASCARH2H,Sports,0.78,0,1223.26,2026-07-06T02:25:39Z
KXNASCARH2H-EER26WIBYKYLA-WIBY,KXNASCARH2H,Sports,0.4,1,1425.69,2026-07-06T02:25:20Z
KXNASCARH2H-EER26WIBYKYLA-KYLA,KXNASCARH2H,Sports,0.66,0,4108.84,2026-07-06T02:25:20Z
KXNASCARH2H-TOYSM26WIBYRIST-WIBY,KXNASCARH2H,Sports,0.94,1,2002.84,2026-06-29T00:11:21Z
KXNASCARH2H-TOYSM26WIBYRIST-RIST,KXNASCARH2H,Sports,0.03,0,595.43,2026-06-29T00:11:21Z
KXNASCARH2H-TOYSM26TYREALBO-TYRE,KXNASCARH2H,Sports,0.79,0,924.53,2026-06-29T00:10:51Z
KXNASCARH2H-TOYSM26TYREALBO-ALBO,KXNASCARH2H,Sports,0.25,1,2288.6,2026-06-29T00:10:51Z
KXNASCARH2H-TOYSM26TYGIAUDI-TYGI,KXNASCARH2H,Sports,0.84,1,1464.35,2026-06-29T00:10:28Z
KXNASCARH2H-TOYSM26TYGIAUDI-AUDI,KXNASCARH2H,Sports,0.21,0,2113.65,2026-06-29T00:10:28Z
KXNASCARH2H-TOYSM26SHVARYPR-SHVA,KXNASCARH2H,Sports,0.91,1,1936.15,2026-06-29T00:10:07Z
KXNASCARH2H-TOYSM26SHVARYPR-RYPR,KXNASCARH2H,Sports,0.14,0,1070.17,2026-06-29T00:10:07Z
KXNASCARH2H-TOYSM26RYBLJOBE-RYBL,KXNASCARH2H,Sports,0.9,1,2612.75,2026-06-29T00:09:48Z
KXNASCARH2H-TOYSM26KYLARIHE-RIHE,KXNASCARH2H,Sports,0.25,0,505.59,2026-06-29T00:09:01Z
KXNASCARH2H-TOYSM26KYLARIHE-KYLA,KXNASCARH2H,Sports,0.8,1,2690.57,2026-06-29T00:09:01Z
KXNASCARH2H-TOYSM26ERJOJOLO-JOLO,KXNASCARH2H,Sports,0.7,0,971.65,2026-06-29T00:08:38Z
KXNASCARH2H-TOYSM26ERJOJOLO-ERJO,KXNASCARH2H,Sports,0.31,1,3662.55,2026-06-29T00:08:38Z
KXNASCARH2H-TOYSM26DEHATYDI-TYDI,KXNASCARH2H,Sports,0.27,0,1449.91,2026-06-29T00:08:11Z
KXNASCARH2H-TOYSM26DEHATYDI-DEHA,KXNASCARH2H,Sports,0.75,1,1030.64,2026-06-29T00:08:11Z
KXNASCARH2H-TOYSM26DASUTOGI-TOGI,KXNASCARH2H,Sports,0.35,1,904.37,2026-06-29T00:07:40Z
KXNASCARH2H-TOYSM26DASUTOGI-DASU,KXNASCARH2H,Sports,0.69,0,1708.49,2026-06-29T00:07:40Z
KXNASCARH2H-TOYSM26CHBUJONE-JONE,KXNASCARH2H,Sports,0.2,0,1264.34,2026-06-29T00:06:44Z
KXNASCARH2H-TOYSM26CHBRAJAL-CHBR,KXNASCARH2H,Sports,0.58,1,5419.1,2026-06-29T00:06:18Z
KXNASCARH2H-TOYSM26CHBRAJAL-AJAL,KXNASCARH2H,Sports,0.47,0,2851.76,2026-06-29T00:06:18Z
KXNASCARH2H-TOYSM26CAHOZASM-ZASM,KXNASCARH2H,Sports,0.37,0,2995.04,2026-06-29T00:05:51Z
KXNASCARH2H-TOYSM26CAHOZASM-CAHO,KXNASCARH2H,Sports,0.63,1,5606.58,2026-06-29T00:05:51Z
KXNASCARH2H-TOYSM26BUWAMIMC-MIMC,KXNASCARH2H,Sports,0.69,1,2107.07,2026-06-29T00:05:25Z
KXNASCARH2H-TOYSM26BUWAMIMC-BUWA,KXNASCARH2H,Sports,0.32,0,1335.65,2026-06-29T00:05:25Z
KXNASCARH2H-TOYSM26AUCIBRKE-BRKE,KXNASCARH2H,Sports,0.47,0,646.62,2026-06-29T00:05:02Z
KXNASCARH2H-TOYSM26AUCIBRKE-AUCI,KXNASCARH2H,Sports,0.58,1,1554.16,2026-06-29T00:05:02Z
KXNASCARH2H-TOYSM26CHBEROCH-ROCH,KXNASCARH2H,Sports,0.66,0,7508.06,2026-06-29T00:04:36Z
KXNASCARH2H-TOYSM26CHBEROCH-CHBE,KXNASCARH2H,Sports,0.39,1,14263.55,2026-06-29T00:04:36Z
KXEARNINGSMENTIONGEV-26JUL22-BLAD,KXEARNINGSMENTIONGEV,Mentions,0.21,0,12036.33,2026-07-22T13:24:36Z
KXEARNINGSMENTIONGEV-26JUL22-VIET,KXEARNINGSMENTIONGEV,Mentions,0.83,0,7616.18,2026-07-22T13:24:35Z
KXEARNINGSMENTIONGEV-26JUL22-OIL,KXEARNINGSMENTIONGEV,Mentions,0.05,0,24185.58,2026-07-22T13:24:35Z
KXEARNINGSMENTIONGEV-26JUL22-IRAN,KXEARNINGSMENTIONGEV,Mentions,0.77,0,22551.33,2026-07-22T13:24:35Z
KXEARNINGSMENTIONGEV-26JUL22-TARI,KXEARNINGSMENTIONGEV,Mentions,0.88,1,6745.39,2026-07-22T13:24:28Z
KXEARNINGSMENTIONGEV-26JUL22-ROBO,KXEARNINGSMENTIONGEV,Mentions,0.91,1,6827.87,2026-07-22T13:24:28Z
KXEARNINGSMENTIONGEV-26JUL22-NUCL,KXEARNINGSMENTIONGEV,Mentions,0.94,1,11315.05,2026-07-22T13:24:28Z
KXEARNINGSMENTIONGEV-26JUL22-INFL,KXEARNINGSMENTIONGEV,Mentions,0.89,1,5705.66,2026-07-22T13:24:28Z
KXEARNINGSMENTIONGEV-26JUL22-ELEC,KXEARNINGSMENTIONGEV,Mentions,0.83,1,4348.59,2026-07-22T13:24:28Z
KXEARNINGSMENTIONGEV-26JUL22-DATA,KXEARNINGSMENTIONGEV,Mentions,0.95,1,12267.98,2026-07-22T13:24:28Z
KXEARNINGSMENTIONGEV-26JUL22-CHIN,KXEARNINGSMENTIONGEV,Mentions,0.21,1,8182.89,2026-07-22T13:24:28Z
KXEARNINGSMENTIONGEV-26JUL22-ADMI,KXEARNINGSMENTIONGEV,Mentions,0.18,1,9628.01,2026-07-22T13:24:28Z
KXWCWINNERTRAIL-26-Y,KXWCWINNERTRAIL,Sports,0.47,1,194620.77,2026-07-19T22:08:05Z
KXEARNINGSMENTIONLEVI-26JUL08-AI,KXEARNINGSMENTIONLEVI,Mentions,0.73,1,9440.59,2026-07-08T23:46:23Z
KXEARNINGSMENTIONLEVI-26JUL08-ZALA,KXEARNINGSMENTIONLEVI,Mentions,0.1,0,2454.84,2026-07-08T23:44:05Z
KXEARNINGSMENTIONLEVI-26JUL08-NIKE,KXEARNINGSMENTIONLEVI,Mentions,0.45,0,7574.61,2026-07-08T23:44:05Z
KXEARNINGSMENTIONLEVI-26JUL08-JORD,KXEARNINGSMENTIONLEVI,Mentions,0.6,0,1484.36,2026-07-08T23:44:05Z
KXEARNINGSMENTIONLEVI-26JUL08-INFL,KXEARNINGSMENTIONLEVI,Mentions,0.3,0,16922.14,2026-07-08T23:44:05Z
KXEARNINGSMENTIONLEVI-26JUL08-DISN,KXEARNINGSMENTIONLEVI,Mentions,0.15,0,4112.72,2026-07-08T23:44:05Z
KXEARNINGSMENTIONLEVI-26JUL08-BEYO,KXEARNINGSMENTIONLEVI,Mentions,0.62,0,7648.78,2026-07-08T23:44:05Z
KXEARNINGSMENTIONLEVI-26JUL08-BARB,KXEARNINGSMENTIONLEVI,Mentions,0.1,0,3138.7,2026-07-08T23:44:05Z
KXEARNINGSMENTIONLEVI-26JUL08-WORL,KXEARNINGSMENTIONLEVI,Mentions,0.63,1,9681.35,2026-07-08T23:42:21Z
KXEARNINGSMENTIONLEVI-26JUL08-TARI,KXEARNINGSMENTIONLEVI,Mentions,0.87,1,4565.68,2026-07-08T23:42:21Z
KXEARNINGSMENTIONLEVI-26JUL08-DOCK,KXEARNINGSMENTIONLEVI,Mentions,0.57,1,9468.86,2026-07-08T23:42:21Z
KXEARNINGSMENTIONLEVI-26JUL08-CHIN,KXEARNINGSMENTIONLEVI,Mentions,0.79,1,3622.64,2026-07-08T23:42:21Z
KXEARNINGSMENTIONLEVI-26JUL08-BEYOY,KXEARNINGSMENTIONLEVI,Mentions,0.93,1,6913.89,2026-07-08T23:42:21Z
KXDPWORLDTOURMAKECUT-BMIO26-MMAN,KXDPWORLDTOURMAKECUT,Sports,0.55,1,502.53,2026-07-03T19:59:45Z
KXDPWORLDTOURMAKECUT-BMIO26-BDAL,KXDPWORLDTOURMAKECUT,Sports,0.01,1,15772.72,2026-07-03T19:59:41Z
KXDPWORLDTOURMAKECUT-BMIO26-DBRY,KXDPWORLDTOURMAKECUT,Sports,0.57,1,524.68,2026-07-03T19:59:40Z
KXDPWORLDTOURMAKECUT-DSA8OD26-JNIE,KXDPWORLDTOURMAKECUT,Sports,0.86,1,1849.47,2026-06-26T18:59:45Z
KXSPOTIFYARTISTD-26JUN30-DRA,KXSPOTIFYARTISTD,Entertainment,0.95,1,1738.12,2026-07-01T03:59:00Z
KXSPOTIFYARTISTD-26JUN28-DRA,KXSPOTIFYARTISTD,Entertainment,0.99,1,2581.66,2026-06-29T03:59:00Z
KXSPOTIFYARTISTD-26JUN26-DRA,KXSPOTIFYARTISTD,Entertainment,0.97,1,797.16,2026-06-27T03:59:00Z
KXSPOTIFYARTISTD-26JUN25-DRA,KXSPOTIFYARTISTD,Entertainment,0.98,1,725.0,2026-06-26T03:59:00Z
KXSPOTIFYARTISTD-26JUN24-DRA,KXSPOTIFYARTISTD,Entertainment,0.98,1,1940.13,2026-06-25T03:59:00Z
KXBRASILEIRO1HBTTS-26JUL23CORCR-BTTS,KXBRASILEIRO1HBTTS,Sports,0.13,0,3104.44,2026-07-23T23:24:06Z
KXBRASILEIRO1HBTTS-26JUL23BOTVIT-BTTS,KXBRASILEIRO1HBTTS,Sports,0.17,0,2377.75,2026-07-23T23:18:56Z
KXBRASILEIRO1HBTTS-26JUL22CHAFLA-BTTS,KXBRASILEIRO1HBTTS,Sports,0.14,0,3232.47,2026-07-23T01:24:35Z
KXBRASILEIRO1HBTTS-26JUL22SPACAP-BTTS,KXBRASILEIRO1HBTTS,Sports,0.14,0,2141.42,2026-07-23T01:24:34Z
KXBRASILEIRO1HBTTS-26JUL22INTCRU-BTTS,KXBRASILEIRO1HBTTS,Sports,0.15,0,2497.73,2026-07-23T01:24:34Z
KXBRASILEIRO1HBTTS-26JUL22CFCPAL-BTTS,KXBRASILEIRO1HBTTS,Sports,0.15,0,9053.39,2026-07-22T23:25:02Z
KXBRASILEIRO1HBTTS-26JUL21ATLBAH-BTTS,KXBRASILEIRO1HBTTS,Sports,0.15,0,3983.71,2026-07-21T23:18:50Z
