series,ticker,bucket,side,ask,prior_avg,secs_left,won,profit
KXBTC15M,KXBTC15M-26JUN080230-30,20-25c,no,22,60.7,660,False,-35
KXBTC15M,KXBTC15M-26JUN080015-15,15-19c,yes,19,61.7,660,False,-35
KXBTC15M,KXBTC15M-26JUN072315-15,10-14c,no,14,66.7,300,False,-35
KXBTC15M,KXBTC15M-26JUN070745-45,15-19c,no,17,65.3,480,False,-35
KXBTC15M,KXBTC15M-26JUN070445-45,20-25c,no,20,66.0,480,False,-35
KXBTC15M,KXBTC15M-26JUN070130-30,15-19c,no,16,64.0,660,True,170.89
KXBTC15M,KXBTC15M-26JUN070130-30,20-25c,yes,22,64.3,480,False,-35
KXBTC15M,KXBTC15M-26JUN060015-15,15-19c,yes,19,70.3,540,False,-35
KXBTC15M,KXBTC15M-26JUN051915-15,15-19c,yes,16,66.3,360,False,-35
KXBTC15M,KXBTC15M-26JUN051615-15,10-14c,no,13,81.0,360,False,-35
KXBTC15M,KXBTC15M-26JUN051445-45,15-19c,no,16,60.0,300,True,170.89
KXBTC15M,KXBTC15M-26JUN050215-15,20-25c,no,20,63.3,480,True,130.2
KXBTC15M,KXBTC15M-26JUN050100-00,20-25c,no,25,75.3,540,False,-35
KXBTC15M,KXBTC15M-26JUN050015-15,20-25c,no,22,73.7,480,False,-35
KXBTC15M,KXBTC15M-26JUN040130-30,20-25c,yes,25,61.7,540,False,-35
KXBTC15M,KXBTC15M-26JUN032215-15,20-25c,no,24,75.7,420,False,-35
KXBTC15M,KXBTC15M-26JUN032045-45,20-25c,yes,20,74.0,420,True,130.2
KXBTC15M,KXBTC15M-26JUN031845-45,10-14c,yes,13,64.7,420,False,-35
KXBTC15M,KXBTC15M-26JUN031745-45,10-14c,yes,14,77.7,360,False,-35
KXBTC15M,KXBTC15M-26JUN030845-45, 5-9c,yes,9,66.3,360,False,-35
KXBTC15M,KXBTC15M-26JUN030645-45,20-25c,yes,20,63.3,480,False,-35
KXBTC15M,KXBTC15M-26JUN030600-00, 5-9c,no,5,60.0,600,False,-35
KXBTC15M,KXBTC15M-26JUN030000-00,15-19c,no,18,60.0,300,False,-35
KXBTC15M,KXBTC15M-26JUN022230-30,10-14c,yes,12,65.3,480,False,-35
KXBTC15M,KXBTC15M-26JUN021830-30,10-14c,no,13,63.0,360,False,-35
KXBTC15M,KXBTC15M-26JUN010800-00,20-25c,yes,20,63.0,540,False,-35
KXBTC15M,KXBTC15M-26JUN010600-00,20-25c,yes,24,60.0,420,False,-35
KXBTC15M,KXBTC15M-26MAY312345-45,20-25c,yes,24,62.3,300,False,-35
KXBTC15M,KXBTC15M-26MAY310600-00,20-25c,yes,20,62.0,480,False,-35
KXBTC15M,KXBTC15M-26MAY310545-45,20-25c,no,24,66.3,360,False,-35
KXBTC15M,KXBTC15M-26MAY292015-15,15-19c,no,18,60.3,360,False,-35
KXBTC15M,KXBTC15M-26MAY290645-45,15-19c,no,16,63.7,540,False,-35
KXBTC15M,KXBTC15M-26MAY282345-45,20-25c,yes,20,65.7,480,False,-35
KXBTC15M,KXBTC15M-26MAY282200-00,20-25c,yes,24,68.3,600,True,103.08
KXBTC15M,KXBTC15M-26MAY271930-30,10-14c,yes,10,64.3,420,False,-35
KXBTC15M,KXBTC15M-26MAY271530-30,20-25c,no,23,64.7,300,True,108.97
KXBTC15M,KXBTC15M-26MAY270145-45,20-25c,no,24,65.0,420,True,103.08
KXETH15M,KXETH15M-26JUN081900-00,20-25c,no,23,60.3,600,False,-35
KXETH15M,KXETH15M-26JUN080745-45,20-25c,no,25,63.0,480,False,-35
KXETH15M,KXETH15M-26JUN080230-30,20-25c,no,20,65.0,660,False,-35
KXETH15M,KXETH15M-26JUN072315-15,10-14c,no,13,65.3,300,False,-35
KXETH15M,KXETH15M-26JUN070745-45,15-19c,no,16,60.3,480,False,-35
KXETH15M,KXETH15M-26JUN070715-15,20-25c,no,21,64.0,300,False,-35
KXETH15M,KXETH15M-26JUN070445-45,20-25c,no,24,62.7,480,False,-35
KXETH15M,KXETH15M-26JUN062015-15,20-25c,yes,20,61.3,480,False,-35
KXETH15M,KXETH15M-26JUN061830-30,15-19c,yes,17,68.7,300,False,-35
KXETH15M,KXETH15M-26JUN061815-15,20-25c,yes,22,60.3,660,False,-35
KXETH15M,KXETH15M-26JUN061745-45,20-25c,yes,24,61.3,300,False,-35
KXETH15M,KXETH15M-26JUN060630-30,20-25c,no,25,65.7,420,False,-35
KXETH15M,KXETH15M-26JUN060415-15,20-25c,no,24,61.3,300,False,-35
KXETH15M,KXETH15M-26JUN051615-15,10-14c,no,11,72.0,300,False,-35
KXETH15M,KXETH15M-26JUN051445-45,15-19c,no,18,64.0,300,True,148.28
KXETH15M,KXETH15M-26JUN050945-45,20-25c,yes,25,68.0,360,False,-35
KXETH15M,KXETH15M-26JUN050100-00,20-25c,no,25,60.3,480,False,-35
KXETH15M,KXETH15M-26JUN050015-15,15-19c,no,18,78.3,420,True,148.28
KXETH15M,KXETH15M-26JUN042130-30,10-14c,yes,14,63.7,420,False,-35
KXETH15M,KXETH15M-26JUN042045-45,20-25c,no,22,67.0,300,True,115.4
KXETH15M,KXETH15M-26JUN042030-30,20-25c,no,21,65.0,540,False,-35
KXETH15M,KXETH15M-26JUN040715-15,20-25c,yes,25,60.0,300,False,-35
KXETH15M,KXETH15M-26JUN032045-45,20-25c,yes,25,69.0,360,True,97.65
KXETH15M,KXETH15M-26JUN031845-45,15-19c,yes,17,67.0,420,True,158.92
KXETH15M,KXETH15M-26JUN030845-45,20-25c,yes,21,78.0,360,False,-35
KXETH15M,KXETH15M-26JUN030845-45,15-19c,yes,18,61.0,300,False,-35
KXETH15M,KXETH15M-26JUN030000-00,20-25c,no,24,82.7,420,False,-35
KXETH15M,KXETH15M-26JUN022230-30,10-14c,yes,11,60.7,480,False,-35
KXETH15M,KXETH15M-26JUN021830-30, 5-9c,no,7,65.3,420,False,-35
KXETH15M,KXETH15M-26JUN021715-15,20-25c,no,20,64.3,540,True,130.2
KXETH15M,KXETH15M-26JUN020815-15,20-25c,yes,23,66.7,540,False,-35
KXETH15M,KXETH15M-26JUN020600-00,15-19c,no,19,67.7,660,False,-35
KXETH15M,KXETH15M-26JUN020300-00,10-14c,yes,14,62.0,360,False,-35
KXETH15M,KXETH15M-26JUN012330-30,20-25c,yes,21,60.7,540,True,122.45
KXETH15M,KXETH15M-26JUN012045-45,10-14c,yes,12,64.3,300,False,-35
KXETH15M,KXETH15M-26JUN010930-30,20-25c,yes,23,65.7,300,True,108.97
KXETH15M,KXETH15M-26JUN010445-45,15-19c,no,19,69.3,660,False,-35
KXETH15M,KXETH15M-26MAY311530-30, 5-9c,yes,6,62.0,300,False,-35
KXETH15M,KXETH15M-26MAY310915-15,20-25c,no,25,63.3,360,False,-35
KXETH15M,KXETH15M-26MAY302300-00,20-25c,no,24,63.3,420,False,-35
KXETH15M,KXETH15M-26MAY302045-45,20-25c,yes,22,60.3,420,False,-35
KXETH15M,KXETH15M-26MAY301430-30,20-25c,yes,24,60.0,300,False,-35
KXETH15M,KXETH15M-26MAY300230-30,15-19c,no,19,68.7,540,False,-35
KXETH15M,KXETH15M-26MAY300115-15, 5-9c,no,9,74.7,540,False,-35
KXETH15M,KXETH15M-26MAY292045-45,20-25c,no,21,60.3,360,False,-35
KXETH15M,KXETH15M-26MAY292015-15,20-25c,no,21,68.7,360,False,-35
KXETH15M,KXETH15M-26MAY291900-00,20-25c,yes,21,62.7,540,True,122.45
KXETH15M,KXETH15M-26MAY290945-45,15-19c,no,16,75.7,420,False,-35
KXETH15M,KXETH15M-26MAY290645-45,15-19c,no,16,63.0,480,True,170.89
KXETH15M,KXETH15M-26MAY290600-00,20-25c,yes,25,62.7,600,True,97.65
KXETH15M,KXETH15M-26MAY290015-15,15-19c,yes,17,66.0,420,False,-35
KXETH15M,KXETH15M-26MAY282300-00,15-19c,yes,15,62.0,300,False,-35
KXETH15M,KXETH15M-26MAY282200-00,15-19c,yes,15,64.3,600,False,-35
KXETH15M,KXETH15M-26MAY282200-00,20-25c,no,23,87.0,300,True,108.97
KXETH15M,KXETH15M-26MAY281600-00,10-14c,yes,11,62.3,360,False,-35
KXETH15M,KXETH15M-26MAY272245-45,20-25c,no,21,64.0,300,False,-35
KXETH15M,KXETH15M-26MAY271930-30,10-14c,yes,11,63.0,420,False,-35
KXETH15M,KXETH15M-26MAY271530-30,20-25c,no,25,63.7,300,False,-35
KXSOL15M,KXSOL15M-26JUN082030-30,20-25c,yes,24,61.7,480,False,-35
KXSOL15M,KXSOL15M-26JUN081830-30,20-25c,no,23,63.0,420,False,-35
KXSOL15M,KXSOL15M-26JUN081545-45,15-19c,yes,19,60.3,300,False,-35
KXSOL15M,KXSOL15M-26JUN080230-30,20-25c,no,23,60.7,660,False,-35
KXSOL15M,KXSOL15M-26JUN070445-45,10-14c,no,11,60.0,480,False,-35
KXSOL15M,KXSOL15M-26JUN070130-30,20-25c,no,24,63.0,660,True,103.08
KXSOL15M,KXSOL15M-26JUN060245-45,20-25c,yes,24,67.3,300,False,-35
KXSOL15M,KXSOL15M-26JUN060230-30,20-25c,no,22,61.7,480,False,-35
KXSOL15M,KXSOL15M-26JUN060030-30,10-14c,yes,14,74.7,600,False,-35
KXSOL15M,KXSOL15M-26JUN051745-45,20-25c,no,22,63.7,480,False,-35
KXSOL15M,KXSOL15M-26JUN051615-15,10-14c,no,14,78.3,300,False,-35
KXSOL15M,KXSOL15M-26JUN051530-30,20-25c,no,25,75.0,540,False,-35
KXSOL15M,KXSOL15M-26JUN050645-45,20-25c,yes,24,68.0,480,False,-35
KXSOL15M,KXSOL15M-26JUN050215-15,20-25c,no,25,73.3,480,True,97.65
KXSOL15M,KXSOL15M-26JUN050015-15,10-14c,no,13,74.3,480,False,-35
KXSOL15M,KXSOL15M-26JUN042130-30,20-25c,yes,22,72.0,420,True,115.4
KXSOL15M,KXSOL15M-26JUN042000-00,15-19c,no,18,64.3,540,False,-35
KXSOL15M,KXSOL15M-26JUN040715-15,20-25c,yes,21,62.0,420,False,-35
KXSOL15M,KXSOL15M-26JUN032115-15,15-19c,yes,15,65.7,300,False,-35
KXSOL15M,KXSOL15M-26JUN032045-45,20-25c,yes,21,70.7,420,True,122.45
KXSOL15M,KXSOL15M-26JUN030930-30,15-19c,yes,17,61.7,360,False,-35
KXSOL15M,KXSOL15M-26JUN030845-45,15-19c,yes,18,67.0,360,False,-35
KXSOL15M,KXSOL15M-26JUN030215-15,20-25c,no,24,61.0,480,False,-35
KXSOL15M,KXSOL15M-26JUN030100-00,20-25c,yes,21,67.7,360,True,122.45
KXSOL15M,KXSOL15M-26JUN022230-30,10-14c,yes,12,64.0,480,False,-35
KXSOL15M,KXSOL15M-26JUN021830-30,10-14c,no,11,67.3,360,False,-35
KXSOL15M,KXSOL15M-26JUN020815-15,20-25c,yes,24,63.3,540,False,-35
KXSOL15M,KXSOL15M-26JUN020530-30,15-19c,yes,17,62.0,480,False,-35
KXSOL15M,KXSOL15M-26JUN012330-30,15-19c,no,15,60.0,360,False,-35
KXSOL15M,KXSOL15M-26JUN010445-45,20-25c,no,21,70.0,660,False,-35
KXSOL15M,KXSOL15M-26JUN010000-00,20-25c,yes,20,61.3,360,False,-35
KXSOL15M,KXSOL15M-26MAY312245-45,20-25c,no,21,69.3,300,False,-35
KXSOL15M,KXSOL15M-26MAY312100-00,20-25c,yes,24,60.7,300,False,-35
KXSOL15M,KXSOL15M-26MAY311815-15,15-19c,yes,18,62.7,660,True,148.28
KXSOL15M,KXSOL15M-26MAY302045-45,20-25c,yes,24,65.0,420,False,-35
KXSOL15M,KXSOL15M-26MAY301845-45,10-14c,yes,10,62.7,360,False,-35
KXSOL15M,KXSOL15M-26MAY300115-15,10-14c,no,10,68.0,540,False,-35
KXSOL15M,KXSOL15M-26MAY290945-45,15-19c,no,18,65.3,420,False,-35
KXSOL15M,KXSOL15M-26MAY290745-45,15-19c,yes,18,61.3,480,False,-35
KXSOL15M,KXSOL15M-26MAY281030-30,20-25c,yes,25,75.7,360,True,97.65
KXSOL15M,KXSOL15M-26MAY280915-15,10-14c,yes,14,64.7,420,False,-35
KXSOL15M,KXSOL15M-26MAY280515-15,20-25c,yes,23,63.0,360,False,-35
KXSOL15M,KXSOL15M-26MAY272200-00,20-25c,yes,25,62.3,420,False,-35
KXSOL15M,KXSOL15M-26MAY271445-45,20-25c,no,25,62.7,300,False,-35
KXSOL15M,KXSOL15M-26MAY271030-30,20-25c,yes,21,69.3,540,False,-35
KXSOL15M,KXSOL15M-26MAY260745-45,20-25c,yes,24,66.3,540,False,-35
KXSOL15M,KXSOL15M-26MAY260730-30,20-25c,yes,25,72.0,540,False,-35
KXDOGE15M,KXDOGE15M-26JUN082030-30,20-25c,yes,22,64.0,480,False,-35
KXDOGE15M,KXDOGE15M-26JUN080545-45,15-19c,no,16,81.3,480,False,-35
KXDOGE15M,KXDOGE15M-26JUN080545-45,20-25c,no,23,64.7,420,False,-35
KXDOGE15M,KXDOGE15M-26JUN070445-45,20-25c,no,24,63.0,480,False,-35
KXDOGE15M,KXDOGE15M-26JUN061515-15,10-14c,no,11,74.0,480,False,-35
KXDOGE15M,KXDOGE15M-26JUN060930-30,20-25c,no,23,66.7,480,True,108.97
KXDOGE15M,KXDOGE15M-26JUN060015-15,10-14c,yes,14,63.3,540,False,-35
KXDOGE15M,KXDOGE15M-26JUN051615-15,15-19c,no,16,84.3,300,False,-35
KXDOGE15M,KXDOGE15M-26JUN042100-00,15-19c,yes,15,60.0,420,False,-35
KXDOGE15M,KXDOGE15M-26JUN042030-30,15-19c,no,18,70.7,540,False,-35
KXDOGE15M,KXDOGE15M-26JUN042000-00,15-19c,no,18,61.0,540,False,-35
KXDOGE15M,KXDOGE15M-26JUN031600-00, 5-9c,yes,7,65.0,540,False,-35
KXDOGE15M,KXDOGE15M-26JUN031045-45,20-25c,no,20,63.0,480,False,-35
KXDOGE15M,KXDOGE15M-26JUN030000-00,15-19c,no,16,64.3,420,False,-35
KXDOGE15M,KXDOGE15M-26JUN021830-30,20-25c,no,20,73.7,360,False,-35
KXDOGE15M,KXDOGE15M-26JUN020530-30,20-25c,yes,23,65.0,480,False,-35
KXDOGE15M,KXDOGE15M-26JUN010815-15,20-25c,yes,22,73.0,360,False,-35
KXDOGE15M,KXDOGE15M-26JUN010715-15,15-19c,no,15,61.7,300,True,184.45
KXDOGE15M,KXDOGE15M-26JUN010445-45,20-25c,no,23,72.3,660,False,-35
KXDOGE15M,KXDOGE15M-26MAY312245-45,20-25c,no,22,66.7,300,False,-35
KXDOGE15M,KXDOGE15M-26MAY311815-15,20-25c,yes,21,76.0,660,True,122.45
KXDOGE15M,KXDOGE15M-26MAY310945-45,10-14c,yes,11,65.0,360,False,-35
KXDOGE15M,KXDOGE15M-26MAY310330-30,15-19c,yes,17,60.7,360,False,-35
KXDOGE15M,KXDOGE15M-26MAY310145-45,20-25c,yes,22,61.0,360,False,-35
KXDOGE15M,KXDOGE15M-26MAY310015-15,20-25c,yes,23,60.3,420,False,-35
KXDOGE15M,KXDOGE15M-26MAY301915-15,20-25c,yes,25,60.0,360,False,-35
KXDOGE15M,KXDOGE15M-26MAY300515-15,20-25c,no,24,73.7,360,False,-35
KXDOGE15M,KXDOGE15M-26MAY290945-45,15-19c,no,18,75.7,420,False,-35
KXDOGE15M,KXDOGE15M-26MAY282200-00,15-19c,no,18,72.0,300,False,-35
KXDOGE15M,KXDOGE15M-26MAY271530-30,15-19c,no,16,61.3,300,False,-35
KXDOGE15M,KXDOGE15M-26MAY260815-15,20-25c,yes,21,79.7,420,True,122.45
KXDOGE15M,KXDOGE15M-26MAY260115-15,20-25c,no,20,60.7,360,False,-35
KXDOGE15M,KXDOGE15M-26MAY260030-30, 5-9c,no,7,61.0,300,False,-35
KXBNB15M,KXBNB15M-26JUN081615-15,10-14c,yes,11,75.3,300,False,-35
KXBNB15M,KXBNB15M-26JUN081515-15,20-25c,yes,21,60.7,300,False,-35
KXBNB15M,KXBNB15M-26JUN080015-15,15-19c,yes,15,65.0,660,False,-35
KXBNB15M,KXBNB15M-26JUN072130-30,10-14c,yes,14,72.0,300,False,-35
KXBNB15M,KXBNB15M-26JUN072045-45,20-25c,no,24,61.0,480,False,-35
KXBNB15M,KXBNB15M-26JUN062115-15, 5-9c,no,9,60.7,660,False,-35
KXBNB15M,KXBNB15M-26JUN061515-15,15-19c,no,16,77.0,480,False,-35
KXBNB15M,KXBNB15M-26JUN061030-30,20-25c,yes,21,66.7,360,False,-35
KXBNB15M,KXBNB15M-26JUN060015-15,15-19c,yes,17,78.3,540,False,-35
KXBNB15M,KXBNB15M-26JUN052045-45,20-25c,yes,25,60.7,540,False,-35
KXBNB15M,KXBNB15M-26JUN051615-15, 5-9c,no,7,69.7,300,False,-35
KXBNB15M,KXBNB15M-26JUN050100-00,10-14c,no,13,77.0,540,False,-35
KXBNB15M,KXBNB15M-26JUN050015-15,20-25c,no,21,70.0,480,False,-35
KXBNB15M,KXBNB15M-26JUN042130-30,20-25c,yes,20,66.7,420,True,130.2
KXBNB15M,KXBNB15M-26JUN042045-45,20-25c,no,22,72.3,300,True,115.4
KXBNB15M,KXBNB15M-26JUN042000-00,15-19c,no,18,72.3,540,False,-35
KXBNB15M,KXBNB15M-26JUN041045-45,20-25c,yes,22,62.3,480,True,115.4
KXBNB15M,KXBNB15M-26JUN031515-15,15-19c,yes,16,69.0,300,False,-35
KXBNB15M,KXBNB15M-26JUN030700-00,20-25c,yes,22,68.3,420,False,-35
KXBNB15M,KXBNB15M-26JUN030600-00,20-25c,no,21,76.7,540,False,-35
KXBNB15M,KXBNB15M-26JUN021830-30,20-25c,no,25,73.0,360,False,-35
KXBNB15M,KXBNB15M-26JUN021015-15,15-19c,yes,19,62.7,300,True,138.77
KXBNB15M,KXBNB15M-26JUN020645-45,15-19c,no,19,64.3,300,True,138.77
KXBNB15M,KXBNB15M-26JUN020215-15,20-25c,yes,21,60.7,420,False,-35
KXBNB15M,KXBNB15M-26JUN020030-30,10-14c,yes,11,69.7,480,False,-35
KXBNB15M,KXBNB15M-26JUN010615-15,20-25c,yes,22,75.7,660,False,-35
KXBNB15M,KXBNB15M-26JUN010015-15,20-25c,yes,25,67.3,660,False,-35
KXBNB15M,KXBNB15M-26MAY302130-30,15-19c,no,15,70.3,360,False,-35
KXBNB15M,KXBNB15M-26MAY301845-45,20-25c,yes,21,68.3,360,False,-35
KXBNB15M,KXBNB15M-26MAY292045-45,15-19c,no,15,63.7,420,False,-35
KXBNB15M,KXBNB15M-26MAY290945-45,10-14c,no,14,73.3,420,False,-35
KXBNB15M,KXBNB15M-26MAY290015-15,20-25c,yes,20,66.0,420,False,-35
KXBNB15M,KXBNB15M-26MAY282200-00,15-19c,yes,19,63.0,600,True,138.77
KXBNB15M,KXBNB15M-26MAY280515-15,20-25c,yes,23,68.7,600,False,-35
KXBNB15M,KXBNB15M-26MAY271930-30,15-19c,yes,16,61.3,420,False,-35
KXXRP15M,KXXRP15M-26JUN081745-45,20-25c,yes,24,66.0,360,False,-35
KXXRP15M,KXXRP15M-26JUN080645-45, 5-9c,no,7,64.0,600,False,-35
KXXRP15M,KXXRP15M-26JUN071500-00,20-25c,yes,23,62.7,600,False,-35
KXXRP15M,KXXRP15M-26JUN062315-15,20-25c,no,25,62.3,480,False,-35
KXXRP15M,KXXRP15M-26JUN061515-15,15-19c,no,15,60.7,480,False,-35
KXXRP15M,KXXRP15M-26JUN060030-30,20-25c,yes,24,70.0,600,False,-35
KXXRP15M,KXXRP15M-26JUN051830-30,15-19c,yes,18,73.0,300,False,-35
KXXRP15M,KXXRP15M-26JUN051615-15,20-25c,no,21,80.0,300,False,-35
KXXRP15M,KXXRP15M-26JUN051445-45,10-14c,no,12,62.0,300,True,238.7
KXXRP15M,KXXRP15M-26JUN050945-45,20-25c,yes,22,60.3,360,False,-35
KXXRP15M,KXXRP15M-26JUN050815-15,20-25c,no,23,94.7,480,True,108.97
KXXRP15M,KXXRP15M-26JUN050800-00,15-19c,yes,19,68.3,300,False,-35
KXXRP15M,KXXRP15M-26JUN050215-15,20-25c,no,24,67.3,480,True,103.08
KXXRP15M,KXXRP15M-26JUN042130-30,20-25c,yes,23,70.7,420,True,108.97
KXXRP15M,KXXRP15M-26JUN042100-00,15-19c,yes,18,60.7,420,False,-35
KXXRP15M,KXXRP15M-26JUN042030-30,20-25c,no,22,71.0,540,False,-35
KXXRP15M,KXXRP15M-26JUN042000-00,20-25c,no,24,72.0,540,False,-35
KXXRP15M,KXXRP15M-26JUN041815-15,20-25c,yes,24,62.7,540,False,-35
KXXRP15M,KXXRP15M-26JUN040815-15,20-25c,yes,21,62.7,360,False,-35
KXXRP15M,KXXRP15M-26JUN040015-15,20-25c,no,24,60.3,360,False,-35
KXXRP15M,KXXRP15M-26JUN032045-45,20-25c,yes,21,76.7,420,True,122.45
KXXRP15M,KXXRP15M-26JUN030915-15,20-25c,yes,20,61.3,600,False,-35
KXXRP15M,KXXRP15M-26JUN030515-15,20-25c,no,25,61.3,300,True,97.65
KXXRP15M,KXXRP15M-26JUN030100-00,15-19c,yes,16,71.3,360,True,170.89
KXXRP15M,KXXRP15M-26JUN030000-00,20-25c,no,22,76.7,300,True,115.4
KXXRP15M,KXXRP15M-26JUN022245-45,20-25c,no,20,61.0,480,False,-35
KXXRP15M,KXXRP15M-26JUN022230-30,20-25c,yes,24,71.0,480,False,-35
KXXRP15M,KXXRP15M-26JUN021830-30,10-14c,no,13,67.7,360,False,-35
KXXRP15M,KXXRP15M-26JUN012315-15,15-19c,no,18,60.0,540,False,-35
KXXRP15M,KXXRP15M-26JUN011700-00,20-25c,yes,22,70.7,300,False,-35
KXXRP15M,KXXRP15M-26JUN010815-15,10-14c,yes,12,64.3,360,False,-35
KXXRP15M,KXXRP15M-26JUN010615-15,20-25c,no,25,66.0,360,True,97.65
KXXRP15M,KXXRP15M-26MAY311815-15,20-25c,yes,24,72.0,660,True,103.08
KXXRP15M,KXXRP15M-26MAY310330-30, 5-9c,yes,5,65.3,360,False,-35
KXXRP15M,KXXRP15M-26MAY301745-45,15-19c,no,15,73.7,300,False,-35
KXXRP15M,KXXRP15M-26MAY300630-30,15-19c,yes,15,60.3,540,False,-35
KXXRP15M,KXXRP15M-26MAY292315-15,20-25c,no,24,61.3,360,False,-35
KXXRP15M,KXXRP15M-26MAY292300-00,20-25c,no,22,60.7,300,False,-35
KXXRP15M,KXXRP15M-26MAY292200-00,20-25c,yes,25,60.0,420,False,-35
KXXRP15M,KXXRP15M-26MAY290745-45,20-25c,yes,22,65.0,480,False,-35
KXXRP15M,KXXRP15M-26MAY282300-00,20-25c,yes,24,66.7,420,False,-35
KXXRP15M,KXXRP15M-26MAY282200-00,15-19c,no,18,70.7,300,False,-35
KXXRP15M,KXXRP15M-26MAY282100-00,20-25c,yes,23,67.3,360,False,-35
KXXRP15M,KXXRP15M-26MAY280715-15,15-19c,yes,18,63.7,360,True,148.28
KXXRP15M,KXXRP15M-26MAY271930-30,10-14c,yes,12,61.3,420,False,-35
KXXRP15M,KXXRP15M-26MAY261445-45,15-19c,yes,19,60.7,480,False,-35
KXXRP15M,KXXRP15M-26MAY260115-15,20-25c,no,20,67.0,360,False,-35
KXHYPE15M,KXHYPE15M-26JUN082315-15,20-25c,no,22,61.7,480,False,-35
KXHYPE15M,KXHYPE15M-26JUN082145-45,20-25c,yes,21,82.3,360,True,122.45
KXHYPE15M,KXHYPE15M-26JUN082130-30,20-25c,no,23,65.7,420,False,-35
KXHYPE15M,KXHYPE15M-26JUN072345-45,20-25c,yes,25,61.3,360,False,-35
KXHYPE15M,KXHYPE15M-26JUN072300-00,15-19c,no,18,64.3,540,False,-35
KXHYPE15M,KXHYPE15M-26JUN061515-15,15-19c,no,17,66.0,480,True,158.92
KXHYPE15M,KXHYPE15M-26JUN061415-15,15-19c,yes,16,66.0,420,False,-35
KXHYPE15M,KXHYPE15M-26JUN061030-30,20-25c,yes,20,67.0,360,False,-35
KXHYPE15M,KXHYPE15M-26JUN060515-15,20-25c,no,25,66.7,360,False,-35
KXHYPE15M,KXHYPE15M-26JUN060015-15,20-25c,yes,22,64.7,540,False,-35
KXHYPE15M,KXHYPE15M-26JUN051615-15,20-25c,no,23,69.0,360,False,-35
KXHYPE15M,KXHYPE15M-26JUN051445-45,20-25c,no,23,64.7,300,True,108.97
KXHYPE15M,KXHYPE15M-26JUN050900-00,20-25c,no,23,73.3,420,False,-35
KXHYPE15M,KXHYPE15M-26JUN050815-15,10-14c,no,12,75.0,480,False,-35
KXHYPE15M,KXHYPE15M-26JUN050700-00,20-25c,no,23,60.7,300,False,-35
KXHYPE15M,KXHYPE15M-26JUN050645-45,15-19c,yes,17,60.0,420,True,158.92
KXHYPE15M,KXHYPE15M-26JUN050230-30,15-19c,no,17,60.3,300,False,-35
KXHYPE15M,KXHYPE15M-26JUN042115-15,20-25c,no,23,61.3,300,False,-35
KXHYPE15M,KXHYPE15M-26JUN042030-30,20-25c,no,20,62.7,300,False,-35
KXHYPE15M,KXHYPE15M-26JUN040745-45,20-25c,yes,20,61.0,420,True,130.2
KXHYPE15M,KXHYPE15M-26JUN040600-00,20-25c,yes,21,74.0,660,True,122.45
KXHYPE15M,KXHYPE15M-26JUN040000-00,15-19c,no,19,61.7,600,False,-35
KXHYPE15M,KXHYPE15M-26JUN032030-30,20-25c,yes,24,69.3,360,False,-35
KXHYPE15M,KXHYPE15M-26JUN031445-45,15-19c,no,17,69.0,420,False,-35
KXHYPE15M,KXHYPE15M-26JUN022230-30,20-25c,yes,24,79.3,360,True,103.08
KXHYPE15M,KXHYPE15M-26JUN022115-15,20-25c,yes,21,65.0,420,False,-35
KXHYPE15M,KXHYPE15M-26JUN021615-15,15-19c,no,16,66.7,540,False,-35
KXHYPE15M,KXHYPE15M-26JUN020745-45,20-25c,no,23,68.3,360,False,-35
KXHYPE15M,KXHYPE15M-26JUN012100-00,20-25c,yes,22,73.3,480,False,-35
KXHYPE15M,KXHYPE15M-26JUN011015-15,15-19c,yes,17,63.7,480,False,-35
KXHYPE15M,KXHYPE15M-26JUN010815-15,15-19c,yes,16,60.7,300,False,-35
KXHYPE15M,KXHYPE15M-26MAY312200-00,20-25c,yes,24,69.0,420,False,-35
KXHYPE15M,KXHYPE15M-26MAY312015-15,20-25c,yes,22,60.7,360,True,115.4
KXHYPE15M,KXHYPE15M-26MAY311915-15,20-25c,yes,25,65.0,420,False,-35
KXHYPE15M,KXHYPE15M-26MAY311715-15,10-14c,no,11,64.0,360,False,-35
KXHYPE15M,KXHYPE15M-26MAY311015-15,20-25c,no,25,62.3,540,False,-35
KXHYPE15M,KXHYPE15M-26MAY311000-00,15-19c,yes,19,63.0,420,False,-35
KXHYPE15M,KXHYPE15M-26MAY302145-45,20-25c,yes,25,66.3,360,False,-35
KXHYPE15M,KXHYPE15M-26MAY301015-15,20-25c,yes,20,67.7,420,False,-35
KXHYPE15M,KXHYPE15M-26MAY301000-00,20-25c,yes,24,67.3,360,True,103.08
KXHYPE15M,KXHYPE15M-26MAY300930-30,20-25c,no,23,71.3,420,True,108.97
KXHYPE15M,KXHYPE15M-26MAY300115-15,15-19c,no,19,65.7,540,False,-35
KXHYPE15M,KXHYPE15M-26MAY291915-15,20-25c,no,24,62.3,540,True,103.08
KXHYPE15M,KXHYPE15M-26MAY291830-30,20-25c,yes,25,81.7,300,False,-35
KXHYPE15M,KXHYPE15M-26MAY291015-15,10-14c,yes,11,65.0,420,True,263.36
KXHYPE15M,KXHYPE15M-26MAY290815-15,20-25c,yes,25,71.3,540,False,-35
KXHYPE15M,KXHYPE15M-26MAY290645-45,20-25c,no,25,62.3,540,False,-35
KXHYPE15M,KXHYPE15M-26MAY290515-15,20-25c,no,25,76.7,360,False,-35
KXHYPE15M,KXHYPE15M-26MAY290000-00,10-14c,yes,13,61.7,420,False,-35
KXHYPE15M,KXHYPE15M-26MAY282300-00,20-25c,yes,20,67.0,300,False,-35
KXHYPE15M,KXHYPE15M-26MAY281930-30,15-19c,yes,17,74.0,540,False,-35
KXHYPE15M,KXHYPE15M-26MAY281630-30,20-25c,no,22,61.3,600,False,-35
KXHYPE15M,KXHYPE15M-26MAY281015-15,20-25c,no,22,67.7,300,False,-35
KXHYPE15M,KXHYPE15M-26MAY271615-15,20-25c,no,23,60.0,480,False,-35
KXHYPE15M,KXHYPE15M-26MAY270815-15,10-14c,no,10,63.3,300,False,-35
KXHYPE15M,KXHYPE15M-26MAY270200-00, 5-9c,no,9,70.0,300,False,-35
KXHYPE15M,KXHYPE15M-26MAY270045-45,20-25c,no,22,60.0,300,False,-35
KXHYPE15M,KXHYPE15M-26MAY261400-00,20-25c,no,20,65.7,600,False,-35
KXHYPE15M,KXHYPE15M-26MAY260815-15,15-19c,yes,15,74.7,420,False,-35
